institution_name,institution_type,province,city,street,postal_code,phone,email,website,program_categories,is_public,directory_id,created_at,source
Derek Brown'S Academy Of Driving,training_provider,AB,Calgary,1809 42nd Street SE,T2B 1G1,(403) 272-4246,,http://www.bestcalgarydrivingschool.com/,"Education, Healthcare, IT, Logistics",True,88d93afc-df60-4788-8af8-10b4438a25f3,2026-01-10T13:15:04.237784+00:00,excel_import
E-Sport Physiotherapy,training_provider,AB,Black Diamond,21 Valley Ridge Place,T0L 0H0,(403) 652-6341,,http://esportphysio.ca/,"Education, Healthcare, IT",True,0330c04f-7655-41ed-a7f1-3b21b23aef7a,2026-01-10T13:15:04.238563+00:00,excel_import
Moga Driving School,training_provider,AB,Calgary,501  4656 Westwinds Dr. NE,T3J 3Z5,(403) 234-7872,,http://www.mogadrivingschool.ca/,,True,c2b49aea-152e-446c-9c59-ef604ff0bf59,2026-01-10T13:15:04.239306+00:00,excel_import
Inrat Exam Prep,training_provider,AB,Calgary,1440 52 Street NE #240,T2A 4T8,(888) 665-8803,info@rtdlearning.com,https://www.rtdlearning.com/,"Education, Community, IT",True,fe7fddec-d8e8-4ced-9320-83387deb6912,2026-01-10T13:15:04.240047+00:00,excel_import
Clarkridge Career Institute,training_provider,AB,Edmonton,3530 78 Ave NW,T6B 2X9,(888) 700-7555,,http://claccareercollege.ca/,,True,3b7cc6cb-fa9b-4fc2-8aea-31ff872d536d,2026-01-10T13:15:04.240597+00:00,excel_import
Chinook Driving Academy,training_provider,AB,Calgary,16-4620 Manilla Road SE,T2G 4B7,(403) 281-8050,chinookdriving@gmail.com,http://www.chinookdrivingacademy.com/,"Education, Healthcare, Business, IT, Logistics, Environment",True,05ecfeb3-4a49-4762-8233-ccb4a7a58dc2,2026-01-10T13:15:04.241117+00:00,excel_import
Ab Road Safe,training_provider,AB,Sturgeon County,26526 TWP RD 543,T8T 1M2,(780) 668-9799,,http://www.abroadsafe.com/,"Education, IT, Logistics",True,25e751c7-5263-4917-ba38-66d7daaed9f9,2026-01-10T13:15:04.241597+00:00,excel_import
Alberta College Of Aeronautics,college,AB,Sherwood Park,70-51401 Range Road 221,T8E 1H1,(780) 922-2802,,https://www.acaeronautics.com/,"Education, IT, Logistics",True,9ef0c77d-a462-4c50-92fc-5c2d3e3e26f0,2026-01-10T13:15:04.242201+00:00,excel_import
Saddle Lake Driver Education,training_provider,AB,Saddle Lake,1407 50 Street,T0A 3T0,(587) 252-1407,,http://sldrivereducation.com/,"Education, IT, Logistics",True,9e520f46-4d71-4040-9bb1-104bd25a8263,2026-01-10T13:15:04.242784+00:00,excel_import
Drive Ab,training_provider,AB,Cochrane,7 Cochrane Lake Trail,T4C 2A8,(403) 851-6888,info@cochranedrivingacademy.com,http://www.cochranedrivingacademy.com/,"Education, IT",True,bcd85801-9045-471c-be61-2238fbed4b3c,2026-01-10T13:15:04.243417+00:00,excel_import
High Level Dental Clinic,training_provider,AB,High Level,10325 Bonaventure Dr SE #104,T0H 1Z0,(780) 926-2777,,http://highleveldentalclinic.com/,"Education, Healthcare, IT, Dental",True,6eafc55e-2c6b-4aa7-9fd7-a9b611b2de64,2026-01-10T13:15:04.244034+00:00,excel_import
High Level Dental Clinic,training_provider,AB,High Level,10325 Bonaventure Dr SE #104,T0H 1Z0,(780) 926-2777,,http://highleveldentalclinic.com/,"Education, Healthcare, IT, Dental",True,cf1a7649-afee-4702-8ee5-18da40f9cbc3,2026-01-10T13:15:04.245205+00:00,excel_import
High Level Dental Clinic,training_provider,AB,High Level,9818 100th ave,T0H 1Z0,(780) 926-2777,,http://highleveldentalclinic.com/,"Education, Healthcare, IT, Dental",True,5e990637-0f62-4ca8-8acb-346d5a4275d7,2026-01-10T13:15:04.245874+00:00,excel_import
Arthur Murray Dance Studio - Edmonton,training_provider,AB,Edmonton,10707 178 Street NW,T5S 1J6,(587) 855-0043,,https://dancetonight.ca/,"Education, Arts",True,51ed1045-cb59-48d8-a6c2-85ee47925041,2026-01-10T13:15:04.246422+00:00,excel_import
Airdrie Driving School,training_provider,AB,Airdrie,2127 Luxstone Blvd SW,T4B 0C6,(403) 948-2120,glen@airdriedrivingschool.com,https://www.airdriedrivingschool.com/,"Education, Healthcare, IT, Childcare, Beauty, Logistics",True,ddd6cd9f-0915-4b98-9b15-15ad19ad5948,2026-01-10T13:15:04.246941+00:00,excel_import
Yogadotcalm,training_provider,AB,Calgary,380 Canyon Meadows Drive SE Unit 3217,T2J 7C3,(403) 225-2267,,http://www.yogadotcalm.com/,"Education, IT",True,8b7c50ba-5b0c-44e4-a7fd-398398abdd2d,2026-01-10T13:15:04.247415+00:00,excel_import
A Nail Above The Rest Education Facility,training_provider,AB,High River,1116  High View Point NW,T1V 1N9,(403) 782-7251,,https://www.anailabovetherest.ca/,"Education, IT, Beauty",True,98a873ec-2ab8-4036-b139-9f7c0c577167,2026-01-10T13:15:04.247911+00:00,excel_import
A-1 Medical Training,training_provider,AB,Edmonton,11727 Kingsway Avenue NW,T5G 3A1,(780) 213-8999,,http://www.academyhcs.ca/,"Education, Healthcare, IT, Arts",True,3669b823-9a4d-49b4-a743-3fd01d89d791,2026-01-10T13:15:04.248376+00:00,excel_import
Aaa Point Driving School Ltd.,training_provider,AB,Calgary,118-3770 Westwinds Drive NE,T3J 5H3,(403) 590-7444,,http://aaapds.ca/,"Education, IT, Logistics",True,e22a70c3-b449-4ace-b6ce-efd696ee5203,2026-01-10T13:15:04.248843+00:00,excel_import
Aboriginal Training Services Ltd.,training_provider,AB,Edmonton,14410-118 Avenue NW,T5L 2M5,(587) 524-0275,,http://abtraining.ca/,"Education, IT",True,1651ff15-75be-466c-9d09-5fbd1f9087b0,2026-01-10T13:15:04.249290+00:00,excel_import
Ad Truck Driving School,training_provider,AB,Edmonton,202 8746 50 Avenue NW,T6E 5K8,(780) 914-2873,infogp@thetruckdriving.com; info@thetruckdriving.com,https://thetruckdriving.com/,"Education, IT, Logistics",True,33868b7f-bb5b-49db-bd9a-3a353b260a35,2026-01-10T13:15:04.249739+00:00,excel_import
Advance Driving School Ltd,training_provider,AB,Fort Saskatchewan,10211- 100 Avenue,T8L 1Y7,(780) 660-4090,,https://www.advancedrivingschool.ca/,"Education, Healthcare, IT, Logistics, Arts",True,4d1142d5-ab98-4a3c-b6db-134ffe6badf8,2026-01-10T13:15:04.250202+00:00,excel_import
Advantage Tech Inc.,training_provider,AB,Calgary,421-7th Avenue SW,T2P 4K9,(403) 237-8855,,https://advantagetech.com/,"Education, IT",True,265a94dd-9ac9-46c2-8198-901348f2ce92,2026-01-10T13:15:04.250668+00:00,excel_import
Adventure Aviation Inc.,training_provider,AB,Grande Prairie,11021 123 Street,T8V 7Z3,(780) 539-6968,,http://www.adventureaviation.ca/,"Education, Healthcare, IT",True,8e8eb4fd-0fd1-4189-b1e3-15f2b217575f,2026-01-10T13:15:04.251115+00:00,excel_import
Aesthetise Inc.,training_provider,AB,Calgary,256 Promenade Way SE,T2Z 1E5,(403) 681-8123,info@aestheticatelier.ca,http://aestheticatelier.ca/,,True,265d8591-4347-4827-bd33-32d57ce77e07,2026-01-10T13:15:04.251647+00:00,excel_import
Ag Driving Education Inc.,training_provider,AB,Edmonton,3530 78 Ave NW,T6B 2X9,(780) 655-4933,agdriveredu@gmail.com; info@agdrivingedu.ca,http://agdrivingedu.ca/,"Education, Healthcare, Business, IT",True,8b020877-9666-4524-98a0-e2e62e6715a2,2026-01-10T13:15:04.252137+00:00,excel_import
Alberta Business & Health Institute,training_provider,AB,Red Deer,210-5009 50 Ave,T4N 4B2,(403) 986-9998,interationalprograms@abhinstitute.com; enroll@abhinstitute.com,http://www.abhinstitute.com/,"Education, Healthcare, Business, IT, Arts",True,c0d28ddf-ec5b-4ddc-b268-f4f1b8ca07f3,2026-01-10T13:15:04.252638+00:00,excel_import
Alberta College Of Acupuncture & Traditional Chinese Medicine Corp.,college,AB,Calgary,628 12 Avenue SW #300,T2R0H6,(403) 286-8788,admin@acatcm.com,https://www.acatcm.com/,"Education, Community, IT",True,f8c9ce1e-2d42-496c-bfd8-5f18d80344d7,2026-01-10T13:15:04.253116+00:00,excel_import
Alberta College Of Massage Therapy - Calgary,college,AB,Calgary,100-1167 Kensington Crescent NW,T2N 1X7,(877) 768-8400,,https://acmt.ca/,"Education, Healthcare, IT, Childcare, Beauty",True,8b164002-cfa7-4be9-a26d-73bd3c28a919,2026-01-10T13:15:04.253588+00:00,excel_import
Alberta College Of Massage Therapy - Fort Mcmurray,college,AB,FORT MCMURRAY,8115 Franklin Avenue,T5H 5N4,(877) 768-8400,,http://acmt.ca/,"Education, Healthcare, IT, Childcare, Beauty",True,ba23aeea-3175-4ea1-b4d6-ab2849997d1b,2026-01-10T13:15:04.254128+00:00,excel_import
Alberta College Of Massage Therapy - Grande Prairie,college,AB,Grande Prairie,11402-100 Street,T8V 2N5,(877) 768-8400,,http://acmt.ca/,"Education, Healthcare, IT, Childcare, Beauty",True,0bd41ca3-27fe-4f5d-9afc-6ae205290571,2026-01-10T13:15:04.254616+00:00,excel_import
Alberta College Of Massage Therapy - Lloydminster,college,AB,Lloydminster,5712-44 street,T9V 0B6,(877) 768-8400,,http://acmt.ca/,"Education, Healthcare, IT, Childcare, Beauty",True,7fd726a9-25be-47df-b672-2fb1658ca3ae,2026-01-10T13:15:04.255085+00:00,excel_import
Alberta Health & Safety Training Institute,training_provider,AB,Calgary,125-3510 29th Street NE,T1Y 7E5,(403) 670-5406,contact@ahasti.ca,http://www.ahasti.ca/,"Education, Healthcare, IT, Childcare",True,953e8b91-8f7c-4405-b26c-23f63609a0fb,2026-01-10T13:15:04.255599+00:00,excel_import
Alberta Massage Training,training_provider,AB,Calgary,100-1167 Kensington Crescent NW,T2N 1X7,(877) 768-8400,,https://acmt.ca/,"Education, Healthcare, IT, Childcare, Beauty",True,452589df-e8be-468a-b53a-176a1408e45b,2026-01-10T13:15:04.256058+00:00,excel_import
Alberta Mortgage Brokers Association,training_provider,AB,Calgary,310 7326 10 Street NE,T2E 8W1,(587) 774-9828,,http://www.amba.ca/,"Education, IT, Real Estate",True,95c2f7f5-03da-4643-9907-ae04eb15104a,2026-01-10T13:15:04.256686+00:00,excel_import
Ama South Centre,training_provider,AB,Edmonton,10310 G.A. MacDonald Avenue NW,T6J 6R7,(780) 430-5555,,https://ama.ab.ca/centres/edmonton-south?utm_source=gmb-listing&utm_medium=organic,,True,7fae45c8-3002-45bc-964a-2afb9b4fe43c,2026-01-10T13:15:04.257248+00:00,excel_import
Alberta Motor Association O/ Ama Willowpark Centre,training_provider,AB,Calgary,10816 MacLeod Trail SE,T2J 5N8,(403) 278-3530,,https://ama.ab.ca/centres/calgary-willowpark?utm_source=gmb-listing&utm_medium=organic,,True,f74efe35-f025-4d93-a44f-b0600b197b87,2026-01-10T13:15:04.257773+00:00,excel_import
Ama Sherwood Park,training_provider,AB,Sherwood Park,19-101 Main Bremner Driver,T8H 0M5,(780) 467-7945,,https://ama.ab.ca/centres/sherwood-park?utm_source=gmb-listing&utm_medium=organic,,True,cda60ba7-001e-4ca5-913d-caf7d6b78bbd,2026-01-10T13:15:04.258253+00:00,excel_import
Ama Avenida Classroom,training_provider,AB,Calgary,727  12100 McLeod Trail SE,T2J 7G9,(403) 240-5300,,https://ama.ab.ca/centres/calgary-main?utm_source=gmb-listing&utm_medium=organic,,True,2916d593-0326-4d99-b761-0371d95da3b8,2026-01-10T13:15:04.258708+00:00,excel_import
Ama Camrose Centre,training_provider,AB,Camrose,6702-48 Avenue,T4V 4S3,(780) 672-3391,,https://ama.ab.ca/centres/camrose?utm_source=gmb-listing&utm_medium=organic,,True,463bc16b-f3fe-4ce6-a60e-9fc27606ce76,2026-01-10T13:15:04.259223+00:00,excel_import
Ama Crowfoot Centre,training_provider,AB,Calgary,220 Crowfoot Crescent NW,T3G 3N5,(403) 239-6644,,https://ama.ab.ca/centres/calgary-crowfoot?utm_source=gmb-listing&utm_medium=organic,,True,c1aadd8c-05db-4197-85c8-65fd7f11cdc9,2026-01-10T13:15:04.260042+00:00,excel_import
Ama Edmonton Kingsway Centre,training_provider,AB,Edmonton,11220-109 Street NW,T5G 2T6,(780) 474-8601,,https://ama.ab.ca/centres/edmonton-kingsway?utm_source=gmb-listing&utm_medium=organic,,True,84419635-faac-4efe-9a63-7b6b8ad66034,2026-01-10T13:15:04.260784+00:00,excel_import
Ama Edmonton West,training_provider,AB,Edmonton,9938-170 Street,T5T 6G7,(780) 484-1221,,https://ama.ab.ca/centres/edmonton-west?utm_source=gmb-listing&utm_medium=organic,,True,d2301076-0aee-4933-950c-9c1599a3bf7f,2026-01-10T13:15:04.261473+00:00,excel_import
Ama Fort Mcmurray Centre,training_provider,AB,Fort McMurray,4 Hospital Street,T9H 5E4,(780) 743-2433,,https://ama.ab.ca/centres/fort-mcmurray?utm_source=gmb-listing&utm_medium=organic,,True,2396d55f-c7dc-4bd8-a742-6bc74ed0133e,2026-01-10T13:15:04.261997+00:00,excel_import
Ama Grande Prairie Centre,training_provider,AB,Grande Prairie,11401 99 Street,T8V 2H6,(780) 532-4421,,https://ama.ab.ca/centres/grande-prairie?utm_source=gmb-listing&utm_medium=organic,,True,32234caf-df35-43e1-87fe-6efb5aa0652a,2026-01-10T13:15:04.262597+00:00,excel_import
Ama Lethbridge Centre,training_provider,AB,Lethbridge,120 Scenic Drive South,T1J 4R4,(403) 328-1181,,https://ama.ab.ca/centres/lethbridge?utm_source=gmb-listing&utm_medium=organic,,True,cd290a87-2a35-42ce-a2ea-10d090fe97cc,2026-01-10T13:15:04.263090+00:00,excel_import
Ama Main Centre,training_provider,AB,Calgary,4700-17 Avenue SW,T3E 0E3,(780) 474-8601,,https://ama.ab.ca/centres/edmonton-kingsway?utm_source=gmb-listing&utm_medium=organic,,True,38984bbe-f33b-43a6-814a-5e2471499e00,2026-01-10T13:15:04.263626+00:00,excel_import
Ama Manning Drive Centre,training_provider,AB,Edmonton,5040 Manning Drive,T5A 5B4,(780) 473-3112,,https://ama.ab.ca/centres/edmonton-manning?utm_source=gmb-listing&utm_medium=organic,,True,e52c1b30-d2fc-46ea-b8ad-959fae5d3dc3,2026-01-10T13:15:04.264087+00:00,excel_import
Ama Medicine Hat Centre,training_provider,AB,Medicine Hat,2710-13 Avenue SE,T1A 3P8,(403) 527-1166,,https://ama.ab.ca/centres/medicine-hat?utm_source=gmb-listing&utm_medium=organic,,True,786243e4-62cf-48e9-b36d-e7ec65f433d8,2026-01-10T13:15:04.264522+00:00,excel_import
Ama Red Deer Centre,training_provider,AB,Red Deer,2004-50 Avenue,T4R 3A2,(403) 342-6633,,https://ama.ab.ca/centres/red-deer-southpointe?utm_source=gmb-listing&utm_medium=organic,,True,7356ceda-649f-48b1-ab07-43b8d9f81da1,2026-01-10T13:15:04.265066+00:00,excel_import
Ama Shawnessy Centre,training_provider,AB,Calgary,600-85 Shawville Blvd. SE,T2Y 3W5,(403) 254-2447,,https://ama.ab.ca/centres/calgary-shawnessy?utm_source=gmb-listing&utm_medium=organic,,True,bde9e61c-ccd6-4f18-b2c9-889432ef5adb,2026-01-10T13:15:04.265532+00:00,excel_import
Ama St. Albert,training_provider,AB,St. Albert,665 St. Albert Trail,T8N 3L3,(780) 418-8900,,https://ama.ab.ca/centres/st-albert?utm_source=gmb-listing&utm_medium=organic,,True,c228749b-e44e-4d38-b6e8-d0baa0890acf,2026-01-10T13:15:04.265989+00:00,excel_import
Ama Sunridge Centre,training_provider,AB,Calgary,3650-20 Avenue NE,T1Y 6E8,(403) 590-0001,,https://ama.ab.ca/centres/calgary-sunridge?utm_source=gmb-listing&utm_medium=organic,,True,517f8405-e453-4238-801b-0942942c8325,2026-01-10T13:15:04.266491+00:00,excel_import
All Class Driving Academy Ltd.,training_provider,AB,Edmonton,5339-47 Street NW,T6B 3T4,(780) 200-8085,allclassdrivingacademy@gmail.com,https://www.commercialdriver.ca/directory-training/listing/all-class-driving-academy-ltd/,"Education, IT, Logistics",True,b02e9023-61b4-47b1-93a6-9404fcdc59c8,2026-01-10T13:15:04.267009+00:00,excel_import
Alliance Francaise D'Edmonton,training_provider,AB,Edmonton,10424 123rd Street N.W.,T5N 1N7,(587) 852-4575,info@afedmonton.ca,https://www.afedmonton.com/,"Education, Healthcare",True,506d30b4-c0ca-47a8-b235-20d2d7872616,2026-01-10T13:15:04.267460+00:00,excel_import
Alpine Canada Alpin,training_provider,AB,Calgary,302-151 Canada Olympic Road SW,T3B 6B7,(403) 777-3200,info@alpinecanada.org,https://alpinecanada.org/,"Education, Healthcare",True,1dfc0c6b-0ed0-4f98-b894-022ad6ba2ec8,2026-01-10T13:15:04.267915+00:00,excel_import
Archer'S Blue Car Driving School,training_provider,AB,Edmonton,14014 159A Avenue,T6V 1V6,(587) 990-2583,,https://archersbluecar.ca/,"Education, IT, Arts",True,bdf5ec3a-8593-4b5b-9638-e10eeb7cf873,2026-01-10T13:15:04.268366+00:00,excel_import
Archways Healing College,college,AB,Edmonton,275-8702 Meadowlark Road NW,T5R 5W5,(780) 425-7770,,http://www.archwayshealingcollege.com/,"Education, Healthcare, IT, Beauty",True,48b08d97-aece-4ac3-a511-8c2eba9cf16a,2026-01-10T13:15:04.268822+00:00,excel_import
Asylum For Art,training_provider,AB,Calgary,1807-33rd Avenue SW.,T2T 1Z1,(403) 969-7257,,https://www.asylumforart.ca/,,True,6ef3717d-7b6a-48de-827c-46ad1e8e2b53,2026-01-10T13:15:04.269248+00:00,excel_import
Bella Elite Beauty & Barber Academy,training_provider,AB,Lethbridge,311-8th Street,T1J 2J5,(403) 320-2228,Info@BellaEliteBeauty.com,http://bellaelitebeauty.com/,"Education, IT, Beauty, Arts",True,a646bc51-5f7a-42af-a9ca-8103e0f0927c,2026-01-10T13:15:04.269702+00:00,excel_import
Border City Aviation Ltd.,training_provider,AB,Lloydminster,7054-83 Avenue,T9V 3B3,(780) 875-5834,,https://www.bordercityaviation.com/,"Education, Healthcare, IT",True,01e99d5e-63c3-4a74-bacd-bdf5417482ed,2026-01-10T13:15:04.270138+00:00,excel_import
Border Driver Education Inc,training_provider,AB,Lloydminster,5110-62 Street,T9V 2E4,(780) 875-0643,,http://bordercitydrivingtraining2020.com/,"Education, IT, Logistics",True,792efc74-8383-46bb-8d47-6cc2fe036a39,2026-01-10T13:15:04.270580+00:00,excel_import
Buffalo Trail Public Schools,training_provider,AB,Wainwright,1041-10A Street,T9W 2R4,(780) 842-6144,,http://www.btps.ca/,"Education, IT, Logistics, Arts",True,1aba0ff7-ddf1-4c18-b0b5-d3fee1842310,2026-01-10T13:15:04.271033+00:00,excel_import
Burwell School Of Photography,training_provider,AB,Edmonton,3005-119 Street NW,T6J 5R5,(780) 669-1261,admin@bsop.ca,http://www.bsop.ca/,"Education, Arts",True,ae572289-6d52-4bae-b99f-ccb4da97d7fc,2026-01-10T13:15:04.271501+00:00,excel_import
Business Career College Corp.,college,AB,Edmonton,9090-51 Avenue NW,T6E 5X4,(877) 934-5577,,http://www.businesscareercollege.com/,"Education, Business, IT",True,d9344224-da16-4466-8856-b87b262e2baf,2026-01-10T13:15:04.272063+00:00,excel_import
Business Iq Training Inc.,training_provider,AB,Camrose,5015 50 Street,T4V 1R3,(780) 672-2672,,http://www.businessiqtraining.com/,"Education, Business, IT",True,565a423e-5ba5-4090-b929-1359f6f88beb,2026-01-10T13:15:04.272515+00:00,excel_import
Calgary Catholic Immigration Society,training_provider,AB,Calgary,1111 11 Avenue SW,T2R 0G5,(403) 262-2006,,http://www.ccisab.ca/,"Education, Healthcare, Community, Business, IT",True,c1159e9f-2379-43fd-a7de-4cfd73b7ad70,2026-01-10T13:15:04.272967+00:00,excel_import
Calgary Counselling Centre,training_provider,AB,Calgary,12 Avenue SE,T2G 1A1,(833) 827-4229,contactus@calgarycounselling.com,http://calgarycounselling.com/,"Education, Healthcare, IT",True,2a341b2e-fbc1-4b5e-8279-bfb396657d74,2026-01-10T13:15:04.273404+00:00,excel_import
Calgary Flying Club,training_provider,AB,Calgary,155 Maclaurin Drive,T3Z 3S4,(403) 288-8831,cfcdispatch@calgaryflyingclub.com,http://www.calgaryflyingclub.com/,"Education, IT, Arts",True,af89821a-bd78-4238-a7ba-38a0f8737aa0,2026-01-10T13:15:04.273866+00:00,excel_import
Calgary School Of Hypnotherapy,training_provider,AB,Calgary,39 Copperleaf Crescent SE,T2Z 0B9,(403) 816-2671,,https://advancedhypnosiscalgary.com/,"Education, Healthcare, IT",True,8c5685e4-2523-4b81-be6f-492956e8a2d4,2026-01-10T13:15:04.274289+00:00,excel_import
Cameron Driver Education Ltd.,training_provider,AB,Edmonton,15879 116 Avenue NW,T5M 3W1,(780) 455-8157,,https://www.camerondriver.com/home/,,True,85f95e1c-f088-4325-836a-d35a890fc7ac,2026-01-10T13:15:04.274727+00:00,excel_import
Canadian Centre For Professional Legal Education,training_provider,AB,Calgary,333-11th Avenue SW,T2R 1L9,(833) 549-1571,,http://cpled.ca/,"Education, IT, Security, Legal",True,5bf8e1f7-b11f-45ee-9e01-c289e97c0a04,2026-01-10T13:15:04.275181+00:00,excel_import
Canadian Child Abuse Association,training_provider,AB,Calgary,Acadia Postal Outlet,T2J 7A6,,,,,True,bbc9a060-4930-4ba8-9f58-31ccf9079fc2,2026-01-10T13:15:04.275613+00:00,excel_import
Canadian Fire Rescue College Ltd.,college,AB,Alberta Beach,4923 46 A Ave,T0E 0A0,(855) 710-2372,filler@godaddy.com,https://canadianfirerescuecollege.com/,"Education, Healthcare, IT, Logistics",True,58222a1f-ad88-4fcd-93d4-aaf21b0ecfce,2026-01-10T13:15:04.276145+00:00,excel_import
Cfi Flight Academy,training_provider,AB,Claresholm,273163 Sec HWY 520,T0L 0T0,(403) 489-4234,hello@cfiflightacademy.com,http://cfiflightacademy.com/,"Education, Healthcare, IT",True,ea2ff6a5-2c60-4137-ad28-1084834b64ec,2026-01-10T13:15:04.276641+00:00,excel_import
Canadian Health And Business College,college,AB,Calgary,208-1212 1 Street SE,T2G 2H8,(587) 330-3359,,https://www.chbcollege.ca/,"Education, Healthcare, Community, Business, IT",True,225fba31-1af7-45d3-b275-2aaa91804b98,2026-01-10T13:15:04.277099+00:00,excel_import
Canadian Institute Of Home Inspectors,training_provider,AB,Red Deer,PO Box 310 125 Hidden Valley Place NW,T4N 5E9,(403) 396-3938,,https://www.canadianresidentialreddeer.com/,"Education, IT",True,d1219890-16de-4d4b-ae36-ae6051f1067e,2026-01-10T13:15:04.277529+00:00,excel_import
Canadian School Of Natural Nutrition - Alberta,training_provider,AB,Calgary,220-720 28th Street NE,T2A 6R3,(403) 276-1551,info@csnncal.ca,http://www.csnn.ca/calgary,"Education, Healthcare, IT",True,a34260e9-251f-4497-9479-90eea6d3c408,2026-01-10T13:15:04.277973+00:00,excel_import
Canadian School Of Natural Nutrition - Edmonton,training_provider,AB,Sherwood Park,160-360 Sioux Road,T8A 4W7,(780) 437-3933,edmonton@csnn.ca,http://www.csnn.ca/edmonton,"Education, Healthcare, IT, Arts",True,63cbfb64-e789-4190-9a3c-d289b4d9d94b,2026-01-10T13:15:04.278429+00:00,excel_import
Canadian Southern Baptist Seminary,training_provider,AB,Cochrane,200 Seminary View,T4C 2G1,(403) 932-6622,info@cbtsc.ca,https://cbtsc.ca/,"Education, Healthcare, Community, IT, Arts",True,35af1744-c145-4bb1-953c-b80c58775589,2026-01-10T13:15:04.278896+00:00,excel_import
Canadian Taekwondo Council Ltd.,training_provider,AB,Edmonton,9499-137 Avenue NW,T5E 5R8,(780) 863-6227,kodiaktkd@gmail.com,http://www.kodiaktaekwondo.ca/,"Education, IT, Arts",True,b76a042f-8c0d-46f5-80b2-8d2b0d40240e,2026-01-10T13:15:04.279326+00:00,excel_import
Capstone Edge Global Consulting Inc.,training_provider,AB,Calgary,2750-22nd Street NE,72E 7L9,(403) 769-0085,,http://capstoneedgeglobal.ca/,"Education, Business, IT",True,aab05e7b-84e8-4d1a-8587-5aa4c0cbba35,2026-01-10T13:15:04.279787+00:00,excel_import
Caring Safely Inc.,training_provider,AB,Calgary,3553 31 Street NW,T2L 2T7,(825) 994-1542,,https://www.caringsafely.org/,"Education, Healthcare, IT",True,fe166e92-f9e3-45c8-9c80-28a644fedc38,2026-01-10T13:15:04.280222+00:00,excel_import
Cca Truck Driver Training Ltd.,training_provider,AB,Calgary,6A Street South East,T2H 2B7,(403) 253-3004,learn@ccatruckdrivertraining.com,http://www.ccatruckdrivertraining.com/,"Education, Healthcare, IT, Logistics",True,8f214633-ec66-440f-a2c3-6db419dd8cce,2026-01-10T13:15:04.280661+00:00,excel_import
Chartered Professional Accountants (Cpa) Ab,training_provider,AB,Edmonton,10088-102 Avenue,T5J 2Z1,(780) 424-7391,,,,True,ea0fc4d4-ef98-4569-881d-13563ca4c20b,2026-01-10T13:15:04.281094+00:00,excel_import
Chinook Learning Services,training_provider,AB,Calgary,2336-53 Avenue SW,T3E 1L2,(403) 777-7200,chinooklearning@cbe.ab.ca,https://www.chinooklearningservices.com/,"Education, Healthcare, IT, Childcare",True,8ecaef82-2cec-4f23-95c9-586ef105fb79,2026-01-10T13:15:04.281524+00:00,excel_import
City College Of Management,college,AB,Calgary,326-3770 Westwinds Dr. NE,T3J 5H3,,info@city-college.ca,https://city-college.ca/,"Education, Healthcare, Business, IT, Logistics, Pharmacy",True,234cc122-7f78-4014-a9da-e37f7ae5fcc2,2026-01-10T13:15:04.282062+00:00,excel_import
Clac Career Development College Inc.,college,AB,Edmonton,14920 118 Avenue NW,T5V 1B8,(888) 700-7555,,http://claccareercollege.ca/,,True,6b5211c0-50ed-4bc4-8edd-2e149fde21ce,2026-01-10T13:15:04.282503+00:00,excel_import
Clearwater College,college,AB,Caroline,Box 100,T0M 0M0,(800) 838-2975,office@clearwatercollege.com,http://www.clearwatercollege.com/,"Education, Business, IT, Childcare",True,f6069dce-d0bf-488f-b8a4-29e5dbe78302,2026-01-10T13:15:04.282953+00:00,excel_import
Columbia College,college,AB,Calgary,802 Manning Road NE,T2E 7N8,(403) 235-9300,columbia@columbia.ca,http://www.columbia.ca/,"Education, Healthcare, Business, IT, Childcare, Dental",True,4e8e9d04-6964-4cbb-bead-7d533296188d,2026-01-10T13:15:04.283380+00:00,excel_import
Company Of Rogues  Ltd.,training_provider,AB,Calgary,216 - 1217 Centre Street NW,T2E 2R3,(403) 228-5526,,http://www.corogues.com/,"Education, IT, Arts",True,bf011efb-c125-45d8-89e9-83035965852a,2026-01-10T13:15:04.283830+00:00,excel_import
Connections Career And Safety Services Ltd.,training_provider,AB,Medicine Hat,1007 Factory Street SE,T1A 1X8,(403) 528-3779,info@safetyconnections.ca,http://www.safetyconnections.ca/,"Education, IT, Childcare, Logistics",True,ee39eedc-d411-4865-97c7-aefc97ac3854,2026-01-10T13:15:04.284265+00:00,excel_import
Cpa Western School Of Business,training_provider,AB,Edmonton,201-1074 - 103A Street SW,T6W 2P6,(866) 420-2350,,https://www.cpawsb.ca/,"Education, Healthcare, IT",True,40b61776-1594-4914-b521-93379d47721d,2026-01-10T13:15:04.284713+00:00,excel_import
Cycling Instructors Association Of Canada,training_provider,AB,Calgary,44 Harrow Place SW,T2V 3A9,(403) 831-8738,trev@thedoctrine.ca,https://thedoctrine.ca/,"Education, IT",True,4f24e2ae-c498-45ac-ab3b-c32ede936961,2026-01-10T13:15:04.285148+00:00,excel_import
Cypress College Inc.,college,AB,Medicine Hat,7th Street SE #3,T1A 1E2,(403) 527-4382,,https://cypresscollege.ca/,"Education, IT",True,94645c11-2714-4e58-83c4-48cdad0e2de4,2026-01-10T13:15:04.285587+00:00,excel_import
Delmar College,college,AB,Calgary,Suite 200 8th Floor 1520 4th Street SW,T2R 1H5,(403) 264-8055,AlisonC@delmarcollege.com; JeanetteL@delmarcollege.com,https://delmarcollege.com/,"Education, Healthcare, IT, Childcare, Beauty",True,3e6aeb3a-e8e7-4208-a8ee-8b256e5944f5,2026-01-10T13:15:04.286021+00:00,excel_import
Donovan'S Driver Education Ltd.,training_provider,AB,Edmonton,12827 - 56 Street,T5A 0C9,(780) 473-4347,info@mapletrucktraining.com,https://www.donovansdrivereducation.com/,"Education, IT, Logistics",True,5f49f446-a3e1-45cc-8c52-127278e6d703,2026-01-10T13:15:04.286446+00:00,excel_import
Punjab Driving Academy & Globe Driving Academy,training_provider,AB,Calgary,9777 Enterprise Way SE,T3S 0A1,(403) 903-8200,punjabdrivingacademy@gmail.com,http://www.punjabdrivingacademy.ca/,"Education, IT, Logistics",True,9b18a3c9-0048-41e6-bcf8-1d0d3e114ca6,2026-01-10T13:15:04.286980+00:00,excel_import
Drivers Edge Inc.,training_provider,AB,Medicine Hat,113-1201 Kingsway Avenue SE,T1A 2Y2,(403) 526-9505,MedicineHat@DriversEDgeInc.com; Lethbridge@DriversEDgeInc.com,http://www.driversedgeinc.com/,"Education, IT, Logistics",True,5dc95360-7188-4ca1-b35c-6fe78ced7328,2026-01-10T13:15:04.287429+00:00,excel_import
Ecole Holt Couture School Of Sewing And Design,training_provider,AB,Calgary,2227-20th Avenue SW,T2T 0M4,(403) 244-5460,,http://www.ecoleholtcouture.com/,"Education, Business, IT, Childcare",True,a13cae9f-e89e-4ea7-9752-221fbc8992dd,2026-01-10T13:15:04.287881+00:00,excel_import
Edmonton Flying Club,training_provider,AB,Spruce Grove,52111 Range Road 270 #5,T7X 3L7,(780) 800-9639,,http://www.flyefc.ca/,"Education, Healthcare, IT",True,fcb00cba-8b53-438b-bb8a-8741d8a9fbd0,2026-01-10T13:15:04.315280+00:00,excel_import
Edmonton Pipe Trades College,college,AB,Edmonton,16120-118 Ave,T5V 1C6,(780) 488-1266,,http://albertapipetrades.ca/,,True,e86d8b1a-2046-437f-b8a8-21542e7ee79e,2026-01-10T13:15:04.315889+00:00,excel_import
Edmonton School Of Hypnotherapy,training_provider,AB,Onoway,RR3 Site 303 Comp 53,T0E 1V0,(800) 330-5999,,http://www.htialberta.com/program.html,,True,1b31ce41-bca4-4bfe-b361-e60bd6fe5fcd,2026-01-10T13:15:04.316422+00:00,excel_import
Edmonton Truck Training,training_provider,AB,Edmonton,7310 18 Street NW,T6P 1N8,(780) 893-9393,filler@godaddy.com,http://www.edmontontrucktraining.com/,"Education, Business, IT, Logistics",True,04fc3708-4d79-41b1-b248-e245c69f8637,2026-01-10T13:15:04.316968+00:00,excel_import
Elevation Helicopters Ltd.,training_provider,AB,Grande Prairie,11010 Airport Drive #101C,T8V 7Z5,(780) 933-3841,mark@elevationheli.ca,http://elevationheli.ca/,"Education, IT, Arts",True,b7eba7d6-5cdd-41a4-9e26-5b94e5363f48,2026-01-10T13:15:04.317480+00:00,excel_import
Elmar Samuel Paralegal Academy Inc.,training_provider,AB,Sherwood Park,15-2016 Sherwood Drive,T8A 3X3,(780) 416-8822,info@esacanada.com,http://www.esacanada.com/,"Education, Healthcare, IT",True,a175ba69-0f83-45d4-b8ef-bbb3942e1151,2026-01-10T13:15:04.318019+00:00,excel_import
Emergency Services Academy Ltd.,training_provider,AB,Sherwood Park,161 Broadway Boulevard 2nd Floor,T8H 2A8,(780) 416-8822,info@esacanada.com,http://www.esacanada.com/,"Education, Healthcare, IT",True,8be9ffe6-3c56-49f6-ad76-5ef2aec31240,2026-01-10T13:15:04.318549+00:00,excel_import
Energy Safety Canada,training_provider,AB,Calgary,5055 - 11 Street North East,T2E 8N4,(800) 667-5557,,http://www.energysafetycanada.com/,"Education, Healthcare, Community, Business, IT",True,512a9a96-7dab-42f0-99ca-7e306850213e,2026-01-10T13:15:04.319063+00:00,excel_import
Environmental Careers Organization Of Canada,training_provider,AB,Calgary,400 - 105 12 Avenue SE,T2G 1A1,(403) 233-0748,,http://www.eco.ca/,"Education, Business, IT, Environment",True,5bc9c6c7-054f-4ad9-a66b-1d0f6e4d85a0,2026-01-10T13:15:04.319570+00:00,excel_import
Est-Elle Academy Of Hair Design Ltd.,training_provider,AB,Edmonton,8004 Gateway Blvd,T6E 6A2,(780) 432-7577,,http://www.est-elle.ab.ca/,"Education, IT, Beauty, Arts",True,d6dc2f68-b590-40ea-b23d-4b98a7b0bc12,2026-01-10T13:15:04.320084+00:00,excel_import
First Aid & Safety Training Services Inc.,training_provider,AB,Edmonton,163 Street Suite 11232,T5M 1Y6,(780) 448-9624,,http://www.safetyclass.ca/,"Education, Business, IT",True,2d0d53ec-00ce-44b6-b8bc-a1c6666e8eab,2026-01-10T13:15:04.320604+00:00,excel_import
First Choice Accounting And Tax Inc.,training_provider,AB,Calgary,66 Sherwood Common NW,T3R 1P8,(403) 703-7023,contact@firstchoiceactax.com,http://www.firstchoiceactax.com/,"Education, Business, IT",True,2f254e1e-87e2-4f15-bc7a-d4bc08d90b06,2026-01-10T13:15:04.321127+00:00,excel_import
Fleet Safety International Corp.,training_provider,AB,Calgary,4999 43rd Street SE,T2B 3N4,(403) 283-0077,sales@fleetsafetyinternational.com,https://www.fleetsafetyinternational.com/,"Education, Healthcare, Business, IT, Logistics, Environment",True,8f863711-d54c-4660-b450-0d0e4b3052f0,2026-01-10T13:15:04.321644+00:00,excel_import
Foundation Of Administrative Justice,training_provider,AB,Edmonton,3438-78 Avenue,T6B 2X9,(780) 466-0501,,http://foaj.ca/,"Education, Business, IT, Legal",True,5bb78ef9-745f-4498-ba11-c568187591dc,2026-01-10T13:15:04.322182+00:00,excel_import
Frank Driving School Ltd.,training_provider,AB,Chestermere,11500 2nd Avenue  Northeast,T1X 0M7,(403) 975-0308,info@frankdrivingschool.com,http://www.frankdrivingschool.com/,"Education, IT, Logistics",True,511cde13-1249-4411-ac3c-21e65b0970fa,2026-01-10T13:15:04.322701+00:00,excel_import
Freedom Air Services & Training Ltd.,training_provider,AB,Sherwood Park,51401 Range Road 221,T8E 1H1,(780) 964-3212,,http://www.freedomair.ca/,"Education, IT",True,551644df-0b12-456a-a5dd-5442937a6fd8,2026-01-10T13:15:04.323217+00:00,excel_import
Gateway Safety Services Ltd.,training_provider,AB,Lethbridge,3804 18th Avenue N,T1H 6L2,(403) 328-8496,info@gatewaysafety.ca,http://www.gatewaysafety.ca/,"Education, IT, Logistics",True,6733701c-9f83-47b5-9f53-52fdb8ad50c6,2026-01-10T13:15:04.323733+00:00,excel_import
Gennaro Transport Training,training_provider,AB,Edmonton,15430-131 Avenue NW,T5A 0A1,(780) 451-0111,info@gennaro.ca,https://www.gennaro.ca/,"Education, Healthcare, IT, Logistics",True,dfe94374-3d87-45a8-978d-b99f4ce230e6,2026-01-10T13:15:04.324382+00:00,excel_import
Global Innovative Campus Inc.,training_provider,AB,Edmonton,17818 107 Avenue NW,T5S 1J1,(780) 328-2580,,http://www.gic-edu.com/,"Education, IT",True,550ec007-a16f-4b6a-bbd0-b6e4e6d6729c,2026-01-10T13:15:04.324964+00:00,excel_import
Global Tesol College Corp,college,AB,Edmonton,Suite 126 10654 - 82 Avenue NW,T6E 2A7,(780) 438-5704,academic@globaltesol.com; info@globaltesol.com,https://globaltesol.com/contact/,"Education, Arts",True,ca48cdac-52ff-4d10-b862-48a651138c46,2026-01-10T13:15:04.325508+00:00,excel_import
Grb College Of Welding,college,AB,Edmonton,9712 54th Avenue,T6E 0A9,(780) 451-5992 ext. 248,womenscommittee146@boilermakers.ca,http://www.boilermakers.ca/,"Education, Trades, IT, Arts",True,3cc00075-a870-4896-8748-eeb0c9494af4,2026-01-10T13:15:04.326086+00:00,excel_import
Heritage Agricultural Society,training_provider,AB,Stony Plain,5411-51 Street Box 2188,T7Z 1T3,(780) 960-4600,info@SpruceGroveAgSociety.com,https://sprucegroveagsociety.com/the-site,,True,d3b117e8-683f-462f-9e00-20803b677a14,2026-01-10T13:15:04.326598+00:00,excel_import
Hitek Computer School,training_provider,AB,High Level,10325 Bonaventure Dr SE #104,T0H 1Z0,(604) 617-0065,info@hitekschool.com,http://hitekschool.com/,"Education, IT, Childcare",True,75abd418-7d99-43f8-b240-ea5fc0dfe284,2026-01-10T13:15:04.327123+00:00,excel_import
Home Church,training_provider,AB,RED DEER,37557 Highway 2A,T4E 1S2,(403) 343-6570,,http://myhomechurch.ca/,,True,38b75a81-30cd-45cb-9fe0-1273e1d185ee,2026-01-10T13:15:04.327625+00:00,excel_import
Hse International Group Limited,training_provider,AB,Edmonton,10665 Jasper Avenue NW 14th Floor,T5J 3S9,,,,,True,e078cd8d-2e94-4a4e-b801-4262088c382b,2026-01-10T13:15:04.328141+00:00,excel_import
Idrive Alberta Driver Education Inc.,training_provider,AB,Calgary,59 Silverado Ridge Crescent SW,T2X 0J8,(587) 471-7976,info@idrivealberta.ca,http://www.idrivealberta.ca/,"Education, IT, Logistics",True,35208257-0408-4bc5-9210-895ae3eea345,2026-01-10T13:15:04.328848+00:00,excel_import
International Academy Of Esthetics,training_provider,AB,Sherwood Park,150 Chippewa Road #122,T8A 6A2,(780) 449-1225,,http://www.iaesthetics.com/,"Education, Healthcare, IT, Beauty",True,9da8b8f3-6c7c-48e8-8495-ab80dbaf12cf,2026-01-10T13:15:04.329457+00:00,excel_import
International College Of Business And Technology,college,AB,Calgary,Unit 1219 3730 108 AVE NE,T3N 1V9,,,,,True,00258e0c-9e92-4c23-a6bb-bd7911877919,2026-01-10T13:15:04.330014+00:00,excel_import
Jonas Driving School Inc.,training_provider,AB,Calgary,203 3509 17 Avenue SE,T2A 0R6,(587) 891-7715,jonasdrivingschool@gmail.com,http://www.jonasdrivingschool.com/,"Education, Healthcare, IT, Logistics",True,ec8b8a11-6c01-4a7f-a35f-2c0773ca544d,2026-01-10T13:15:04.330537+00:00,excel_import
Justisse College International,college,AB,Edmonton,201-8135  102 Street,T6E 4A4,(866) 534-7218,,http://www.norquest.ca/,Education,True,83065a06-2baa-4361-9e74-16fa176728df,2026-01-10T13:15:04.331067+00:00,excel_import
Nailbasics,training_provider,AB,Edmonton,9861 - 62 Avenue NW,T6E 0E4,(780) 490-6720,information@nailbasics.ca,http://www.nailbasics.ca/,"Education, Community, IT, Beauty, Arts",True,0fb75c8d-1cc5-4612-9f17-80c6238a6f7e,2026-01-10T13:15:04.331610+00:00,excel_import
Signature Nail Design,training_provider,AB,Lloydminster,105 5101- 48 Street,T9V 0H9,(780) 875-1448,,,,True,ab0190fe-6b1a-4bdc-adfd-2b24e2039093,2026-01-10T13:15:04.332135+00:00,excel_import
Kdm Dental College International Inc.,college,AB,Calgary,520-940 6th Avenue South West,T2P 3T1,(403) 264-2744,,https://kdmdental.com/,"Healthcare, IT, Dental",True,8d1d31ea-001a-4bf1-a95e-f270e01604b9,2026-01-10T13:15:04.332668+00:00,excel_import
Keyboard Academy Of Music,training_provider,AB,Calgary,8411 B Elbow Drive SW,T2V 1K8,(403) 255-0010,kaom2@shaw.ca,http://www.keyboardacademy.ca/,"IT, Arts",True,50328f6c-3c34-4f96-99d8-be10020d90fa,2026-01-10T13:15:04.333196+00:00,excel_import
Keyboard Academy Of Music,training_provider,AB,Calgary,203-4803 Centre Street North,T2E 2Z6,(403) 255-0010,kaom2@shaw.ca,http://www.keyboardacademy.ca/,"IT, Arts",True,b8b754d4-5d49-4187-a9c9-c15a82349d31,2026-01-10T13:15:04.333714+00:00,excel_import
Ctr Driving School,training_provider,AB,Calgary,311 32 Westwinds Cres NE,T3J 5H2,(403) 612-0040,admin@peopledriving.ca,https://www.peopledriving.ca/,"Education, Healthcare, IT, Logistics",True,0f55dfe4-d96b-4a4a-99b8-0e71e860d31c,2026-01-10T13:15:04.334220+00:00,excel_import
Lokken College - Edmonton,college,AB,Edmonton,1710 - 10025 - 102A Ave  NW,T5J 2Z2,(780) 424-3700,,http://www.lokken.com/,IT,True,e2bc72bb-59d5-4dd6-8a09-2e4b57e9a513,2026-01-10T13:15:04.334729+00:00,excel_import
Lynks-Harvest Sky Services And Supports Society,training_provider,AB,Hanna,401 Centre Street,T0J 1P0,(403) 854-2099,connect@lynkscommunity.com,http://www.lynkscommunity.com/,"Education, Community",True,b2e3693f-5e69-44b0-86ef-f5bf13288469,2026-01-10T13:15:04.335249+00:00,excel_import
Makami College Inc.,college,AB,Calgary,Unit 1600 3800 Memorial Dr. NE,T2A 2K2,(403) 474-0772,,https://makamicollege.com/campuses/calgary-marlborough/?utm_source=google&utm_medium=Organic&utm_campaign=business_profile_calgary_NE,,True,a3aa90a1-01d9-41fb-9d34-c23686f8ecc5,2026-01-10T13:15:04.335783+00:00,excel_import
Mandorla Yoga Institute,training_provider,AB,Calgary,2848 63 Avenue SW,T3E 5J9,(587) 500-2848,info@mandorlayoga.com,https://www.mandorlayoga.com/,"Education, Healthcare, Business, IT",True,7ae2f48e-8241-484b-99ec-f403dc5f23ee,2026-01-10T13:15:04.336293+00:00,excel_import
Mann Driving School Ltd.,training_provider,AB,Edmonton,803-70 Avenue,T6OP 0C,(780) 965-5512,info@manndrivingschool.ca,https://manndrivingschool.ca/,"Education, Healthcare, IT, Logistics",True,0985d64d-3718-49a8-b90e-0f8f97011da9,2026-01-10T13:15:04.336851+00:00,excel_import
Mc College - Edmonton,college,AB,Edmonton,10018-106th Street,T5J 1G1,(780) 429-4407,,https://www.mccollege.ca/campus/edmonton/,"Education, Trades, IT, Beauty",True,7cabb69d-c8e3-47af-a145-1a833bb0f6ea,2026-01-10T13:15:04.337383+00:00,excel_import
Mcmurray Aviation,training_provider,AB,Fort McMurray,Building 531 Snow Eagle Drive,T9H 0H8,(780) 791-2182,info@mcmurrayaviation.com,https://www.mcmurrayaviation.com/,"Education, Business, IT, Arts",True,af79b2b2-2f23-4ce9-8f5c-be738014eb3c,2026-01-10T13:15:04.337928+00:00,excel_import
Medical Reception College Ltd,college,AB,Calgary,210-840 7 Avenue SW,T2P 3G2,(403) 400-0999,,http://www.medicalreceptioncollege1ltd.com/,"Education, Healthcare, Business, IT, Childcare",True,e772698a-13bc-456c-a8bc-c02063a7d68f,2026-01-10T13:15:04.338449+00:00,excel_import
Mennonite Centre For Newcomers - Edmonton,training_provider,AB,Edmonton,10170-112 Street NW,T5K 2L6,(780) 424-7709,info@newcomercentre.com,https://newcomercentre.com/,"Education, Healthcare, IT",True,9828674c-f055-4aea-a6cc-9d025820918c,2026-01-10T13:15:04.339107+00:00,excel_import
Metropolitan School Of Bartending Inc.,training_provider,AB,Calgary,606-608 9 Street SW,T2P 2B2,(403) 401-0499,info@CalgaryBartending.com,https://metropolitanschoolofbartending.com/,"Education, Community, IT, Culinary, Arts",True,cb942355-2173-493f-8dd9-b509150ad970,2026-01-10T13:15:04.339644+00:00,excel_import
Millwoods Driving School Ltd.,training_provider,AB,Edmonton,205-3473 93 Street NW,T6E 6A4,(780) 450-6423,info@millwoodsdrivingschool.com,https://millwoodsdrivingschool.com/,"Education, IT, Logistics",True,6e57cb1e-b465-4df2-b387-498fc32fda0c,2026-01-10T13:15:04.340165+00:00,excel_import
Momentum Community Economic Development Society,training_provider,AB,Calgary,16 - 2936 Radcliffe Drive SE,T2A 6M8,(403) 272-9323,,http://www.momentum.org/,"Education, Healthcare, Business, IT",True,c38dada8-4cd2-4a57-ab19-7a155bf2ea0d,2026-01-10T13:15:04.340815+00:00,excel_import
Motology School Inc. - 46 Avenue,training_provider,AB,Calgary,4770-46 Avenue SE,T3J 5L3,,,,,True,ff8acef2-b0c2-44c7-8ac2-7ed3f9e46c52,2026-01-10T13:15:04.341794+00:00,excel_import
Motology School Inc. - Meridian Rd.,training_provider,AB,Calgary,1020 Meridian Road NE,T2A 2N8,,,,,True,29361c3b-c8b6-41d4-b16f-f3e53126ae85,2026-01-10T13:15:04.342618+00:00,excel_import
Motology School Inc. - Signal Ridge Court,training_provider,AB,Calgary,12 Signal Ridge Crt SW,T3H 2J7,,,,,True,6168a18e-cfeb-4d11-96bc-7f2f98fb0390,2026-01-10T13:15:04.343459+00:00,excel_import
Mountain View Helicopters,training_provider,AB,Calgary,402A Otter Bay,T3Z 3S6,(403) 286-7186,info@mvheli.com; fly@mvheli.com,http://www.mvheli.com/,"Education, IT",True,5d61eae1-e2fb-4d88-a6f9-bd820411fd8f,2026-01-10T13:15:04.344315+00:00,excel_import
Mtg Healthcare Academy Ltd.,training_provider,AB,Calgary,100 1324-36 Avenue NE,T2E 8S1,(403) 264-2009,,http://www.mtghealthcare.com/,"Education, Healthcare, IT, Beauty, Arts",True,15d39cc8-3aff-483c-a613-b687bc32d474,2026-01-10T13:15:04.345099+00:00,excel_import
Nanak Driving School Ltd.,training_provider,AB,Edmonton,6605 34 Street NW,T6B 2V8,,,http://nanakdrivingschool.com/,,True,d1693514-3455-4e80-ba31-78a00ec374ee,2026-01-10T13:15:04.345678+00:00,excel_import
National Institute Of Wellness & Esthetics Inc.,training_provider,AB,Calgary,200-2748 37th Avenue NE,T1Y 5L3,(403) 387-0003,info@advanceinstitute.ca; avleen.skincare@gmail.com,http://www.advanceinstitute.ca/,"Education, Healthcare, Business, IT, Beauty, Arts",True,a3f1df8a-f5bb-497e-988d-58c7fc9cb737,2026-01-10T13:15:04.346224+00:00,excel_import
National Truck Training Centre Inc.,training_provider,AB,Edmonton,3530 78 Ave NW,T6B 2X9,(780) 528-9697,truenorthtrucktraining@outlook.com,https://truenorthtrucktraining.ca/,"Education, IT, Logistics",True,a1afa8c9-3b7c-4bd4-b99c-b793eb852caf,2026-01-10T13:15:04.346847+00:00,excel_import
Nightingale Academy Of Health Services Inc.,training_provider,AB,Edmonton,13525 - 102nd Street,T5E 4K3,(780) 991-5267,,http://www.nightingaleacademy.com/,"Education, Healthcare, IT, Arts",True,579aa779-cbb7-478e-9355-8b3191f12757,2026-01-10T13:15:04.347741+00:00,excel_import
Northern Lights Driver Training Ltd.,training_provider,AB,St. Albert,200-200 Carnegie Drive,T8N 5A7,(780) 458-7288,,http://fun2drive.net/,"Education, Healthcare, Business, IT, Logistics",True,83227abd-b504-4b09-af6f-7bb3a910c4b7,2026-01-10T13:15:04.348572+00:00,excel_import
Northern Resource Trucking,training_provider,AB,Sherwood Park,70-51401 Range Road 221,T8E 1H1,(306) 933-3010,,http://www.nrtlp.com/,"Education, IT, Logistics",True,36b699dc-16b3-4a22-908e-b39cb495e098,2026-01-10T13:15:04.349402+00:00,excel_import
One 2 One Driving School,training_provider,AB,Chestermere,594 Marina Drive,T1X 0N9,(403) 402-0498,,https://www.121driving.com/,,True,1628186f-61fb-41e2-9bfa-c4a5e6674179,2026-01-10T13:15:04.350223+00:00,excel_import
Online Counselling College Inc.,college,AB,Calgary,5620 Thorncliffe Dr. NW,T2K 2Z6,(833) 827-4229,contactus@calgarycounselling.com,http://calgarycounselling.com/,"Education, Healthcare, IT",True,df612c8f-8b5a-4fde-bf75-37da31e238bb,2026-01-10T13:15:04.351055+00:00,excel_import
Option Learn,training_provider,AB,Morinville,10008 103 Street,T8R 1R7,(780) 939-4341,learningcentres@sturgeon.ab.ca,https://www.sturgeonlearning.ca/,"Education, IT, Childcare, Environment",True,6d618fe1-b433-4b0e-a7c6-a8f058517ce1,2026-01-10T13:15:04.351888+00:00,excel_import
People Driving Academy Inc.,training_provider,AB,Calgary,Unit 6190 5850  88 Ave NE,T3J 0J2,(403) 612-0040,admin@peopledriving.ca,https://www.peopledriving.ca/,"Education, Healthcare, IT, Logistics",True,1322cf9a-fd94-489c-abed-aa0621049ec6,2026-01-10T13:15:04.352719+00:00,excel_import
Pixel Blue College,college,AB,Edmonton,2001-8215 112 Street,T6G 2C8,(780) 756-3990,info@pixelblue.ca,https://pixelblue.ca/,"Healthcare, IT, Arts",True,571fec1b-232d-4810-aca8-394344e8a36e,2026-01-10T13:15:04.353530+00:00,excel_import
Power Engineering 101 Ltd.,training_provider,AB,Fairview,Box 245,T0H 1L0,,,,,True,0dfb15e2-975e-4dea-bccc-d926632e3f29,2026-01-10T13:15:04.354323+00:00,excel_import
"Prairie Deva College Of Aromatherapy, Phytotherapy And Soul Tending",college,AB,Edmonton,7817-96 Street NW,T6C 4R4,(587) 591-1047,,https://www.albertaaromatherapy.com/,,True,07d3b436-d5a0-4e5d-a7cb-c6f1b5e7b261,2026-01-10T13:15:04.355035+00:00,excel_import
Prairie Institute Of Expressive Arts Therapy Ltd.,training_provider,AB,Calgary,1528 12th Avenue SW,T3C 0P9,(403) 618-2069,,http://pieat.ca/,"Education, Healthcare, Community, IT, Arts",True,281b45b8-0df7-4b78-bd15-55bec98a9389,2026-01-10T13:15:04.355617+00:00,excel_import
Prairie Trowel Trades Institute (Ptti),training_provider,AB,Edmonton,17307-106 Avenue NW,T5S 1E7,(800) 248-4823,,https://tradesecrets.alberta.ca/,"Education, Healthcare, Trades, IT",True,d8a21d65-91a7-404c-969f-94464ee73db2,2026-01-10T13:15:04.356158+00:00,excel_import
Prairie Western College Inc.,college,AB,Calgary,915 33 Street North East,T2A GT2,(403) 454-0948,information.pwc@gmail.com; student.pwc@gmail.com,https://www.prairiewestern.ca/,"Education, Healthcare, Business, IT",True,64a6072b-32ff-4302-a6ec-bc5e8a2f2356,2026-01-10T13:15:04.356817+00:00,excel_import
Cam Driver Education,training_provider,AB,Rocky View,254132- 84 Street NE,T1Z 0A7,(403) 389-1380,,http://www.pro-drivingschool.ca/,"Education, Healthcare, IT, Logistics",True,11dcc053-ee04-40cc-96bd-f03ed78e299f,2026-01-10T13:15:04.357402+00:00,excel_import
Professional Home Builders Institute Of Alberta,training_provider,AB,Calgary,301-30 Springborough Boulevard SW,T3H 0N9,(888) 325-9999,,https://www.phbi.ca/,"Education, Healthcare, Trades, IT, Arts",True,d29ae5a7-4d8d-4b5e-9dcd-43f0839f18d8,2026-01-10T13:15:04.357956+00:00,excel_import
Professional Medical Associates,training_provider,AB,Calgary,11420 - 27 Street SE,T2Z 3R6,(403) 547-9709,info@promedics.org,http://www.promedics.org/,"Education, Business, IT",True,1f5fa574-38c1-4bb2-ac9b-f4314d0966e0,2026-01-10T13:15:04.358483+00:00,excel_import
Professional Truck Driving School Ltd.,training_provider,AB,Calgary,80th Avenue SE,T2C 2Z1,(403) 724-9000,protruckschool@gmail.com,http://professionaltruckdrivingschoolltd.com/,"Education, IT, Logistics, Arts",True,3a34caf4-741e-4f59-b9f5-ad70e0e41da3,2026-01-10T13:15:04.359046+00:00,excel_import
Progressive Speech Language Therapy Ltd.,training_provider,AB,Edmonton,1-7289 South Terwillegar Drive,T6R 0N5,(587) 457-6513,hello@dreampediatric.ca,https://dreampediatric.ca/,,True,7244476c-07d5-4235-a652-e784c14526cc,2026-01-10T13:15:04.359580+00:00,excel_import
Psychometrics Canada Ltd.,training_provider,AB,Edmonton,7125-77 Avenue NW,T6B 0B5,(800) 661-5158,,https://www.psychometrics.com/,"Education, IT",True,dee1afb0-a6b7-44ce-b8d2-973b3ed68fd6,2026-01-10T13:15:04.360101+00:00,excel_import
Rayner Institute Ltd.,training_provider,AB,Calgary,517 55 Avenue Southwest,T2V 0E9,,,https://www.raynerinstitute.com/,"Education, IT",True,51c33a0f-d51f-4b07-8945-e88d41788357,2026-01-10T13:15:04.360610+00:00,excel_import
Real Estate Council Of Alberta (Reca),training_provider,AB,Calgary,1506-11 Avenue SW,T3C 0M9,(403) 228-2954,,https://www.reca.ca/,Education,True,af19d551-e733-423f-8197-9593e831d997,2026-01-10T13:15:04.361118+00:00,excel_import
Roadmark Driving School,training_provider,AB,Calgary,46 Bridleridge Crescent SW,T2Y 4G1,,,,,True,d43f7ddc-7b21-469e-9a9f-ddb5e80a0c9f,2026-01-10T13:15:04.361627+00:00,excel_import
Rocky Mountain English Centre Ltd.,training_provider,AB,Calgary,200-515 1st Street South East,T2G 2G6,(403) 845-3276,,http://rockyclc.ab.ca/,"Education, Healthcare, Community, IT",True,8e8bcf38-e77b-40ac-abf0-bc4301f52520,2026-01-10T13:15:04.362141+00:00,excel_import
Royal Health Care Aide Training School,training_provider,AB,Lethbridge,522-5th Avenue S,T1J 2B9,(403) 315-3851,,http://www.royalhealthcare.ca/,,True,b9ea6cd5-e5b0-45a4-8bbe-c51e1ff0ffac,2026-01-10T13:15:04.362663+00:00,excel_import
Safety Codes Council,training_provider,AB,Edmonton,505- 10405 Jasper Avenue NW,T5J 3N4,(780) 413-0099,sccinfo@safetycodes.ab.ca,https://www.safetycodes.ab.ca/,"Education, Business, IT",True,39b6c88c-c913-459c-a91c-10a022ebe735,2026-01-10T13:15:04.363204+00:00,excel_import
Safeway Consulting Services Ltd.,training_provider,AB,Whitecourt,5320 48 Avenue,T7S 1N8,(780) 778-4464,chinookair@telus.net,http://safewayconsulting.ca/,"Education, IT",True,2e59c99d-f5cc-4c61-a422-7f7305ae43a2,2026-01-10T13:15:04.363737+00:00,excel_import
Sentenashi Karate School,training_provider,AB,Calgary,100 Hawkwood Boulevard NW,T3G 2S9,(403) 239-1160,,https://www.sentenashikarate.com/,IT,True,7df0ce83-aedf-4f08-a504-49fd0906e6c5,2026-01-10T13:15:04.364334+00:00,excel_import
Shift College Of Intercession,college,AB,Calgary,124 Tuscany Meadows Place NW,T3L 2S1,,,,,True,86274091-9892-445c-a740-076c96fc5348,2026-01-10T13:15:04.364854+00:00,excel_import
Sky Wings Aviation Academy Ltd.,training_provider,AB,Penhold,Hangar 13  Red Deer Regional Airport,T0M 1R0,(403) 886-5191,,http://www.skywings.com/,,True,14aac68c-819c-4925-8dad-e156260ef221,2026-01-10T13:15:04.365362+00:00,excel_import
Skyway Driving School Ltd.,training_provider,AB,Edmonton,2451 76 AVE NW,T6P 1P6,(780) 257-6301,,http://www.skywaydrivingschool.com/,,True,8dfdf638-4398-4a6e-bb5f-f8ece5166dcb,2026-01-10T13:15:04.365864+00:00,excel_import
Small Practitioner Forums Inc.,training_provider,AB,Calgary,1228 Kensington Road NW #410,T2N 3P7,(825) 733-3236,,,,True,d1211622-6709-4868-a411-f5572a3963e3,2026-01-10T13:15:04.366353+00:00,excel_import
South Edmonton School Of Massage Therapy,training_provider,AB,Edmonton,220 6203-28th Avenue,T6L 6K3,(780) 469-7246,info@sesmt.ca,http://www.sesmt.ca/,"Education, Healthcare, IT, Beauty, Arts",True,7d454ac3-ecb5-4db3-a40b-b4d3c55257ad,2026-01-10T13:15:04.366873+00:00,excel_import
Southern Alberta Institute Of Massage,training_provider,AB,Medicine Hat,340 Maple Avenue SE,T1A 7L5,(403) 504-9694,,https://www.southernalbertainstituteofmassage.com/,"Education, Healthcare, IT, Beauty",True,c4fb57e2-4e96-44f5-9454-81899d2c72ca,2026-01-10T13:15:04.367376+00:00,excel_import
Sparksman Transportation - Athabasca,training_provider,AB,Athabasca,661001 Range Road 225,T9S 2A7,(780) 675-8835,,http://www.sparksman.ca/,"Education, Healthcare, IT, Logistics, Arts",True,a7bb88d9-ad04-42e9-84a0-a1e6ad7d112a,2026-01-10T13:15:04.367893+00:00,excel_import
Sparksman Transportation Ltd. - Fort Mcmurray,training_provider,AB,Fort McMurray,8030 Golosky Avenue,T9H 1V5,(780) 790-3960,,http://www.sparksman.ca/,"Education, Healthcare, IT, Logistics, Arts",True,abb4ba90-f18d-4b14-84ea-81d430831d08,2026-01-10T13:15:04.368418+00:00,excel_import
St. John Council For Alberta,training_provider,AB,Edmonton,12304-118 Avenue,T5L 5G8,(800) 665-7114,,https://sja.ca/en/alberta,"Education, Healthcare, Community, Business, IT, Childcare, Arts",True,dacefdf9-e85f-4f4c-9512-03a6d77c731d,2026-01-10T13:15:04.369052+00:00,excel_import
Start-Rite Driver Education Ltd.,training_provider,AB,Grande Prairie,101-8502 112 Street,T8V 6A4,(780) 532-0173,info@startrite.ca,http://www.startrite.ca/,"Education, IT, Logistics, Arts",True,9a016a2b-4ce4-4073-b458-edaf6f769977,2026-01-10T13:15:04.369584+00:00,excel_import
Stellar Business Career Institute (Sbci),training_provider,AB,Calgary,The Lincoln 2nd Floor A-16  200-638 11th Avenue SW,T2R 0E2,(587) 779-8348,,,,True,3a572769-0377-4022-8abd-e773cc0af818,2026-01-10T13:15:04.370098+00:00,excel_import
Sultana'S Beauty Clinic And School,training_provider,AB,Red Deer,76 Boyce Street,T4R 1L3,(403) 342-5525,,https://sultanasbeauty.com/,,True,ee666adc-e8a8-4a52-aa18-612d3a315855,2026-01-10T13:15:04.370605+00:00,excel_import
Super T Aviation Academy,training_provider,AB,Medicine Hat,11-1 Airport Drive SW,T1A 5G4,(403) 548-6636,contact-us@supertaviation.ca,http://www.supertaviation.ca/,"Education, Business, IT, Logistics, Arts",True,11929db1-1ff5-4c96-b834-7a7effde4cd1,2026-01-10T13:15:04.371108+00:00,excel_import
Supply Chain Management Association Alberta,training_provider,AB,Edmonton,100-10525 - 170 Street NW,T5P 4W2,,,,,True,113493ce-f86c-4a7a-b58c-e5489aae0f04,2026-01-10T13:15:04.371611+00:00,excel_import
Taking Flight International Corporation,training_provider,AB,Edmonton,205 Griesbach Road,T5E 6S5,(780) 473-6732,,http://takingflightinternational.com/,"Education, Community, IT",True,ea139ade-5cf5-4717-a1a0-4adaf94e887a,2026-01-10T13:15:04.372115+00:00,excel_import
Tes Canada Inc.,training_provider,AB,Calgary,3750 46 Ave SE #335,T2B 0L1,(587) 760-3200,,http://www.tesgroup.inc/,"Education, Healthcare, Business, IT",True,ed107902-f355-47fa-987d-76359ad23df7,2026-01-10T13:15:04.372621+00:00,excel_import
Alberta Ballet,training_provider,AB,Calgary,141 18 Avenue NW,T2S 0B8,(403) 245-2274,,http://www.albertaballetschool.com/?utm_source=google&utm_medium=gmbcalgary,"Education, Healthcare, IT, Arts",True,9b01bf27-f40b-43af-a499-d757df6905fa,2026-01-10T13:15:04.373131+00:00,excel_import
The Alberta Yoga College Inc.,college,AB,Calgary,2439 54 Avenue SW,T3E 1M4,(587) 228-7833,,http://www.albertayogacollege.com/,"Education, Healthcare, Business, IT",True,e4683238-9ed0-4484-bbe3-20da5bd31626,2026-01-10T13:15:04.375283+00:00,excel_import
The Canadian Hypnosis Academy,training_provider,AB,Red Deer,302 4406-50th Avenue,T4N 3Z6,(403) 334-9766,,https://www.hypnosisforhealthandhappiness.ca/,,True,8ded2ead-5fe5-4b4b-a15f-e69a9209622e,2026-01-10T13:15:04.375868+00:00,excel_import
The Northern Star College Of Mystical Studies Inc.,college,AB,Edmonton,155 Hawks Ridge Blvd.,T5S 0H5,(780) 447-3667,nsc@northernstarcollege.com,http://www.northernstarcollege.com/,"Education, Healthcare, IT",True,0e18f196-e3cc-4599-942a-3b865a474cc0,2026-01-10T13:15:04.376530+00:00,excel_import
The Prairie Finishing Trade Institute Inc.,training_provider,AB,Edmonton,17804 118 Ave NW,T5S 2W3,(416) 635-7300,,https://ftiontario.com/?utm_source=GBP&utm_medium=GBP&utm_campaign=GBP,"Education, Healthcare, Trades, IT",True,692af23a-298e-45b4-a2d0-212ac5e7ee94,2026-01-10T13:15:04.377123+00:00,excel_import
The Royal College Of Alberta,college,AB,Edmonton,150-10045 156 Street,T5P 2P7,(780) 479-8481,,https://concordia.ab.ca/,"Education, Healthcare, Business",True,c939dcf6-acf3-4b5e-9ac0-240da912d185,2026-01-10T13:15:04.377685+00:00,excel_import
The Western Institute Of Emergency Education Inc.,training_provider,AB,Vermilion,5208 46 Avenue,T9X 1X8,(780) 643-6163,,,,True,3ea51b49-461c-4644-bc4b-6075d84cbff3,2026-01-10T13:15:04.378236+00:00,excel_import
The Yk Career Education Society,training_provider,AB,Calgary,311 32 Westwinds Cres NE,T3J 5H2,(403) 921-4529,,,,True,5e7d1d71-c1d6-40c2-a359-3fa37994b8e8,2026-01-10T13:15:04.378872+00:00,excel_import
The Yoga Studio College Of Canada,college,AB,Calgary,209 3420 50th St. NW,T3A 2E1,(587) 228-7833,,http://www.albertayogacollege.com/,"Education, Healthcare, Business, IT",True,8bf2926f-60ee-4326-bdf2-225082e13c89,2026-01-10T13:15:04.379433+00:00,excel_import
Tnt Motor Cycling,training_provider,AB,Edmonton,232-6655  178 St,T5T 4J5,(780) 447-3264,,https://tntmotorcycling.com/,"Education, IT",True,07e32254-77a2-462d-87e4-f78b14d1f4b9,2026-01-10T13:15:04.380003+00:00,excel_import
True North Truck Training,training_provider,AB,Edmonton,202 8746 50 Avenue NW,T6E 5K8,(780) 528-9697,truenorthtrucktraining@outlook.com,https://truenorthtrucktraining.ca/,"Education, IT, Logistics",True,0a305e94-80dc-4fb2-81e9-750198c6512b,2026-01-10T13:15:04.380556+00:00,excel_import
Vicars School Of Massage Therapy,training_provider,AB,Edmonton,2828 Calgary Trail,T6J 6V7,(780) 491-0574,Welcome@VicarsSchool.com,https://vicarsschool.com/?utm_source=google&utm_medium=organic&utm_campaign=local&utm_content=Edmonton,"Education, Healthcare, IT, Beauty",True,e9160884-9a25-47e6-ab69-929e91b7ce9b,2026-01-10T13:15:04.381118+00:00,excel_import
Video Tax News Inc.,training_provider,AB,Edmonton,220-9223  28 Avenue NW,T6N 1N1,(877) 438-2057,,,,True,e613e306-7bec-4815-aff1-1b62b4279881,2026-01-10T13:15:04.381663+00:00,excel_import
Wellness Hypnotherapy Institute,training_provider,AB,Edmonton,315 Livingston Court NW,T6R 2T1,(780) 977-4669,,https://www.edmontonhypnosissolutions.ca/,,True,abbd7ea4-82cd-4d01-9946-9ebcc1ef5bcc,2026-01-10T13:15:04.382212+00:00,excel_import
Absolute Aviation,training_provider,AB,Wetaskiwin,6118- 44 Avenue,T9A 1X8,(780) 352-7833,,http://wetaskiwinaerial.ca/,Other,True,48403099-6aea-4941-8665-d9d3b00d972a,2026-01-10T13:15:04.382776+00:00,excel_import
Wholistic Health Training & Research Centre,training_provider,AB,Edmonton,500 1050-112 Street,T5K 2J1,(780) 461-6708,,,,True,adf203f3-ad72-4517-8aa7-ef90368bfea3,2026-01-10T13:15:04.383323+00:00,excel_import
Women Building Futures,training_provider,AB,Edmonton,10326 - 107 Street Northwest,T5J 1K2,(780) 452-1200,,https://www.womenbuildingfutures.com/,"Education, Healthcare, Community, IT, Logistics, Arts",True,a0f6f46f-749c-4334-8be6-e160a1573def,2026-01-10T13:15:04.383890+00:00,excel_import
Yamnuska Inc.,training_provider,AB,Canmore,202-56 Lincoln Park,T1W 3E9,(403) 678-4164,,http://www.yamnuska.com/,"Education, IT, Childcare",True,a5c925ae-cfda-4096-9dc4-ca9f08a93b23,2026-01-10T13:15:04.384433+00:00,excel_import
Yeshiva Gedolah Zichron Shmayahu,training_provider,AB,Edmonton,10665 Jasper Avenue NW 14th Floor,T5J 3S9,(416) 789-7153,,,,True,c583074a-d847-4a3f-8697-549b1c09aeb6,2026-01-10T13:15:04.384991+00:00,excel_import
Yoga Association Of Alberta,training_provider,AB,Edmonton,11759 Groat Road,T5M 3K6,(780) 427-8776,,https://yoga.ca/,,True,4e75e3e8-705e-4784-8355-f53645d027fb,2026-01-10T13:15:04.385834+00:00,excel_import
Yoga For Today Ltd,training_provider,AB,Sherwood Park,206-2016 Sherwood Drive,T8A 3X3,(780) 416-4211,,,,True,cafd59f8-7259-4b43-8482-dca14ec1f66d,2026-01-10T13:15:04.386474+00:00,excel_import
Yoga Temple Inc.,training_provider,AB,Fort McMurray,188 Greenwich Lane,T9H 3Z3,(905) 442-5910,,,,True,bcc2d543-6be4-42ae-a127-74ab8e2f127a,2026-01-10T13:15:04.387128+00:00,excel_import
Automotive Training Centre,training_provider,BC,Surrey,12160 88th Avenue,V3W 3J2,(604) 635-2222,,http://www.autotrainingcentre.com/automechanic-auto-body-school-surrey/,"Education, Healthcare, Trades, IT, Logistics",True,7e7df996-ab14-45de-b496-a6fe1e4cf9a0,2026-01-10T13:15:04.387677+00:00,excel_import
1St Class Driving School Ltd.,training_provider,BC,Courtenay,2880 Lanyon Road,V9N 9N5,(250) 897-9875,,http://www.instructordarryl.com/,"Education, IT, Childcare, Logistics",True,7f560536-398c-4fa4-8bf8-65f45ff9fbef,2026-01-10T13:15:04.388236+00:00,excel_import
3M Ventures Ltd.,training_provider,BC,Prince George,2272 Nicholson Street S,V2N 1V8,(250) 614-2567,3mventuresltd@gmail.com,http://www.drive3m.ca/,,True,0ebc592d-cd0a-4d90-8b60-13945649d006,2026-01-10T13:15:04.388884+00:00,excel_import
49 North Helicopter Training Ltd.,training_provider,BC,Campbell River,2200 Airport Drive,V9H 0E2,(250) 926-9292,,https://www.49northhelicopters.com/,,True,262f9d18-2c47-4833-9752-18947b800472,2026-01-10T13:15:04.389420+00:00,excel_import
Santopietro Project Management,training_provider,BC,Delta,101-1658 Fosters Way,V3M 6S6,,,,,True,105bf572-c70b-44c8-9db5-0471ab854280,2026-01-10T13:15:04.390011+00:00,excel_import
Academy Of Learning College - Kamploops,college,BC,Kamloops,699 Victoria Street,V2C 2B3,(250) 372-5429,,http://www.aolcollege.com/,"Education, Healthcare, Community, Business, IT",True,e9460e32-02e5-4836-a649-10751b6d82ac,2026-01-10T13:15:04.390568+00:00,excel_import
Academy Of Learning College - Kelowna,college,BC,Kelowna,240A - 1640 Leckie Road,V1X 7C6,(250) 868-3688,,http://www.aolcollege.com/,"Education, Healthcare, Community, Business, IT",True,71056b68-eb86-45af-a4f6-af723a4d6656,2026-01-10T13:15:04.391123+00:00,excel_import
Academy Of Learning College - Nanaimo,college,BC,Nanaimo,7-1551 Estevan Road,V9S 3Y3,(250) 753-4220,,http://www.aolcollege.com/,"Education, Healthcare, Community, Business, IT",True,51f7b25f-215e-4a79-bff1-de1100bedd6c,2026-01-10T13:15:04.391649+00:00,excel_import
Academy Of Learning College - Surrey,college,BC,Surrey,102-13753  72nd Avenue,V3W 2P2,(604) 598-3555,,http://www.academyoflearning.com/locations_british_columbia_surrey.html,"Education, Healthcare, Business, IT, Culinary",True,25e27a18-4858-49b7-bb5e-42252d6a57a6,2026-01-10T13:15:04.392176+00:00,excel_import
Academy Of Learning College - Vancouver,college,BC,Vancouver,302-2555 Commercial Drive,V5N 4C1,(604) 876-8600,,http://www.academyoflearning.com/locations_british_columbia_vancouver_broadway.html,"Education, Healthcare, Business, IT, Culinary",True,ce6cb823-0cd6-41e0-b656-0e8dccc47622,2026-01-10T13:15:04.392704+00:00,excel_import
Accomplishment Coaching Canada,training_provider,BC,Victoria,40 Government St.,V8V 2K3,(250) 951-6460,linda@awakeningslifecoaching.ca,http://awakeningslifecoaching.ca/,,True,4c805d55-07b6-4882-bf0f-003dfd30a96e,2026-01-10T13:15:04.393205+00:00,excel_import
Aet Paramedic Academy Inc.,training_provider,BC,North Vancouver,14-1225 East Keith Road,V7J 1J3,(604) 922-2249,info@aetparamedic.ca,https://www.aetparamedic.ca/,"Education, Healthcare, IT",True,4fe9dbb3-942d-4250-8674-867850d0e893,2026-01-10T13:15:04.393723+00:00,excel_import
Airhart Aviation Inc.,training_provider,BC,Kelowna,1348 Water Street,V1Y 9P4,(250) 762-9830,info@air-hart.com,http://www.air-hart.com/,"Education, IT, Arts",True,1ef4917b-5a11-4171-845c-e0aa25698363,2026-01-10T13:15:04.394356+00:00,excel_import
Ajna Yoga,training_provider,BC,Victoria,209-250 Oak Bay Avenue,V8R 1G5,(250) 812-8355,,http://www.ajnayoga.ca/,"Education, Healthcare, IT",True,99d32ce5-27ab-4a22-833e-22597f53dc1b,2026-01-10T13:15:04.394925+00:00,excel_import
Alive Academy Of Natural Health,training_provider,BC,Richmond,100-12751 Vulcan Way,V6V 3C8,(604) 295-9333,,https://apg.alive.com/,,True,c924d423-16dd-4f27-acd3-8d04d151498e,2026-01-10T13:15:04.395482+00:00,excel_import
All Body Laser Corp. Training Institute,training_provider,BC,Port Coquitlam,2627 Shaughnessy Street #140,V3C 0E1,(604) 773-7515,,https://allbodylaser.com/,"Education, Healthcare, IT, Beauty",True,259d97ac-a651-4e02-86b0-8c6258ce9f17,2026-01-10T13:15:04.396061+00:00,excel_import
Alliance FranÃ£Â‡Aise De Vancouver,training_provider,BC,Vancouver,200-8555 Cambie Street,V6P 3J9,(604) 327-0201,info@alliancefrancaise.ca,https://www.alliancefrancaise.ca/en/,"Education, IT",True,341d35ee-983f-4fc4-adaa-2c06f3e32dd8,2026-01-10T13:15:04.396993+00:00,excel_import
Alvana Business Consulting Inc.,training_provider,BC,Vancouver,2108-1009 Expo Boulevard,V6Z 2V9,,,,,True,7a000809-b0e9-49af-85ea-f05bd6f33969,2026-01-10T13:15:04.397518+00:00,excel_import
Apna Professional Driving School Ltd.,training_provider,BC,Surrey,109-12815  85 Avenue,V3W 0K8,(604) 590-6330,apnatds@hotmail.com,http://www.apnaprodrivingschool.com/,"Education, IT, Logistics",True,61af8ef6-e456-4607-8a7b-39e66bedd87f,2026-01-10T13:15:04.398058+00:00,excel_import
Ashton College,college,BC,Vancouver,459-409 Granville Street,V6E 1T2,(604) 899-0803,,https://www.ashtoncollege.ca/,,True,5ddb72c8-ec1b-4375-badf-997d1e566a6b,2026-01-10T13:15:04.398557+00:00,excel_import
Ballet Victoria Society,training_provider,BC,Victoria,PO Box 8877 Station Central,V8W 3Z1,(250) 380-6063,,http://www.balletvictoria.ca/,"Community, Business",True,317c04c4-539c-42de-8cd1-962a42422882,2026-01-10T13:15:04.399139+00:00,excel_import
Bc Helicopters Ltd.,training_provider,BC,Abbotsford,1404 Townline Road,V2T 6E1,(604) 639-9090,admin@bchelicopters.com,http://www.bchelicopters.com/,"Education, IT",True,2b277330-6be0-42e8-9046-35c8ac9aaf34,2026-01-10T13:15:04.399711+00:00,excel_import
Bc Hydro Trades Training Centre,training_provider,BC,Surrey,12591  82nd Avenue,V3W 5Z9,(800) 224-9376,,https://www.bchydro.com/,,True,6420a124-5398-42bb-a092-ebb6eb7752d1,2026-01-10T13:15:04.400247+00:00,excel_import
Blanche Macdonald Centre,training_provider,BC,Vancouver,100-555 West 12th Avenue,V5Z 3X7,(604) 685-0347,,http://www.blanchemacdonald.com/,"Education, Business, IT, Beauty, Arts",True,7dbcd558-a329-41c0-8b05-d83a45c7cddd,2026-01-10T13:15:04.400913+00:00,excel_import
Blue Mountain Solutions,training_provider,BC,Victoria,4066 Licorice Lane,V8X 0A2,,,,,True,090b799a-6a0e-4871-876a-c9b186ae3f55,2026-01-10T13:15:04.401522+00:00,excel_import
Boma Building Owners And Managers Association British Columbia,training_provider,BC,Vancouver,556-409 Granville Street,V6C 1T2,(604) 684-3916,,http://www.boma.bc.ca/,Other,True,916eab7e-54a6-4fa7-83ca-eb47c4512905,2026-01-10T13:15:04.402114+00:00,excel_import
Bp Aviation Ltd.,training_provider,BC,Penticton,3390 Airport Road,V2A 8X1,(778) 476-5528,fly@bpaviation.ca,http://www.bpaviation.ca/,"Education, IT",True,662cf367-c18c-4658-9f16-136c27bc1702,2026-01-10T13:15:04.402676+00:00,excel_import
"Brainstation Inc. - Granville St., Vancouver",training_provider,BC,Vancouver,Unit 400 455 Granville Street,V6C 1T1,(604) 200-9796,example@gmail.com,https://brainstation.io/vancouver,"Education, Healthcare, Business, IT, Childcare",True,3612b8c8-7585-4014-a3e9-a9c75bd10b6a,2026-01-10T13:15:04.403227+00:00,excel_import
British Columbia College Of Equine Therapy,college,BC,Vernon,7184 L & A Road,V1B 3S8,(250) 542-5953,,,,True,e2333a6c-1622-4f63-b7da-304dbdaad7b4,2026-01-10T13:15:04.403794+00:00,excel_import
British Columbia Conservatory Of Music,training_provider,BC,Burnaby,4549 E. Hastings Street,V5C 2K3,(604) 299-2984,,http://www.bccmusic.ca/,"Education, IT, Arts",True,2f7020df-fecb-47a1-a73c-547908a265ee,2026-01-10T13:15:04.404342+00:00,excel_import
British Columbia Wall & Ceiling Association,training_provider,BC,Surrey,112-18663 52nd Avenue,V3S 8E5,(604) 575-0511,,http://www.bcwca.org/,"Education, Trades, IT",True,f0de1ed2-e294-4327-860e-e07e020d3629,2026-01-10T13:15:04.404937+00:00,excel_import
Burnaby Professional Driving School Inc.,training_provider,BC,Burnaby,5004 Still Creek Avenue,V5C 4E4,(604) 291-2255,,http://www.burnabypro.ca/,"Education, Healthcare, IT, Logistics",True,4eca3df5-bf7a-4833-8d83-1ffd5b5f3c64,2026-01-10T13:15:04.405506+00:00,excel_import
Glacier Air,training_provider,BC,Squamish,PO Box 2014  46001 Government Road,V8B 0B4,(604) 898-9016,,https://glacierair.com/,,True,3f04f2a2-214d-4061-bdfb-a5739fb4ab29,2026-01-10T13:15:04.406059+00:00,excel_import
Campbell River Tax Services Inc.,training_provider,BC,Campbell River,1250B Ironwood Street,V9W 6H5,(250) 287-7173,,https://www.lauriemclark.com/?utm_source=Google+Business+Profile,,True,761f80ac-baae-4016-bbfc-545ce8d9d7b0,2026-01-10T13:15:04.406598+00:00,excel_import
Canadian Acupressure College Inc.,college,BC,Nanaimo,1046B Shelby Ann Avenue,V9R 0H8,(250) 480-6679,,https://www.acupressureshiatsuschool.com/contact-us/,"Education, IT",True,6d7b58aa-bb28-4004-8311-6d5b969d2bd8,2026-01-10T13:15:04.407475+00:00,excel_import
Canadian Avalanche Association,training_provider,BC,Revelstoke,110 MacKenzie Avenue,V0E 2S0,(250) 837-2435,,http://www.avalancheassociation.ca/,,True,7deb53f5-898a-4485-b31e-07bc0d1eba82,2026-01-10T13:15:04.408300+00:00,excel_import
Canadian College,college,BC,Vancouver,200-1050 Alberni St.,V6E 1A3,(604) 688-9366,,http://www.canadiancollege.com/,"Healthcare, Trades, Business, IT, Culinary",True,1f7ee0cb-db25-4c8f-a225-c36b209fbcbd,2026-01-10T13:15:04.409141+00:00,excel_import
Canadian College Of Shiatsu Therapy Inc.,college,BC,North Vancouver,142 Lonsdale Avenue,V7M 2E8,(604) 904-4187,,http://www.shiatsuvancouver.ca/,"Education, IT, Beauty, Arts",True,a69ca2b6-3f4a-46ef-8d2d-01b3c6333e63,2026-01-10T13:15:04.409975+00:00,excel_import
Canadian Flight Centre Inc.,training_provider,BC,Pitt Meadows,603-11715 Baynes Road,V3Y 2V1,(604) 946-7744,inquiries@cfc.aero,http://www.cfc.aero/,"Education, IT",True,857aaf08-c5d8-4a18-bd92-8a30a8ae1948,2026-01-10T13:15:04.410807+00:00,excel_import
Canadian Institute For Nde,training_provider,BC,Langley,20353-64 Avenue,V2Y 1N5,,,,,True,42f8ace5-6b0c-4471-ba39-99398d9ff030,2026-01-10T13:15:04.411613+00:00,excel_import
Canadian Institute Of Reflexology Inc.,training_provider,BC,Richmond,211-7080 River Road,V6X 1X5,(306) 525-6199,chrisshirley@pacificreflexology.com,http://pacificreflexology.com/,"Education, IT",True,a5e9d599-1ad0-4897-a131-eae81f878839,2026-01-10T13:15:04.412434+00:00,excel_import
Canadian Reflexology School,training_provider,BC,Victoria,4268 Moorpark Place,V8Z 6P2,(250) 920-8687,westcoastreflexology@gmail.com,http://www.westcoastreflexology.com,"Education, IT",True,5bdee88d-1816-4a8a-b0e1-b1623552a3ac,2026-01-10T13:15:04.413278+00:00,excel_import
Canadian School Of Natural Nutrition - Kelowna,training_provider,BC,Kelowna,102-1626 Richter Street,V1Y 2M3,(250) 862-2766,,http://www.csnn.ca/,"Education, Healthcare, Business, IT",True,3d690604-da3c-469f-a6e1-371edb98bfea,2026-01-10T13:15:04.414135+00:00,excel_import
Canadian School Of Natural Nutrition - Nanaimo,training_provider,BC,Victoria,208-3045 Douglas Street,V8T 4N2,,,,,True,073fcb0c-17e7-4564-952e-c1ff74d13224,2026-01-10T13:15:04.414970+00:00,excel_import
Canadian Second Language Institute,training_provider,BC,Vancouver,188 Nelson Street,V6B 6J8,(604) 683-2754,,https://languages.lcieducation.com/,"Education, Community, IT",True,514c3919-0fdc-4b2b-be7d-8a39d7310bf7,2026-01-10T13:15:04.415823+00:00,excel_import
Canadian Society Of Immigration Consultants (Csic),training_provider,BC,Burnaby,501-3292 Production Way,V5A 4R4,(604) 436-9525,,http://www.cicsimmigration.com/,"Education, Trades",True,4c0c2710-cc18-461d-bc88-8cf558de1d66,2026-01-10T13:15:04.416662+00:00,excel_import
Canadian Southwestern College Ltd.,college,BC,Richmond,10011 Blundell Road,V6Y 2K9,(604) 279-5713,admissions@canadiansouthwesterncollege.ca,http://canadiansouthwesterncollege.ca/,"Education, Healthcare, IT, Childcare",True,cdd85f30-883c-4d2f-bddc-3645da7284a1,2026-01-10T13:15:04.417517+00:00,excel_import
Canadian Tourism College - Surrey,college,BC,Surrey,320-10362 King George Blvd.,V3T 2W5,(604) 582-1122,,https://tourismcollege.com/contact/,,True,c8967578-b296-45b8-835a-943a8eb2e0a0,2026-01-10T13:15:04.418340+00:00,excel_import
Canadian Tourism College - Vancouver,college,BC,Vancouver,200-1111 Melville Street,V6E 3V6,(604) 736-8000,support@tourismcollege.com,https://www.tourismcollege.com/,,True,d0540891-aa71-4b6d-a498-0102d0f70e84,2026-01-10T13:15:04.419172+00:00,excel_import
Canscribe Career Centre Inc.,training_provider,BC,Kelowna,1226 Ellis Street,V1Y 1Z4,(800) 466-1535,info@canscribe.com,https://canscribe.com/,"Education, Business, IT",True,2287616b-3163-4130-a3b1-fda227ecabf0,2026-01-10T13:15:04.420015+00:00,excel_import
Capital College,college,BC,Richmond,4400 Hazelbridge Way #540,V6X 3R8,(604) 270-7426,,http://www.capitalcollege.ca/,"Education, IT, Childcare",True,9bfffc8f-17c4-418c-8236-122c5aeeb992,2026-01-10T13:15:04.420859+00:00,excel_import
Care Institute Of Safety & Health Inc.,training_provider,BC,Vancouver,1770 East 18th Avenue,V5N 5P6,(604) 873-6018,elaine@care-institute.com,http://www.care-institute.com/,"Education, Healthcare, Trades, Business, IT",True,6e7de4e8-5257-4c4a-a2eb-70b0d6f6b4aa,2026-01-10T13:15:04.421716+00:00,excel_import
Carey Theological College,college,BC,Vancouver,5920 Iona Drive,V6T 1J6,(604) 225-5920,info@carey-edu.ca,https://carey-edu.ca/,"Education, Healthcare, Business, IT",True,4cc2b43d-5a47-415c-9eab-42676f5235d5,2026-01-10T13:15:04.422455+00:00,excel_import
Cariboo Driver Training,training_provider,BC,Williams Lake,14-704 Dog Creek Road,V2G 1K7,(250) 305-9705,,http://www.cariboodrivertraining.com/,"Education, IT, Logistics",True,bfbdffa6-ba01-4d53-af85-36e4675f1649,2026-01-10T13:15:04.423052+00:00,excel_import
Center For Arts And Technology,training_provider,BC,Kelowna,1632 Dickson Avenue,V1Y 7T2,(250) 860-2787,inquire@collegeforartsandtech.com,https://collegeforartsandtech.com/,Healthcare,True,ce7cd6bc-7b65-4cbe-baaf-d7f84a2b6b09,2026-01-10T13:15:04.423607+00:00,excel_import
Centre For Advanced Montessori Studies Of Vancouver,training_provider,BC,Vancouver,7128 Kerr Street,V5S 4W2,(604) 261-0864,,https://www.mtcbc-ami.org/,"Education, IT, Childcare",True,747fa939-1bbd-4b8d-b372-f795271bf898,2026-01-10T13:15:04.424222+00:00,excel_import
Centre For Spiritual Living Kelowna,training_provider,BC,Kelowna,131  101-1865 Dilworth Drive,V1Y 9T1,(250) 575-4465,,http://www.cslkelowna.org/,Other,True,f5c1d9e3-a196-4433-87d1-8fa5a98672be,2026-01-10T13:15:04.424854+00:00,excel_import
Certified Tax Preparers Inc.,training_provider,BC,Coquitlam,375 Water Street #200,V3B 0M9,(604) 428-1861,,https://canadataxpros.com/,,True,57322aa5-0242-4ab8-bab7-389c2a5dd0ad,2026-01-10T13:15:04.425485+00:00,excel_import
Cfe Success Inc.,training_provider,BC,Vancouver,1175 Victoria Drive,V5L 4G4,,,,,True,daf13e97-e674-423b-b225-305625d24784,2026-01-10T13:15:04.426092+00:00,excel_import
Chartered Global Practising Accountants Of Canada,training_provider,BC,White Rock,208A 1526 Finlay Street,V4B 4L9,(236) 591-6712,,http://cgpaglobal.ca/,"Healthcare, IT",True,19b85cf3-9ab9-4502-aad2-5fabad9cfe09,2026-01-10T13:15:04.426671+00:00,excel_import
Chartered Professional Accountants (Cpa) Bc,training_provider,BC,Vancouver,800-555 West Hasting Street,V6B 4N6,(604) 872-7222,,http://www.bccpa.ca/,"Education, Healthcare, Business, IT",True,12cb873a-1c8b-4e80-8239-5f45c39452d2,2026-01-10T13:15:04.427221+00:00,excel_import
Chilliwack Flight Centre Inc.,training_provider,BC,Chilliwack,46244 Airport Road #6,V2P 1A5,(604) 799-9266,,http://www.chilliwackflightcentre.com/,"Education, IT",True,42acefba-5c14-4992-b04e-a6c8921e317f,2026-01-10T13:15:04.427757+00:00,excel_import
Chinook Helicopters (1982) Ltd.,training_provider,BC,Abbotsford,30720 Rotor Drive,V2T 6H5,(888) 855-1101,,http://www.chinookhelicopters.com/,"Education, Healthcare, Business, IT, Arts",True,5460d705-9be0-48de-9e47-60f3c4ea843c,2026-01-10T13:15:04.428283+00:00,excel_import
Classic Aviation Ltd,training_provider,BC,Pitt Meadows,101-18799 Airport Way,V3Y 2B4,(604) 460-1588,,http://www.classicaviation.ca/,"Education, IT",True,35e59be5-508b-4ff3-adce-7cdb1fff0296,2026-01-10T13:15:04.428837+00:00,excel_import
Coast Wilderness Training Incorporated,training_provider,BC,Vancouver,8168 Granville Street #209,V6P 4Z4,(236) 885-6700,,http://wildernessfirstaidtraining.ca/,,True,8f35df50-a8ed-47b0-a92b-f1e6eef07e18,2026-01-10T13:15:04.429355+00:00,excel_import
Coastal College Of Bc Ltd.,college,BC,New Westminster,1155 Sparks Court,V6M 6S1,(604) 553-8585,,http://coastalcollegeofbc.com/,,True,b734d415-25ca-4fda-9732-d66ccaa0a047,2026-01-10T13:15:04.429939+00:00,excel_import
"Coastal Pacific Aviation Ltd. - Abbotsford, Bc",training_provider,BC,Abbotsford,30575 Approach Drive,V2T 6H5,(604) 855-1112,info@coastalpacific.com,https://www.coastalpacific.com/,"Education, IT",True,b47ac66b-8168-4f67-9980-f67154d3a3e2,2026-01-10T13:15:04.430476+00:00,excel_import
College Educacentre College,college,BC,Vancouver,842 Thurlow Street,V6E 1W2,(604) 708-5100,info@educacentre.com,http://www.educacentre.com/,"Education, IT",True,3c0b8c04-2f7d-4176-895a-cac2b2eb61f7,2026-01-10T13:15:04.431037+00:00,excel_import
Columbia Bible College,college,BC,Abbotsford,2940 Clearbrook Road,V2T 2Z8,(604) 853-3358,info@columbiabc.edu,http://www.columbiabc.edu/,Education,True,835b456e-9d76-40f4-aaae-f5d55b7040bd,2026-01-10T13:15:04.431554+00:00,excel_import
Coquitlam Continuing Education,training_provider,BC,Coquitlam,380 Montgomery Street,V3K 5G2,(604) 936-4261,,http://www.ce43.ca/,,True,517852dd-21e4-499b-879f-8e5f8f8ab3e3,2026-01-10T13:15:04.432078+00:00,excel_import
Cstt Complete School Of Truck Transportation Ltd.,training_provider,BC,Sidney,2061 Mills Road West,V8L 5X4,(250) 655-0432,info@csttdrivertraining.com,http://www.csttdrivertraining.com/,"Education, Healthcare, IT, Childcare, Logistics",True,87716a16-627c-4009-adec-b992a698b69b,2026-01-10T13:15:04.432612+00:00,excel_import
D.S.R.F. Down Syndrome Resource Foundation,training_provider,BC,Burnaby,1409 Sperling Avenue,V5B 4J8,(604) 444-3773,info@dsrf.org,https://dsrf.org/,Other,True,d798a897-bfee-41da-affa-b2bbe8f58c66,2026-01-10T13:15:04.433143+00:00,excel_import
"Delta School District, Continuing Education Branch",training_provider,BC,Delta,4750-57 Street,V4K 3C9,(604) 594-6100,info@deltaschools.ca; continuingeducation@deltaschools.ca,https://www.deltasd.bc.ca/programs/continuing-education/,"Education, Community, IT, Childcare",True,31b46da4-625a-4b53-a2dd-916ac57c0a13,2026-01-10T13:15:04.433658+00:00,excel_import
Diving Dynamics,training_provider,BC,Kelowna,1884 Ambrosi Road,V1Y 4R9,(250) 861-1848,,http://www.divingdynamics.com/,"Education, IT",True,e8bcf18e-1d43-4a81-b7c9-f44b495be515,2026-01-10T13:15:04.434172+00:00,excel_import
Dominion Herbal College,college,BC,Burnaby,5489 Byrne Road #271,V5J 3J1,(604) 433-1926,info@dominionherbalcollege.com,https://www.dominionherbalcollege.com/,"Education, IT, Arts",True,eee8bc12-d88b-4169-8192-0404b2a2bbe6,2026-01-10T13:15:04.434687+00:00,excel_import
Done Right Driving School Ltd.,training_provider,BC,Clearwater,21-1023 Scott Drive,V0E 1N2,(888) 674-2755,,https://www.donerightdriving.ca/,,True,9c148ac5-c427-44a0-b340-6a3692d81677,2026-01-10T13:15:04.435202+00:00,excel_import
Drake Medox College,college,BC,Vancouver,200-535 10th Avenue West,V5Z 1K9,(604) 629-0196,,http://www.drakemedoxcollege.ca/,"Education, Healthcare, Business, IT",True,6d3a3c49-6cd5-4e85-962d-13cbd6d6f263,2026-01-10T13:15:04.435814+00:00,excel_import
Duncan Tax Services Inc.,training_provider,BC,Duncan,3-5845 Trans-Canada Highway,V9L 3R9,(250) 597-2667,,,,True,8a332b4a-dd15-4506-bab7-fc2e3440492b,2026-01-10T13:15:04.436506+00:00,excel_import
Essence Of Thyme College Of Holistic Studies Ltd.,college,BC,Langley Township,20729 93A Avenue,V1M 2W7,,,,,True,8334b92f-3caf-428e-9851-e1b2caa948bb,2026-01-10T13:15:04.437182+00:00,excel_import
Excel Career College Inc. - Courtenay,college,BC,Courtenay,201- 841 Cliffe Avenue,V9N 2J8,(778) 265-7111,,https://www.excelcareercollege.com/,"Education, Healthcare, Business, IT, Logistics, Dental",True,148c2ddd-a0a5-401d-a387-8fe5c3fdf66e,2026-01-10T13:15:04.439347+00:00,excel_import
"Extreme Professional Driver Training Inc. - Kamloops, Bc",training_provider,BC,Kamloops,753 Sarcee Road East,V2H 1E6,(778) 471-4117,,http://www.extremeprodriver.com/,"Education, Healthcare, IT, Logistics",True,fa8be43d-1648-41ee-87f1-7ff3f3159381,2026-01-10T13:15:04.440002+00:00,excel_import
"Extreme Professional Driver Training Inc. - Vernon, B.C.",training_provider,BC,Kamloops,753 Sarcee Street East,V2H 1E6,(778) 471-4117,,http://www.extremeprodriver.com/,"Education, Healthcare, IT, Logistics",True,841e5c41-a77c-4aa3-845f-6545319d6bae,2026-01-10T13:15:04.440664+00:00,excel_import
Focus College,college,BC,Surrey,105-13655 104 Avenue,V3W 1T3,(250) 861-5808,admissions@focuscollege.com,https://focuscollege.com/,"Education, Healthcare, Community, Business, IT, Security, Legal",True,272a0e4c-eb9c-4d93-ae2a-85e6cb4da65b,2026-01-10T13:15:04.441361+00:00,excel_import
Fox Professional Driver Training Centers Ltd.,training_provider,BC,Prince George,2274 Nicholson St. South,V2N 1V8,(250) 564-7624,Taylor@obriengroup.ca,http://www.taylorprofessionaldriving.com/,"Education, Business, IT, Childcare, Logistics",True,aaac4b7b-c758-4782-9203-05a441213840,2026-01-10T13:15:04.442046+00:00,excel_import
Western Maritime Institute,training_provider,BC,Ladysmith,3519 Hallberg Road,V9G 1K1,(866) 632-6888,info@maritimeed.com,http://www.maritimeed.com/,"Education, Healthcare, IT",True,99c38895-25c9-4332-a04e-92795c3f36e2,2026-01-10T13:15:04.442650+00:00,excel_import
Gaia College Inc.,college,BC,Duncan,5820 Wilson Avenue,V9L 1K4,,,,,True,6f95c610-9102-41a8-a9b0-bcf2103bf154,2026-01-10T13:15:04.443222+00:00,excel_import
Gateway College,college,BC,Vancouver,702-333 Terminal Avenue,V6A 4C1,(236) 466-1234,,http://www.gwcollege.ca/,"Education, Healthcare, Business, IT",True,833b38f7-2967-4055-8396-d6f372d9d8ca,2026-01-10T13:15:04.443801+00:00,excel_import
Gevorg Cpa,training_provider,BC,Vancouver,1117- 5665 Boundary Road,V5R 0E4,(778) 960-7720,info@gsynergytaxcpa.ca,https://gsynergytaxcpa.ca/,,True,b4a199e2-d1f2-4317-b383-c8498b9672bd,2026-01-10T13:15:04.444373+00:00,excel_import
New Image College,college,BC,Vancouver,987 Granville Street,V6Z 1L3,(778) 232-1103,,http://www.jagerinternational.com/,,True,9db7583a-6132-463b-9851-ef6b6a98ffd2,2026-01-10T13:15:04.444955+00:00,excel_import
Global Village Victoria,training_provider,BC,Victoria,200 - 1290 Broad Street,V8W 2A5,(250) 384-2199,calgary@gvenglish.com; victoria@gvenglish.com,http://www.gvenglish.com/,"Education, Community",True,0942c690-c959-42c4-b6e1-a60c83a4fbaa,2026-01-10T13:15:04.445534+00:00,excel_import
Goaction Film School Inc.,training_provider,BC,New Westminster,201 733-6th Street,V3L 3C6,(604) 787-5211,office@goactionfilmschool.com,http://www.goactionfilmschool.com/,"Education, IT, Arts, Manufacturing",True,ea04b683-796d-469d-ad27-a97faf7b1163,2026-01-10T13:15:04.446119+00:00,excel_import
Greystone College Of Business And Technology,college,BC,Vancouver,560 Granville Street,V6C 1W6,(604) 682-3880,,https://www.ilsc.com/greystone-college/canada/vancouver,"Education, Healthcare, Business, IT, Arts",True,859931d7-1db8-482e-ae38-cbced08ef5d8,2026-01-10T13:15:04.446716+00:00,excel_import
Heartsafe Ems,training_provider,BC,Victoria,123 Gorge Road East,v9a 1L1,(250) 385-3223,,http://www.heartsafeems.com/,,True,c51d995d-f431-4f13-9e99-778a7a742ad3,2026-01-10T13:15:04.447272+00:00,excel_import
Heli-College Canada Training Inc.,college,BC,Langley,Hangar 2 5333 216th Street,V2Y 2N3,(800) 363-4354,,http://www.heli-college.com/,"Education, IT",True,67f4df0f-3650-4cc8-adef-ee8f25d4a89a,2026-01-10T13:15:04.447858+00:00,excel_import
Ih Career College,college,BC,Vancouver,2001-88 Pender Street West,V6H 6N9,(604) 739-9836,,http://www.ihcareercollege.com/,,True,d47739b9-b2c3-4072-8b46-6886593c0e22,2026-01-10T13:15:04.448426+00:00,excel_import
Ilac International College - Bc,college,BC,Vancouver,688 W. Hastings Street,V6B 1P1,(604) 484-6660,,http://ilacinternationalcollege.com/,"Education, Healthcare, Business, IT, Arts",True,e6205a41-2d6e-4178-a1ac-4fd77a088c66,2026-01-10T13:15:04.449091+00:00,excel_import
In Focus Film School,training_provider,BC,Vancouver,306 Abbott Street,V6B 2K9,(604) 915-6900,info@infocusfilmschool.com,https://infocusfilmschool.com/,"Education, IT, Childcare, Arts, Manufacturing",True,778d99d1-d2ff-4584-8bc6-79fedbb0ce57,2026-01-10T13:15:04.449804+00:00,excel_import
Indigenous Perspectives Society,training_provider,BC,Victoria,664 Granderson Road,V9B 2R8,(250) 391-0007 ext. 0,,http://ipsociety.ca/,"Education, Business, IT",True,b5459ad3-9c14-4b69-9b3c-0a2262d27905,2026-01-10T13:15:04.450419+00:00,excel_import
Infofit Educators,training_provider,BC,Vancouver,101- 1687 West Broadway,V6J 1X2,(604) 683-0785,,https://www.infofit.ca/,"Education, IT",True,1d9cd785-7cff-4d59-9809-7539c37deb2a,2026-01-10T13:15:04.451358+00:00,excel_import
Innerstart Training & Education,training_provider,BC,Port Coquitlam,1937 Prairie Avenue,K2W 1V8,(604) 468-2032,,https://www.innervisionsrecovery.com/,"Education, IT, Arts",True,1fa6872e-21a9-4e29-8b6b-afb59c9ef7c5,2026-01-10T13:15:04.452421+00:00,excel_import
Innerstart Training & Education,training_provider,BC,Maple Ridge,11982 Laity Street,V2X 5A6,(604) 466-6555,tricia_mccuaig@sd42.ca,https://www.sd42.ca/online-learning/,"Education, Healthcare, IT",True,2a72d29b-1f2a-4ec5-a46e-9237afbbe748,2026-01-10T13:15:04.453253+00:00,excel_import
Integrity Driving School Ltd.,training_provider,BC,Abbotsford,14-33498 Bevan Ave,V2S 5G6,(604) 744-1222,info@integritydrivingschool.ca,http://www.integritydrivingschool.ca/,"Education, IT, Logistics",True,0ceb6666-0069-4458-b7c8-d258d00e5857,2026-01-10T13:15:04.454027+00:00,excel_import
Interior Academy,training_provider,BC,Kamloops,389 Tranquille Road,V2B 3G4,(250) 374-5565,,http://interioracademy.com/,"Education, Healthcare, IT, Beauty, Arts",True,de4fc811-37cf-40bb-9300-09d9a6db074c,2026-01-10T13:15:04.454786+00:00,excel_import
Interior Heavy Equipment Operator School Ltd.,training_provider,BC,Lake Country,22-11852 Highway 97,V4V 1E3,(250) 766-3853,INFO@IHESCHOOL.COM,https://iheschool.com/,"Education, IT, Logistics, Arts, Manufacturing",True,bf077a08-77e2-40be-ac17-e19fb276ae6a,2026-01-10T13:15:04.455536+00:00,excel_import
International College Of Traditional Chinese Medicine,college,BC,Vancouver,201-1508 West Broadway,V6J 1W8,(604) 731-2926,admission@tcmcollege.com; tcmclinic@tcmcollege.com; info@tcmcollege.com,http://www.tcmcollege.com/,"Education, Healthcare, IT",True,2dfce19a-7d0d-4fb8-9f52-b6f3e5436a16,2026-01-10T13:15:04.456322+00:00,excel_import
International Flight Centre Inc.,training_provider,BC,Delta,1-7630 Montreal Street,V4K 0A7,(604) 940-6383,intlflightcentre@hotmail.com,http://www.intlflightcentre.com/,"Education, IT",True,3d22bac7-640f-4502-87ad-0616e1809540,2026-01-10T13:15:04.457178+00:00,excel_import
Island Coastal Aviation Inc.,training_provider,BC,Pitt Meadows,1013-18799 Airport Way,V3Y 0H1,(604) 465-5560,info@islandcoastalaviation.com,https://www.islandcoastalaviation.com/,"Education, IT, Arts",True,56890100-0805-4ec5-8524-26a9e73d571e,2026-01-10T13:15:04.457938+00:00,excel_import
Island School Of Building Arts,training_provider,BC,Gabriola,3199 Coast Road,V0R 1X0,(250) 247-8922,info@isba.ca,https://www.logandtimberschool.com/,Healthcare,True,24b01a8a-4289-4a25-9e08-cbf2d57c6b2b,2026-01-10T13:15:04.458670+00:00,excel_import
Iuoe Local 115 Training Association,training_provider,BC,Burnaby,4333 Ledger Avenue,V5G 3T3,(604) 291-8831,iuoe@iuoe115.ca,http://www.iuoe115.com/,"Education, Healthcare, Trades, IT",True,ca0c1954-17aa-44aa-9787-9cc03bb49cb4,2026-01-10T13:15:04.459520+00:00,excel_import
J.T. Safety Training Ltd.,training_provider,BC,Dawson Creek,7-1405 102 Avenue,V1G 2E1,(877) 343-7444,june@jtsafetytraining.ca,http://www.jtsafetytraining.ca/,"Education, IT",True,6206b634-80c3-46d5-ae3c-943a920a8aa6,2026-01-10T13:15:04.460303+00:00,excel_import
Jean Lyons School Of Music,training_provider,BC,Vancouver,73-7th Avenue East,V5T 1M4,(604) 734-4019,info@jeanlyonsmusic.com,http://jeanlyonsmusic.com/,"IT, Arts",True,69235120-f794-4e00-a011-c253d0b67142,2026-01-10T13:15:04.461051+00:00,excel_import
Jkl Management Inc.,training_provider,BC,Burnaby,6025 Sussex Street,V5H 0A0,(650) 618-5055,,https://jklcorporation.com/,,True,b005eb63-fa3d-44ec-aec8-023ba6ae7c6a,2026-01-10T13:15:04.461708+00:00,excel_import
John Casablancas Institute Of Applied Arts,training_provider,BC,Vancouver,Suite 150 220 Cambie Street,V6B 2M9,(604) 688-0328,INFO@JCINSTITUTE.COM,https://www.jcinstitute.com/,"Education, Healthcare, Business, IT, Childcare, Beauty, Arts",True,5b4a3831-c489-41b3-bf87-c47af5aea298,2026-01-10T13:15:04.462332+00:00,excel_import
Kelowna And District Fish & Game Club,training_provider,BC,Kelowna,4041 Casorso Road,V1W 4N6,(250) 764-7558,info@kdfgc.org,https://www.kdfgc.org/,"Education, Healthcare, Business, IT, Childcare, Legal",True,cfdc7853-4ce3-4fe8-b0c3-d2ce0408449b,2026-01-10T13:15:04.462947+00:00,excel_import
Kelowna Community Music School,training_provider,BC,Kelowna,728 Dehart Avenue,V1Y 6A1,(250) 860-1737,info@mykcms.ca,http://www.kelownacommunitymusicschool.ca/,Other,True,d3f839b8-4cfd-4f92-9091-97f43a67b779,2026-01-10T13:15:04.463536+00:00,excel_import
Kootenay Lake Aviation Inc.,training_provider,BC,Nelson,11-622 Front Street,V1L 4B7,(250) 551-4002,,http://www.flykla.com/,"Education, IT, Arts",True,2cb012be-c1d3-4880-a453-ab204c36ae2f,2026-01-10T13:15:04.464134+00:00,excel_import
Kutenai Art Therapy Institute,training_provider,BC,Nelson,191 Baker Street 2nd Floor,V1L 4H1,(250) 352-2264,admin@kutenaiarttherapy.com,https://www.kutenaiarttherapy.com/,"Education, Healthcare, IT, Arts",True,5b48c49b-80eb-48b3-8eee-d59727f450c2,2026-01-10T13:15:04.464732+00:00,excel_import
Langley Flying School Inc.,training_provider,BC,Langley,Hanger 4B   5385-216 Street Langley Airport,V2Y 2N3,(604) 532-6461,Administration@langleyflyingschool.com; administration@langleyflyingschool.com,http://www.langleyflyingschool.com/,"Education, IT",True,2abaaff7-d146-4cf4-bcf9-492810b1489a,2026-01-10T13:15:04.465388+00:00,excel_import
Learning Matters Ltd.,training_provider,BC,Kelowna,348 Bernard Avenue,V1Y 6N5,(615) 739-0547,,http://www.learningmattersinc.org/,"Education, Healthcare",True,26027dc6-f9b1-4b6f-876a-cf74f83a96af,2026-01-10T13:15:04.466024+00:00,excel_import
Lighthouse Labs - Vancouver,training_provider,BC,Vancouver,600-401 Georgia St. W,V6B 5A1,,,,,True,88afded5-273d-4353-836d-fd0c7c2feeba,2026-01-10T13:15:04.466630+00:00,excel_import
Lighthouse Labs,training_provider,BC,Vancouver,101-1318 Homer Street,V6B 6A7,(888) 569-6898,UvaroLHL@glassratner.com; rwilliams@glassratner.com; eklein@glassratner.com,https://www.lighthouselabs.ca/,Other,True,3b98121d-75be-4122-8e86-2bf7e0c681bd,2026-01-10T13:15:04.467271+00:00,excel_import
Lighthouse Labs - Calgary,training_provider,BC,Vancouver,101-1318 Homer Street,V6B 6A7,,,,,True,dcd9989e-d048-42b5-887c-6275ebbda279,2026-01-10T13:15:04.467861+00:00,excel_import
"Living Systems: Family Systems Counselling Education, Training And Research Society",training_provider,BC,North Vancouver,133-901 3rd Street West,V7P 3P9,(604) 926-5496,info@livingsystems.ca,https://livingsystems.ca/,"Education, Healthcare, IT",True,4738a945-d463-4f81-8247-5192f3de5444,2026-01-10T13:15:04.468461+00:00,excel_import
Make A Change Canada/Faire Un Changement Canada,training_provider,BC,Nelson,B-507 Vernon Street,V1L 4E9,(800) 622-6232,,http://www.servicecanada.gc.ca/,,True,0094bd44-654b-4b8d-a665-19c57790ed75,2026-01-10T13:15:04.469244+00:00,excel_import
Mark Anthony Academy Of Cosmetology,training_provider,BC,Langley,5735-203 Street,V3A 8A7,(604) 530-4678,admin@legendsacademy.ca; info@legendsacademy.ca,https://maacademy.ca/,"Education, Healthcare, IT, Beauty",True,bcfce68b-2294-4157-9a43-326b6f159338,2026-01-10T13:15:04.469906+00:00,excel_import
Mirage Spa Education Inc.,training_provider,BC,Cobble Hill,3718 Arbutus Drive N,V0R 1L1,(604) 249-3799,info@mirageeducation.com,https://www.miragespa.ca/,"Education, Healthcare, IT, Beauty, Arts",True,9d7bc1d7-9b89-4865-bd46-baec13b14b46,2026-01-10T13:15:04.470498+00:00,excel_import
Montair Aviation Inc.,training_provider,BC,Pitt Meadows,290-18799 Airport Way,V3Y 2B4,(604) 465-8825,admissions@montairaviation.com,http://www.montair.com/,"Education, IT, Arts",True,3249438f-c27a-4d39-82b7-67cb8e38b741,2026-01-10T13:15:04.471311+00:00,excel_import
Morse Driving School Ltd.,training_provider,BC,Surrey,1704-13880 101 Avenue,V3T 5T1,(604) 366-9696,,,,True,fb3eb9e6-616f-4130-baaf-337c03fdc62c,2026-01-10T13:15:04.472097+00:00,excel_import
Resident Managers' Training Institute,training_provider,BC,Vancouver,Suite 1500 701 West Georgia Street,V7Y 1C6,(604) 681-5456,info@rmti.ca,https://www.rmti.ca/,"Education, IT",True,5d01821a-52cc-4144-8e6d-be947720ae60,2026-01-10T13:15:04.472746+00:00,excel_import
Neha Hair Dressing School,training_provider,BC,Delta,9333 120th Street,V4C 6R8,(604) 584-5524,,http://www.nehabeautysalon.com/,,True,f6206a5a-ab73-46ee-b7f3-775da0b98b46,2026-01-10T13:15:04.473340+00:00,excel_import
North American Montessori Centre,training_provider,BC,Surrey,17675 66 Avenue,V3S 7X1,,,,,True,7f04286b-65f2-4031-98cd-031ae9cd9354,2026-01-10T13:15:04.473964+00:00,excel_import
North American School Of Outdoor Writing,training_provider,BC,Saltspring Island,2009-135 Brinkworthy Rd.,V8K 1S2,(250) 537-4713,rbrunt@saltspring.com,https://nasow.com/,"Education, IT",True,7d888bcc-faf3-41d6-9650-264264877f62,2026-01-10T13:15:04.474619+00:00,excel_import
Nutraphoria School Of Holistic Nutrition,training_provider,BC,Maple Ridge,22420 Dewdney Trunk Road #300,V2X 3J5,(604) 999-1550,studentservices@nutraphoria.com; admissions@nutraphoria.com,http://www.nutraphoria.com/,"Education, Healthcare, IT",True,8c04c97f-274c-4904-8900-0851cfcc3a5d,2026-01-10T13:15:04.475258+00:00,excel_import
Okanagan Mountain Helicopters Ftu Ltd.,training_provider,BC,Kelowna,6285 Airport Way,V1V 1S1,(250) 491-9359,,http://www.okheli.ca/,"Education, IT, Arts",True,3dfc98ee-ca29-4347-86fd-0a44723e6653,2026-01-10T13:15:04.475888+00:00,excel_import
Okanagan Valley College Of Massage Therapy Ltd.,college,BC,Vernon,200-3400 30th Avenue,V1T 2E2,(250) 558-3718,info@ovcmt.com,http://www.ovcmt.com/,"Education, Healthcare, IT, Beauty, Arts",True,4552cdd3-01a0-4a39-9d9a-050df0d294e5,2026-01-10T13:15:04.476631+00:00,excel_import
Omni College,college,BC,Richmond,3130-8788 McKim Way,V6X 4E2,(604) 279-1800,,http://www.omnicollege.com/,"Education, Healthcare, IT",True,4197607c-a90d-4239-8c6c-adf93f7302a9,2026-01-10T13:15:04.477342+00:00,excel_import
On The Mic Voice-Over Training Inc.,training_provider,BC,Vancouver,101 Powell Street,V6A 1G2,(604) 669-0654,,http://www.onthemictraining.com/,"Education, IT, Arts",True,af4246dd-2392-49af-9efe-4e2ac5c5a932,2026-01-10T13:15:04.478010+00:00,excel_import
Orca Institute,training_provider,BC,Vancouver,Suite 1202 1255 Bidwell Street,V6G 2K8,(604) 808-3703,director@hypnotherapytraining.net,https://www.hypnotherapytraining.net/,"Education, Healthcare, IT",True,6dc7785c-cea0-49ae-9127-6cc430a2bba7,2026-01-10T13:15:04.478644+00:00,excel_import
Ott Driving Academy Inc.,training_provider,BC,Surrey,101-8952 Holt Road,V3V 4H2,(778) 818-1616,,https://ottdrivingacademy.ca/,,True,af805596-fdb3-40c0-af9a-94edfe6234af,2026-01-10T13:15:04.479246+00:00,excel_import
Operators Training School,training_provider,BC,Langley Township,26859 8 avenue,V4W 2M7,(604) 626-0326,cody@operatorstraining.com,https://www.operatorstraining.com/,"Education, IT, Manufacturing",True,b357967b-6463-48b6-bb87-5f9401c2f198,2026-01-10T13:15:04.479871+00:00,excel_import
Over The Road Truck Driving School Ltd.,training_provider,BC,Langley Township,6782  248 Street,V4W 1C1,(604) 404-5608,,https://www.otrdrivingschool.com/,,True,46df96bb-df84-404b-beac-4c98ae4876a9,2026-01-10T13:15:04.480447+00:00,excel_import
Pace Canada College,college,BC,Surrey,2010-12732  80th Avenue,V3W 3A7,(604) 439-9255,,https://www.plvan.com/contact-us/surrey-campus/,,True,a7f4e085-3609-405a-9fa9-d971cd4f6c21,2026-01-10T13:15:04.481048+00:00,excel_import
Pacific Dance Centre Victoria,training_provider,BC,Victoria,5182 Cordova Bay Road,V8Y 2K8,,,http://www.pacificdancecentre.com/,"Education, IT",True,f488cc2a-ed35-4c90-b7e0-201195b143e6,2026-01-10T13:15:04.481646+00:00,excel_import
Pacific Dancearts,training_provider,BC,Vancouver,3626 East 4th Avenue,V5M 1M3,(604) 738-8575,,http://www.pacificdancearts.ca/,"Education, IT, Arts",True,95fb2f44-034a-4ba5-9a4e-a306564fd431,2026-01-10T13:15:04.482228+00:00,excel_import
Pacific Flying Club,training_provider,BC,Delta,4-4335 Skeena Street,V4K 0A6,(604) 946-0011,info@pacificflying.com,http://www.pacificflying.com/,"Education, IT",True,d41bdbaa-31ed-401a-ae3d-c992a3abd9ee,2026-01-10T13:15:04.482810+00:00,excel_import
Pacific Institute Of Culinary Arts,training_provider,BC,Vancouver,1505 West 2nd Avenue,V6H 3Y4,(604) 734-4488,contact@picachef.com; hello@picachef.com,https://www.picachef.com/?utm_source=GMB&utm_medium=organic,"Education, IT, Culinary, Arts",True,e459c2cb-595a-4719-b0c2-238172b315f0,2026-01-10T13:15:04.483521+00:00,excel_import
Pacific Rim Aviation Academy Inc.,training_provider,BC,Pitt Meadows,Hangar # 393 - 18799 Airport Way,V3Y 2B4,(604) 465-3594,info@pacificrimaviation.ca,http://www.flighttraininginbc.com/,"Education, IT",True,8c3b1b75-15bc-4ce9-8868-9252e225be81,2026-01-10T13:15:04.484127+00:00,excel_import
Pacific Rim College,college,BC,Victoria,229-560 Johnson Street,V8W 3C6,(250) 483-2119,,http://www.pacificrimcollege.com/,"Education, Healthcare, Community, IT, Arts",True,7c6bcc39-6d29-4169-bd92-a4684188b137,2026-01-10T13:15:04.484774+00:00,excel_import
Pacific Rim Early Childhood Institute Inc.,training_provider,BC,Saanichton,2120 Bear Hill Rd,V8M 1X7,(250) 652-6011,,https://www.earlychildhoodeducator.com/,"Education, Healthcare, IT, Childcare, Arts",True,367a8537-75a6-451d-8a44-69967c5d3a93,2026-01-10T13:15:04.485358+00:00,excel_import
Pacific Vocational College Ltd.,college,BC,Burnaby,4064 McConnell Drive,V5A 3A8,(604) 421-5255,admin@pvc.training,https://pvc.training/,"Education, Healthcare, Community, Trades, Business, IT",True,5e3e2846-5351-4fc1-8600-c7e8d848b869,2026-01-10T13:15:04.485947+00:00,excel_import
Pacific West Baptist College,college,BC,Surrey,3-13570  78 Avenue,V3W 8V3,(604) 597-9082,,https://pacificlife.edu/,,True,8e149c68-e693-49c8-a6ab-791ca7b70965,2026-01-10T13:15:04.486504+00:00,excel_import
Parkway Driving Academy Ltd.,training_provider,BC,Nanaimo,8-4376 Boban Drive,V9T 6A7,(250) 729-9397,,,,True,b5629c31-212e-4b4c-9cf4-3ab7f73edcb4,2026-01-10T13:15:04.487103+00:00,excel_import
Peak Project Management Inc. Dba Peak Emergency Response Training,training_provider,BC,Delta,1717 Beach Grove Road,V4L 1P4,(604) 276-7889,sales@peaksafetytraining.com,http://peaksafetytraining.com/,"Education, Healthcare, Trades, IT, Arts",True,a19b4b2a-208b-415e-936c-02fdf6d677eb,2026-01-10T13:15:04.487731+00:00,excel_import
Personalized Dementia Solutions Inc.,training_provider,BC,Coquitlam,2986 Pinnacle Street,V3C 3S9,,,,,True,49f626e0-499f-4f6d-995f-68f5c591e444,2026-01-10T13:15:04.488285+00:00,excel_import
Pnc Learning Inc.,training_provider,BC,Vancouver,1707-1288 W Georgia Street,V6E 4R3,(778) 652-3404,info@pnclearning.com,http://www.pnclearning.com/,"Education, Healthcare, IT, Real Estate",True,3f9419ad-5a44-471f-bf94-c089e585f0c1,2026-01-10T13:15:04.488872+00:00,excel_import
Princeton And District Community Skills Centre Society,training_provider,BC,Princeton,206 Vermilion Avenue,V0X 1W0,(250) 295-4051,,http://princetoncsc.com/,,True,55e015a4-d175-4797-b67b-bc36de6692f9,2026-01-10T13:15:04.489444+00:00,excel_import
Principal Air,training_provider,BC,Abbotsford,D-30460 Liberator Avenue,V2T 6H5,(604) 850-0290,,http://www.principalair.ca/,"Education, IT, Arts",True,f08b66b0-ee93-43b4-bcc1-9a5cd919a7c4,2026-01-10T13:15:04.490026+00:00,excel_import
Principal Air Ltd.,training_provider,BC,Abbotsford,D-30460 Liberator Avenue,V2T 6H5,(604) 850-0290,,http://www.principalair.ca/,"Education, IT, Arts",True,62bf8731-37b4-4b2b-a597-ebc77da0f7fe,2026-01-10T13:15:04.490585+00:00,excel_import
Professional Flight Centre,training_provider,BC,Delta,6-4340 King Street,V4K 0A5,(604) 952-4635,info@proifr.com,https://www.proifr.com/,"Education, Business, IT, Arts",True,9d684456-09c5-403d-bec0-073215738d79,2026-01-10T13:15:04.491173+00:00,excel_import
Pure Freedom Yyoga Wellness Inc.,training_provider,BC,Vancouver,303 1620 8th Avenue W,V6J 1V4,(604) 682-3569,,https://yyoga.ca/bc/locations/downtown-flow/,"Education, Business, IT",True,480eaebb-238c-4c17-950c-e508cfe41907,2026-01-10T13:15:04.491764+00:00,excel_import
Q College- Multihexa Bc Inc.,college,BC,Victoria,301-1321 Blanshard Street,V8W 0B6,(604) 677-3866,,https://vancouver.multihexa.ca/,"Business, IT, Childcare, Arts",True,fb108a9d-922f-4b46-96e8-66695146674d,2026-01-10T13:15:04.492330+00:00,excel_import
Quadrant Marine Institute Inc.,training_provider,BC,Sidney,7-2300 Canoe Cove Road,V8L 3X9,(250) 656-2824,,http://www.quadrantmarine.com/,"Education, Trades, IT",True,bdf66860-61f7-4478-a81d-472c18b12b54,2026-01-10T13:15:04.492906+00:00,excel_import
Quantum College,college,BC,Richmond,8181 Cambie Road #6650,V6X 3X9,(778) 898-9998,,https://quantumedu.ca/,"IT, Culinary",True,96b548f9-18a7-470c-a097-2f964ce55718,2026-01-10T13:15:04.493464+00:00,excel_import
Rcabc - Educational Foundation,training_provider,BC,Langley Township,9734 - 201 Street,V1M 3E8,(604) 882-9734,,https://www.rcabc.org/education-training/,"Education, IT",True,03ae81d5-68b2-4911-b2b9-e00c15216cdb,2026-01-10T13:15:04.494043+00:00,excel_import
Rhodes Wellness College,college,BC,Vancouver,280-1125 Howe Street,V6Z 2K8,(604) 708-4416,,https://www.rhodescollege.ca/,"Education, Healthcare, IT, Beauty, Arts",True,b1798c3e-5d42-4768-bdab-ae6c848193cf,2026-01-10T13:15:04.494681+00:00,excel_import
Richard Mar Advanced School Of Hairstyling & Esthetics,training_provider,BC,Victoria,1217A Warf Street,V8W 1T9,(778) 433-3463,beautyschool@decodemode.com,https://decodemodethebeautyschool.com/,"Education, IT, Beauty",True,a7de1397-ea41-4cbb-8cb6-f1bb4dbed479,2026-01-10T13:15:04.495291+00:00,excel_import
Ridge Meadows College - School District 42,college,BC,Maple Ridge,20575 Thorne Avenue,V2X 9A6,(604) 466-6242,rmc@sd42.ca,https://rmcollege.sd42.ca/,"Education, Trades, IT",True,96161284-ecb2-402b-bf96-c1083953994d,2026-01-10T13:15:04.495875+00:00,excel_import
Ridge Wilderness Adventures,training_provider,BC,Abbotsford,419-A 33771 George Ferguson Way,V2S 2M5,(604) 477-4663,,http://www.ridgewilderness.com/,Education,True,3cca50bc-9e6d-44ff-bf12-e3e9883801e8,2026-01-10T13:15:04.496444+00:00,excel_import
Riverside College - School District 75,college,BC,Mission,33919 Dewdney Trunk Road,V2V 6Y4,(604) 814-0446,rtc.info@mpsd.ca,https://www.riversidecollege.ca/,"Education, Trades, IT",True,f38bbdb3-21fa-4230-9615-d7106bc00696,2026-01-10T13:15:04.497035+00:00,excel_import
Rti Refrigeration Training Institute Association,training_provider,BC,Surrey,19560 96 Avenue,V4N 4C3,(604) 425-3414,,http://www.rtia.ca/,"Education, Trades, IT",True,1ed64d1f-d1ef-404a-b994-44ec51f9bcae,2026-01-10T13:15:04.497611+00:00,excel_import
Sales & Marketing Executives Of Vancouver,training_provider,BC,Abbotsford,Suite 191 33771 George Ferguson Way,V2S 2M5,(604) 800-3883,info@allinonemarketingpro.com; abbotsford@allinonemarketingpro.com,https://www.allinonemarketingpro.com/abbotsford/?utm_source=GMB_listing&utm_medium=organic&utm_campaign=abbotsford,,True,aec34e7c-b2a0-47a7-9632-7eaea7e8d7df,2026-01-10T13:15:04.498173+00:00,excel_import
School District # 79,training_provider,BC,Duncan,2557 Beverly Street,V9L 2X3,(250) 748-0321,cowichanvalleydpac@sd79.bc.ca; info@sd79.bc.ca,https://sd79.bc.ca/,"Education, Business, IT, Childcare",True,8fe5c8a5-b7fe-4379-a2a2-f42419ab7a5f,2026-01-10T13:15:04.498741+00:00,excel_import
School District 41 - Burnaby,training_provider,BC,Burnaby,4054 Norfolk Street,V5G 0C3,(604) 296-6900,,http://www.burnabyschools.ca/,"Education, Healthcare, Arts",True,7a008d96-8e48-495a-9c36-855c7c96db05,2026-01-10T13:15:04.499304+00:00,excel_import
Sea Land Air Flight Centre,training_provider,BC,Delta,2-4335 Skeena Street,V4K 0A6,(604) 940-6811,,http://www.sealandair.ca,"Education, Healthcare, IT",True,a28e5e93-66cb-4b7e-96e1-1ab715551cb7,2026-01-10T13:15:04.499886+00:00,excel_import
Sea Land Air Flight Centre,training_provider,BC,Richmond,2010-4151 Hazelbridge Way,V6X 4J7,(604) 940-6811,,https://www.sealandair.ca/,"Education, Healthcare, IT",True,5a4667f4-d575-4aff-aa31-d76a98f63a6a,2026-01-10T13:15:04.500452+00:00,excel_import
Sea Land Air Flight Centre,training_provider,BC,Delta,2A-4340 King Street,V4K 0A5,(604) 940-6811,,http://www.sealandair.ca,"Education, Healthcare, IT",True,55de4279-4862-4332-96dd-4b8c910d61fa,2026-01-10T13:15:04.501060+00:00,excel_import
Sealand Flight Ltd.,training_provider,BC,Campbell River,17-2000 Jubilee Parkway,V9H 1T5,(250) 895-9089,,http://www.sealandflight.com/,"Education, IT, Arts",True,9374d21b-6781-4fa0-8f8e-b0e1a0d449ce,2026-01-10T13:15:04.501761+00:00,excel_import
Sheet Metal Workers Training Centre Society,training_provider,BC,Surrey,19077 - 95A Avenue,V4N 4P3,(604) 882-7680,jake@smwtcs.ca; mattc@smwtcs.ca; reception@smwtcs.ca; matt@smwtcs.ca; judmartell@smwtcs.ca; astrid@smwtcs.ca; accounting@smwtcs.ca; scott@smwtcs.ca; adam@smwtcs.ca,http://smwtcs.ca/,"Education, Trades, IT, Arts",True,8634f60e-36fa-41c8-b021-3c14c1170742,2026-01-10T13:15:04.502350+00:00,excel_import
Silvercore Advanced Training Systems Inc.,training_provider,BC,Delta,115-7198 Vantage Way,V4G 1K7,(604) 940-7785,,http://www.silvercore.ca/,"Education, Business, IT",True,8c69ca9c-c3d8-4214-a3e9-4f6b01029ceb,2026-01-10T13:15:04.503007+00:00,excel_import
Skyquest Aviation Ltd.,training_provider,BC,Langley,216th Street #5333 Hangar 1,V2Y 2N3,(604) 534-6855,,http://www.skyquest.ca/,"Education, IT, Arts",True,31dd2880-55fb-48d1-8481-fb812e1297b5,2026-01-10T13:15:04.505240+00:00,excel_import
Southern Interior Flight Centre (1993) Ltd.,training_provider,BC,Kelowna,200-6305 Airport Way,V1V 1S1,(250) 765-7776 ext. 0,info@flysifc.ca,http://www.flysifc.ca/,"Education, Healthcare, IT",True,a46bb6cf-b502-44f2-90d0-f63f21b96eb6,2026-01-10T13:15:04.505915+00:00,excel_import
Stenberg College,college,BC,Surrey,Unit 750 13450 102nd Avenue,V3T 5X3,(604) 580-2772,,https://stenbergcollege.com/,"Education, Healthcare, IT, Pharmacy",True,3cec9a7c-6122-4f1f-ac1a-a941940b3f90,2026-01-10T13:15:04.506547+00:00,excel_import
Structural Engineers Association Of British Columbia,training_provider,BC,Vancouver,800 Robson Street - UBC Robson Square,V6Z 3B7,(604) 762-7844,hello@aspectengineers.com,http://www.accengineers.ca/,"IT, Arts",True,bb7cdb76-fef3-45c8-b054-5e520e0d743b,2026-01-10T13:15:04.507214+00:00,excel_import
Studio Chi,training_provider,BC,Kelowna,106 Heldon Court,V1Z 3S5,(250) 215-3301,,https://studiochi.net/,"Education, IT, Arts",True,cb3b95ac-07f0-477d-88b8-0451b797b6b8,2026-01-10T13:15:04.507841+00:00,excel_import
Supply Chain Management Association British Columbia,training_provider,BC,New Westminster,300-435 Columbia Street,V3L 5N8,(204) 231-0965,,https://supplychainmb.ca/,"Education, Healthcare, IT, Logistics",True,954bc0bf-874b-4bb5-8b44-3ee3d0cfbd66,2026-01-10T13:15:04.508466+00:00,excel_import
"Taylor Pro Training Ltd. - Surrey, Bc",training_provider,BC,Surrey,13696 104 Avenue,V3T 1W4,(778) 990-5822,,https://taylorprocollege.com/,,True,c60c6d0e-36b2-4a24-8941-c3bc3813c055,2026-01-10T13:15:04.509072+00:00,excel_import
"Taylor Pro Training Ltd. - Vernon, Bc",training_provider,BC,Vernon,4406C-29 Street,V1T 5B8,(250) 542-6122,,,,True,b350cc74-0c5b-4533-bdea-10e96f3b9690,2026-01-10T13:15:04.509680+00:00,excel_import
Taylor Professional Driving,training_provider,BC,Prince George,1320-2nd Avenue,V2L 3B5,(250) 564-7624,Taylor@obriengroup.ca,http://www.taylorprofessionaldriving.com/,"Education, Business, IT, Childcare, Logistics",True,20de071b-c561-4589-9693-b7998299c255,2026-01-10T13:15:04.510317+00:00,excel_import
Tech Helicopters Ltd.,training_provider,BC,Prince George,25595 Willow Cale Road,V2N 6A5,(250) 963-8211,,http://www.techhelicopters.com/,"Education, IT",True,982c52b5-6880-40c6-9b85-0caa0c3577bc,2026-01-10T13:15:04.510945+00:00,excel_import
The Haven,training_provider,BC,Gabriola,240 Davis Road,V0R 1X0,(250) 247-9211,info@haven.ca,https://haven.ca/,Childcare,True,f175767a-b162-45da-ba9a-a83ded74b44d,2026-01-10T13:15:04.511559+00:00,excel_import
"Iss
Language And Career College Of Bc",college,BC,Vancouver,333 Terminal Avenue Unit 601,V6A 4C1,(604) 684-2561,info@issbc.org,http://www.issbc.org/,"Education, Healthcare, Community, IT",True,36335591-6ed0-44c6-956f-038a4aec3115,2026-01-10T13:15:04.512176+00:00,excel_import
The Piping Industry Apprenticeship Board,training_provider,BC,Delta,101-1658 Fosters Way,V3M 6S6,(604) 540-1945,registrar@uapicbc.ca,http://www.uapicbc.ca/,"Education, Healthcare, Trades, IT, Beauty, Logistics",True,794b4ff0-9ad8-4ea4-b3a7-307d50d8fa85,2026-01-10T13:15:04.512799+00:00,excel_import
Toddington International Inc.,training_provider,BC,Pitt Meadows,22-18300 Ford Road,V3Y 0C6,(604) 468-9222,contact@toddington.com; info@toddington.com,https://www.toddington.com/contact-us/,"Education, Healthcare, IT, Arts",True,e3262307-e800-4431-90ca-fabdc37ec736,2026-01-10T13:15:04.513398+00:00,excel_import
Trowel Trades Training Association,training_provider,BC,Surrey,12309 Industrial Road,V3V 3S4,(604) 580-2463,info@ttta.ca,http://ttta.ca/,"Education, Trades, IT",True,698b6b7a-0312-4b8e-a6f0-50917208bdfc,2026-01-10T13:15:04.514022+00:00,excel_import
Valley Driving School,training_provider,BC,Langley Township,27078-56th Avenue,V4W 1N9,(604) 856-0115,,https://www.valleydrivingschool.com/,"Education, IT, Logistics",True,3b798f30-0b7f-4877-bca0-cdf1692111c9,2026-01-10T13:15:04.514625+00:00,excel_import
Valley Driving School  - Langley,training_provider,BC,Langley Township,110-9295  198 Street,V1M 3J9,(604) 513-5884,,https://www.valleydrivingschool.com/,"Education, IT, Logistics",True,85272da1-a440-4591-ac92-9d2d32533b7e,2026-01-10T13:15:04.515275+00:00,excel_import
Valley Driving School - Abbotsford,training_provider,BC,Abbotsford,2639 Progressive Way,V2T 6H8,(604) 859-9776,,https://www.valleydrivingschool.com/,"Education, IT, Logistics",True,f0796c54-119e-4eeb-8f00-bdc0aead25e4,2026-01-10T13:15:04.515901+00:00,excel_import
Valley Driving School - Chilliwack,training_provider,BC,Chilliwack,16-43915 Industrial Way,V2R 3A4,(604) 795-9939,,https://www.valleydrivingschool.com/,"Education, IT, Logistics",True,ffc6a5b4-390d-432f-a843-67482fbf2185,2026-01-10T13:15:04.516514+00:00,excel_import
Valley Driving School - Coquitlam,training_provider,BC,Port Coquitlam,104-1680 Broadway street,V3C 2M8,(604) 941-9477,,https://www.valleydrivingschool.com/,"Education, IT, Logistics",True,4f2fb262-6edd-4742-8305-81d8c6ed4b27,2026-01-10T13:15:04.517144+00:00,excel_import
Valley Driving School - Surrey,training_provider,BC,Surrey,8513-132nd street,V3W 4N8,(604) 513-5884,,https://www.valleydrivingschool.com/,"Education, IT, Logistics",True,b16c0b14-fbc4-4eba-b514-e618e7a148a9,2026-01-10T13:15:04.517762+00:00,excel_import
Vancouver Academy Of Music,training_provider,BC,Vancouver,1270 Chestnut Street,V6J 4R9,(604) 734-2301,,http://www.vancouveracademyofmusic.com/,Education,True,ba4dce4d-fbeb-4131-bf17-cd2b0159e1ca,2026-01-10T13:15:04.518362+00:00,excel_import
Vancouver Animation School,training_provider,BC,Burnaby,5489 Byrne Road #270,V5J 3J1,(833) 437-3872,info@vanas.ca,http://www.vanas.ca/,"IT, Arts",True,61694959-422f-4a59-a360-fcb39d22bdbe,2026-01-10T13:15:04.518978+00:00,excel_import
Vancouver Art Therapy Institute,training_provider,BC,Vancouver,1575 Johnston Street,V6H 3R9,(604) 681-8284,,https://www.vati.bc.ca/,"Education, Healthcare, IT, Arts",True,ca17767e-2f91-4534-821e-1a81d3708b50,2026-01-10T13:15:04.519582+00:00,excel_import
Vancouver Aviation College Incorporated,college,BC,Pitt Meadows,18799 Airport Way,V3Y 2B4,(604) 773-7815,Info@vancouveraviationcollege.ca,http://www.vancouveraviationcollege.ca/,"Education, IT, Arts",True,29fa033f-9196-486b-a695-9fec0c6ac716,2026-01-10T13:15:04.520196+00:00,excel_import
Vancouver College Of Dental Hygiene Inc.,college,BC,Vancouver,3030 East Broadway,V5M 1Z4,(604) 215-7611,info@vancouver-college-dental.org,http://www.vancouver-college-dental.org/,"Education, Healthcare, IT, Beauty, Arts, Dental",True,49b18356-f667-4942-811d-ebf212ac632d,2026-01-10T13:15:04.520822+00:00,excel_import
Vancouver Film School Ltd.,training_provider,BC,Vancouver,200-198 West Hasting Street,V6B 1H2,(604) 685-5808,,http://vfs.edu/,,True,1694a64a-3e6d-4a4d-bd3c-c1fd3fbe7dac,2026-01-10T13:15:04.521429+00:00,excel_import
Vancouver Island School Of Art,training_provider,BC,Victoria,302-733 Johnson Street,V8W 3C7,(250) 380-3500,info@vancouverislandschoolart.com,http://www.vancouverislandschoolart.com/,"Education, IT, Arts",True,b4a98900-fdc5-48a3-8275-9414f666c40e,2026-01-10T13:15:04.522054+00:00,excel_import
Vancouver School Of Healing Arts,training_provider,BC,Vancouver,280-1125 Howe Street,V6Z 2K8,(604) 688-5060,info@vsoha.com,https://vsoha.com/,"Education, Healthcare, IT, Beauty, Arts",True,9b320ab8-60fc-4232-81a2-1bd0f6b3bd34,2026-01-10T13:15:04.522669+00:00,excel_import
Vanwest College,college,BC,Vancouver,200-1016 Nelson Street,V6E 1H8,(604) 731-5256,,https://vanwest.com/,,True,0b42e887-42b7-47ed-b9bc-89b540b920b3,2026-01-10T13:15:04.523274+00:00,excel_import
Vayu Aviation,training_provider,BC,Kamloops,2845 Aviation Way,V2B 7W1,(250) 299-9339,,http://www.vayuaviation.com/,"Education, IT",True,ff51eaea-ec73-4e82-a2f2-3de1a1bb9a87,2026-01-10T13:15:04.523896+00:00,excel_import
Victoria Academy Of Ballet Inc.,training_provider,BC,Victoria,716 Johnson Street,V8W 1N1,(250) 590-6752,admissions@vaballet.ca; admin@vaballet.ca; attendance@vaballet.ca,http://vaballet.ca/,"Education, Business, IT, Arts",True,541d31b1-f9cc-4359-9968-15804cbce747,2026-01-10T13:15:04.524606+00:00,excel_import
Victoria Conservatory Of Music,training_provider,BC,Victoria,900 Johnson Street,V8V 3N4,(250) 386-5311,,https://vcm.bc.ca/,"Education, Healthcare, Childcare",True,50974bbe-df24-4146-8330-4eda2281f4d8,2026-01-10T13:15:04.525284+00:00,excel_import
Victoria Flying Club,training_provider,BC,North Saanich,101 - 1852 Canso Road,V8L 5V5,(250) 656-2833,,http://www.flyvfc.com/,,True,bfa2ed94-1d8d-4642-954b-a8bbba09e028,2026-01-10T13:15:04.525988+00:00,excel_import
Visions Learning Centre,training_provider,BC,Port McNeill,311 Hemlock Street,V0N 2R0,(250) 956-0004,,,,True,24939424-98ff-4236-99b3-6cb9eceacea6,2026-01-10T13:15:04.526778+00:00,excel_import
Viviboss Global Links,training_provider,BC,Surrey,15529 78 Ave,V3S 3P2,(604) 777-0811,Mail@GlobalLinks.ca,https://globallinks.ca/,,True,eace1a6c-0058-4476-b35a-1e98882b57af,2026-01-10T13:15:04.527417+00:00,excel_import
W.T. Safety Truck Driving School,training_provider,BC,Langley Township,27078-56th Avenue,V4W 1N9,(604) 404-5608,,https://www.otrdrivingschool.com/,,True,ecea2e56-d356-49b2-b867-13a7eb41cf47,2026-01-10T13:15:04.528059+00:00,excel_import
West Coast Institute Of Aromatherapy Inc.,training_provider,BC,Vancouver,1212 Maple Street,V6J 3R8,(604) 520-1830,,https://collegeofmassage.com/new-westminster/,"Education, Healthcare, IT, Beauty, Arts",True,f4b95f21-bc3a-497a-98aa-19f132b1f4b9,2026-01-10T13:15:04.528767+00:00,excel_import
Westcoast Adventure College,college,BC,Sooke,5449 Sooke Road,V9Z 0C8,(250) 858-3789,,https://www.westcoastadventurecollege.com/,"Education, Business, IT",True,0532186c-1289-4129-90e9-e34987dd7d34,2026-01-10T13:15:04.529428+00:00,excel_import
Western Dog Grooming School,training_provider,BC,Maple Ridge,11240  206th Street,V2X 1T2,(604) 476-6637,,http://www.604groomer.ca/,,True,b23f0e1f-1ba7-45b2-ab60-f36e157437b2,2026-01-10T13:15:04.530090+00:00,excel_import
Whisler Mountain Adventure School Ltd.,training_provider,BC,Whisler,5-1345 Alpha Lake Road,V0N 1B2,(604) 962-2220,info@WhistlerAdventureSchool.com,http://www.whistleradventureschool.com/,"Education, Business, IT, Beauty, Arts",True,0033f828-a09b-463f-b1c8-17d9bd8a04ff,2026-01-10T13:15:04.530765+00:00,excel_import
Wilp Wilxo'Oskwhl Nisga'A Institute,training_provider,BC,Gitwinksihlkw,PO Box 70 3001 Ts'oohl Ts'ap Avenue,V0J 3T0,(250) 633-2292,,http://wwni.bc.ca/,"Education, Community, IT",True,10cb0002-8060-4a6e-ad83-51c545fdcff9,2026-01-10T13:15:04.531392+00:00,excel_import
Y.O.U. Academy Of Advanced Hypnotherapy Inc.,training_provider,BC,Kelowna,812 Crosier Avenue,V1W 5B2,(778) 552-3000,,http://www.youacademy.ca/,,True,df5ff643-31b7-4d3e-a488-609ca9a00c2b,2026-01-10T13:15:04.532035+00:00,excel_import
Yeshivas Keser Torah,training_provider,BC,Delta,101 D - 800 Carleton Ct,V3M 6Y6,(718) 263-9698,,http://yeshivakessertorah.org/,,True,25ba67cd-e836-4460-bc27-667884be2bc6,2026-01-10T13:15:04.532647+00:00,excel_import
Links Institute,training_provider,MB,Brandon,1043 Rosser Avenue,R7A 0L5,(204) 573-2768,,https://www.links-institute.ca/,"Education, Healthcare, Community, IT",True,b0ac2b7b-473d-4fb7-8b65-b4ea072e736b,2026-01-10T13:15:04.533346+00:00,excel_import
A1 Transportation Academy,training_provider,MB,Winnipeg,119 Del Monica Road,B3Y 0W5,(204) 396-2217,aonewpg@gmail.com,http://www.aonedrivingacademy.ca/,"Education, IT, Logistics",True,29812a7f-eadb-4369-bef3-11172623fa42,2026-01-10T13:15:04.534146+00:00,excel_import
"Academy Of Learning - Redwood Ave., Winnipeg North",training_provider,MB,Winnipeg,77 Redwood Avenue,R2W 5J5,(204) 582-9400,info-winnipegnorth@myaolcc.com,https://myaolcc.com/locations/winnipeg-north/,"Education, Community, Business, IT, Childcare, Legal",True,90cca751-cb5a-4808-bbf1-72c6e63a4ed7,2026-01-10T13:15:04.534941+00:00,excel_import
A-Class One Driving School Winnipeg Ltd.,training_provider,MB,Winnipeg,534 Castlebury Meadows Drive,R2R 2X6,(204) 952-4421,,https://aclassone.com/,,True,4d3e359f-c0d4-4c03-9442-8fcae14e7712,2026-01-10T13:15:04.535636+00:00,excel_import
Air Andrew Ltd.,training_provider,MB,Virden,297 7th Avenue South,R0M 2C0,(204) 748-4847,info@airandrew.com,https://www.airandrew.com/,"Education, IT",True,17c1566d-34ef-4a93-92e1-e49263b2ee00,2026-01-10T13:15:04.536294+00:00,excel_import
Alan'S Driving School,training_provider,MB,Portage la Prairie,123 Duke Avenue,R1N 0S5,(204) 870-9555,,https://portagedrivingschool.com/,"Education, Healthcare, IT, Logistics",True,f8239f7a-5de1-43f3-b66e-d926bf1d0073,2026-01-10T13:15:04.536930+00:00,excel_import
Alliance FranÃ£Â‡Aise Du Manitoba Inc.,training_provider,MB,Winnipeg,934 Avenue Corydon,R3M 0Y5,(204) 477-1515,info@afmanitoba.ca,https://www.afmanitoba.ca/,"Education, Healthcare",True,ff300586-8d9e-40f3-a012-6464fa21c935,2026-01-10T13:15:04.537620+00:00,excel_import
Alluring Beauty School / Lashify Boutique Canada,training_provider,MB,Flin Flon,412 Green Street,R8A 0H6,(204) 962-1505,,https://www.bloomestheticsinc.ca/,,True,b9bf2c3d-444c-4833-86c7-70f2c0fc9e84,2026-01-10T13:15:04.538305+00:00,excel_import
A-One Driving Academy Ltd.,training_provider,MB,Winnipeg,50 Milner Street,R2X 2X3,(204) 396-2217,aonewpg@gmail.com,http://www.aonedrivingacademy.ca/,"Education, IT, Logistics",True,fdbe17b9-ad22-40a1-b0a5-bc0b1f6d54b2,2026-01-10T13:15:04.539123+00:00,excel_import
"Arnold Bros. Transportation Academy - Winnipeg, Mb",training_provider,MB,Winnipeg,739 Lagimodiere Boulevard,R2J 0T8,(204) 253-3354,recruiting@arnoldbros.com,https://www.arnoldbrosacademy.com/,"IT, Logistics",True,3429bd79-d3c2-4b33-ad0e-e61511fb3178,2026-01-10T13:15:04.539786+00:00,excel_import
Arthur Murray Dance School -  Manitoba,training_provider,MB,Winnipeg,1744 St. James Street,R3G 0L3,(204) 772-7766,info@arthurmurraywinnipeg.ca,http://www.arthurmurraywinnipeg.ca/,"Healthcare, IT, Arts",True,ddf3a1a5-cd1c-4221-81e4-3143c3d36ae3,2026-01-10T13:15:04.540473+00:00,excel_import
Aveda Institute Winnipeg,training_provider,MB,Winnipeg,276 Portage Ave,R3C 0B6,(204) 452-7380,info@avedainstitutewinnipeg.ca,http://www.avedainstitutewinnipeg.ca/,"Education, IT, Beauty",True,4e17905b-ca33-4c5b-9093-ad0fe8ebfec9,2026-01-10T13:15:04.541157+00:00,excel_import
Barnala Driver Training Academy,training_provider,MB,Saint Andrews,10 Industrial Road,R1A 3N7,(204) 215-2222,,http://www.barnala.ca/,"Education, Healthcare, IT, Logistics",True,4fee012e-8945-4d4d-afba-fcb0e136746f,2026-01-10T13:15:04.541806+00:00,excel_import
Ben'S International Driving School Inc.,training_provider,MB,Springfield,8 Symington Lane North,R2J 4E8,(204) 583-0980,bensinternationaldrivingschool@gmail.com,https://bensinternationaldrivingschool.com/,"Education, Healthcare, IT, Logistics",True,9af7f05a-3c62-452a-9288-1af266216562,2026-01-10T13:15:04.542407+00:00,excel_import
Boundary Trails Driving Academy Inc.,training_provider,MB,Winkler,415-1st Street,R6W 2R8,(204) 362-2041,boundarytrailsdrivingacademy@hotmail.com,https://boundarytrailsdrivingacademy.ca/,"Education, Healthcare, IT, Logistics",True,e87d7786-9b8c-42fd-aeae-8ce988ed0ff9,2026-01-10T13:15:04.543034+00:00,excel_import
Bracor Environmental Inc.,training_provider,MB,Oak Bluff,4507 McGillivray Boulevard,R4G 0B7,(866) 316-5379,,http://bracorenvironmental.ca/,"Education, Healthcare, IT, Logistics, Arts, Manufacturing",True,1d42d8d3-6f38-475c-8cee-bda272a3c0bc,2026-01-10T13:15:04.543629+00:00,excel_import
"Buffalo Driver Training - Winnipeg, Mb",training_provider,MB,Winnipeg,1221 Sherwin Road,R3H 0V1,(204) 633-7697,info@buffalodrivertraining.com,https://buffalodrivertraining.com/,"Education, IT, Logistics",True,b2e23f5e-2646-472a-9a56-787b388f52d2,2026-01-10T13:15:04.544236+00:00,excel_import
Canadian College Of Funeral Service Inc.,college,MB,Winnipeg,Suite 360 1-1596 Regent Avenue West,R2C 4H4,(888) 797-9941,info@ccfs.ca,http://ccfs.ca/,Education,True,2aa85d61-3ee0-47d0-946f-4be8fd4fa832,2026-01-10T13:15:04.544982+00:00,excel_import
Canadian Corps Of Commissionaires,training_provider,MB,Winnipeg,870 Portage Avenue,R3G 0P1,(204) 942-5993,,https://commissionaires.ca/offices/winnipeg,"Education, IT",True,0bef26cd-e277-4067-a51b-ea616773b26b,2026-01-10T13:15:04.545600+00:00,excel_import
Centre For Aboriginal Human Resource Development Inc. (Cahrd),training_provider,MB,Winnipeg,403-181 Higgins Avenue,R3B 3G1,(204) 989-7110,,http://cahrd.org/,,True,9b7e8f76-3ce1-4cd9-9081-3e1323f51147,2026-01-10T13:15:04.546214+00:00,excel_import
Chartered Professional Accountants (Cpa) Mb,training_provider,MB,Winnipeg,1675-1 Lombard Place,R3B 0X3,(204) 943-1538,,https://cpamb.ca/,Healthcare,True,c54410b4-6e89-4891-bd28-a6d31af08294,2026-01-10T13:15:04.546815+00:00,excel_import
By The Moon Inc.,training_provider,ON,Foxboro,192 Ashley Street,K0K 2B0,(613) 242-6780,,https://www.bythemoon.ca/,"Education, Healthcare, IT, Arts",True,79e0ca68-e49c-4274-917d-d9044d180cd0,2026-01-10T13:15:04.547549+00:00,excel_import
Criti Care Inc.,training_provider,MB,Winnipeg,106-386 Broadway,R3C 3R6,(204) 989-3671,info@criticareems.com,https://www.criticareems.com/,"Education, Business, IT",True,2be94390-4203-4d6f-81fb-7a963d31fa36,2026-01-10T13:15:04.548225+00:00,excel_import
Efficient Driving Academy,training_provider,MB,Winnipeg,119 Del Monica Road,B3Y 0W5,(204) 951-3345,,https://class1driving.ca/,"Education, IT, Logistics, Arts",True,2146f68d-6653-41d6-8e46-735d742850f4,2026-01-10T13:15:04.548871+00:00,excel_import
European School Of Esthetics Inc.,training_provider,MB,Winnipeg,200-241 Vaughan Street,R3C 1T6,(204) 944-8202,,,,True,da7ff6f0-6038-4d27-8c3d-8b6d6bfb2e38,2026-01-10T13:15:04.549478+00:00,excel_import
First Class Training Centre Inc.,training_provider,MB,Winnipeg,325 Eagle Drive,R2R 1V4,(204) 632-5302,,http://www.firstclasstrainingcentre.com/,"Education, IT, Logistics",True,b0704d32-0036-4e92-897a-9eb667d0b035,2026-01-10T13:15:04.550088+00:00,excel_import
Harv'S Air Service Ltd.,training_provider,MB,Steinbach,33149 33 Road North,R5G 1M8,(204) 326-2434,,http://harvsair.com/,"Education, Healthcare, IT, Logistics",True,1d63d613-6999-4957-86c3-636c9736f6b6,2026-01-10T13:15:04.550700+00:00,excel_import
Highway King Class 1 Training Centre,training_provider,MB,Winnipeg,5-350 Keewatin St.,R2X 2R9,(204) 416-7464,,https://highwaykingclass1.com/,"Education, IT, Logistics",True,9dc58e8c-3725-4343-a23a-09d6aa7b717c,2026-01-10T13:15:04.551297+00:00,excel_import
Holistic Directions Inc.,training_provider,MB,Winnipeg,74 Radium Cove,R2G 3K2,,,,,True,756b57f9-132b-4975-914b-be1a90a60b4f,2026-01-10T13:15:04.551995+00:00,excel_import
Hope College,college,MB,Winnipeg,10 Agnes Arnold Place,R2P 0Z5,(616) 395-7000,,http://hope.edu/,"Education, Healthcare, Arts",True,e471918e-ebfe-46cd-bf8b-48f7b452b7c3,2026-01-10T13:15:04.552622+00:00,excel_import
"Hua Xia Acupuncture Masssage, And Herb College",college,MB,Winnipeg,2810A Pembina Highway,R3T 2H8,(204) 452-3654,yujingqiu56@gmail.com,http://www.mbacuschool.com/,"Education, Healthcare, IT, Beauty",True,5052f577-b081-48bd-bd07-d52dc4dffa13,2026-01-10T13:15:04.553273+00:00,excel_import
Infection Prevention And Control Canada (Ipac Canada),training_provider,MB,Winnipeg,P.O. Box 46125 RPO Westdale,R3R 3S3,(204) 985-9780,info@ipac-canada.org; editor-in-chief@ipac-canada.org; info@kelman.ca,https://www.cjic.ca/contact,"Healthcare, IT",True,a95a95e4-0c8e-4dc6-9191-a20481d78ac4,2026-01-10T13:15:04.553876+00:00,excel_import
International Canadian School Of Survival Inc.,training_provider,MB,Great Falls,96009 Maple Creek Road,R0E 0V0,(204) 752-2251,email@email.com,https://www.bsd.ca/Alexander,"Healthcare, IT, Arts",True,028ff4de-e945-456c-9ff2-58ebfbddff2f,2026-01-10T13:15:04.554500+00:00,excel_import
Jtc Aviation Inc. O/S Canshield Avaition Inc.,training_provider,MB,Headingley,2 La Costa Cove,R4H 1J5,(431) 800-4359,training@canshieldaviation.ca,http://www.canshieldaviation.ca/,"Education, IT, Arts",True,2aa4be9b-f5cd-453b-ac33-4cfb98fd35c4,2026-01-10T13:15:04.555172+00:00,excel_import
Kms Transport Driving Academy,training_provider,MB,Winnipeg,28 Roy Roche Drive,R3C 2E6,,,,,True,ec799f85-f65a-46ab-a767-78c379e3e66d,2026-01-10T13:15:04.555815+00:00,excel_import
Knowledge Bureau,training_provider,MB,Winnipeg,187 St. Mary's Road,R2H 1J2,(204) 953-4769,,http://www.knowledgebureau.com/,"Education, Healthcare, IT, Arts",True,1dda8588-3319-42b0-a8b1-603fd7f0acf4,2026-01-10T13:15:04.556508+00:00,excel_import
L.A. School Of Music,training_provider,MB,Selkirk,205 Manitoba Avenue,R1A 0Y4,(204) 482-7776,lamusic@shaw.ca,http://www.laschoolofmusicmb.ca/,"Education, IT, Childcare",True,8aaad6c3-6936-4507-b8b8-055d6599ac76,2026-01-10T13:15:04.557223+00:00,excel_import
Manitoba Conservatory Of Music And Arts Inc.,training_provider,MB,Winnipeg,1B01-515 Portage Avenue,R3B 2E9,(204) 988-7650,info@mcma.ca,http://mcma.ca/,"Education, Community, IT, Arts",True,569a6cfd-1795-4129-a880-ced7df3e7012,2026-01-10T13:15:04.557915+00:00,excel_import
Manitoba Physiotherapy Association,training_provider,MB,Winnipeg,771 McDermot Avenue,R3E 0T6,(204) 925-5701,,https://mbphysio.org/,,True,a5f4315d-0d1f-4fec-ac94-f87773ca3744,2026-01-10T13:15:04.558547+00:00,excel_import
Safety Services Of Manitoba,training_provider,MB,Winnipeg,1680 Notre-Dame Avenue,R3H 1H6,(204) 949-1085,,http://safetyservicesmanitoba.ca/,,True,3bc26234-73c1-467c-b4f6-251c76bc7b53,2026-01-10T13:15:04.559157+00:00,excel_import
Mountain City Aviation Inc.,training_provider,MB,Morden,50 Conner Hill Drive,R6M 1J1,(204) 822-9621,,,,True,ea55739f-9761-4ef1-acc5-11e04925e007,2026-01-10T13:15:04.559744+00:00,excel_import
Mtcm - Massage Therapy College Of Manitoba,college,MB,Winnipeg,691 Wolseley Avenue,R3G 1C3,(204) 772-8999,,http://www.evolvecollege.ca/,"Education, Healthcare, IT, Beauty, Arts",True,9c33719d-dde1-4708-86ff-bb208e35b3fb,2026-01-10T13:15:04.560335+00:00,excel_import
Northwest Law Enforcement Academy Inc.,training_provider,MB,Winnipeg,200-1821 Wellington Avenue,R3H 0G4,(204) 953-8300,,http://northwestlaw.ca/,"Education, IT, Security, Legal",True,8a2953a1-1144-4c08-9ebd-e973394477ea,2026-01-10T13:15:04.560973+00:00,excel_import
Operating Engineers Training Institute Of Manitoba Inc.,training_provider,MB,Winnipeg,6-225 McPhillips Street,R3E 2K3,(204) 775-7059,oetim@oetim.com,https://oetim.com/,"Education, Healthcare, IT, Arts, Manufacturing",True,6ec52f37-0666-4533-bfac-35995e8a661e,2026-01-10T13:15:04.561570+00:00,excel_import
Osteo-Treatment Canadian College Solutions To Pain Inc.,college,MB,Winnipeg,1453 Chancellor Drive,R3T 4S4,(204) 775-4539,,https://cfnps.ca/,,True,3fc7fd80-c66b-4a74-914f-06f738bc8707,2026-01-10T13:15:04.562189+00:00,excel_import
Pan Am Rehabilitation Services Inc.,training_provider,MB,Winnipeg,75 Poseidon Bay,R3M 3E4,(204) 927-2660,,https://www.panamclinic.org/departments/physiotherapy/,"Education, Healthcare, IT, Beauty",True,419c6fce-f6c5-4455-939c-9c64c6ff6949,2026-01-10T13:15:04.562823+00:00,excel_import
Pathways Manitoba Foundation,training_provider,MB,Winnipeg,5 Whitewood Avenue,R3Y 0E4,(204) 787-4143,,https://www.cancercarefdn.mb.ca/,"Education, IT",True,1162e457-d9c8-4cf8-89e3-6cbe866262a7,2026-01-10T13:15:04.563542+00:00,excel_import
Perfect One Driving School Ltd.,training_provider,MB,Winnipeg,2040 Logan Avenue,R2R 0H9,(204) 930-5822,info@perfectonedrivingschool.com,http://www.perfectonedrivingschool.com/,"Education, IT, Logistics",True,01c30147-1369-4907-88d2-0d76d30982fd,2026-01-10T13:15:04.564188+00:00,excel_import
Piping Industry Technical College,college,MB,Winnipeg,34 Higgins Avenue,R3J 0A5,(204) 947-0497,,,,True,3f8c1382-a8cc-4919-b13c-7eeb2256cf59,2026-01-10T13:15:04.564790+00:00,excel_import
Prairie Helicopters Inc.,training_provider,MB,Gimli,333 Anson Street,R0C 1B0,(204) 642-4841,,http://prairiehelicopters.com/,"Education, IT",True,3c7c98c7-d0ac-4196-9a14-1f6092b8b9eb,2026-01-10T13:15:04.565443+00:00,excel_import
Professional Transport Driver Training School Ltd.,training_provider,MB,Winnipeg,65 Bergen Cutoff Road,R3C 2E6,(204) 925-1580,learn@transportdriver.ca; Learn@transportdriver.ca,https://www.transportdriver.ca/,"Education, Healthcare, IT, Logistics, Arts",True,3d5966b6-2594-4c99-9c85-f687116ecec6,2026-01-10T13:15:04.566072+00:00,excel_import
Red River Aviation Services Ltd.,training_provider,MB,East Selkirk,Box 9 Group 5 RR1,R0E 0M0,,,,,True,506cf357-6f71-4c16-8a8c-47c116bb9175,2026-01-10T13:15:04.566656+00:00,excel_import
Robertson College,college,MB,Winnipeg,265 Notre Dame Avenue,R3B 1N9,(204) 943-5661,,https://www.robertsoncollege.com/campuses/winnipeg/?utm_source=google&utm_medium=gmb&utm_campaign=winnipeg&utm_term=businessinfo,"Education, IT",True,e7078889-58bb-41da-83d4-891ba826ebd7,2026-01-10T13:15:04.567249+00:00,excel_import
Royal Winnipeg Ballet School,training_provider,MB,Winnipeg,380 Graham Avenue,R3C 4K2,(204) 956-0183,school@rwb.org; customerservice@rwb.org,http://www.rwb.org/,"Education, IT, Arts",True,fc78fdda-e4c2-447f-b6b7-01d4ffee0fc3,2026-01-10T13:15:04.567849+00:00,excel_import
Southern Manitoba Academy For Response Training (Smart),training_provider,MB,Winnipeg,113-1100 Concordia Avenue,R2K 4B8,,,,,True,1ca99ae8-e0ec-4ec8-89a2-d9a7346c5105,2026-01-10T13:15:04.568432+00:00,excel_import
Willis College,college,MB,Winnipeg,448 Hargrave Street,R3A 0X5,(204) 956-4708,,https://www.williscollege.com/,"Education, Healthcare, Business, IT, Legal",True,e8f50018-364f-414b-bfcf-790ce743392e,2026-01-10T13:15:04.569034+00:00,excel_import
Supply Chain Management Association Of Manitoba,training_provider,MB,Winnipeg,1000 Waverley Street,R3T 0P3,(204) 231-0965,,https://supplychainmb.ca/,"Education, Healthcare, IT, Logistics",True,76557871-a448-4a27-bef1-cafdda52f4e3,2026-01-10T13:15:04.571232+00:00,excel_import
Swan Valley Regional Secondary School,high_school,MB,Swan River,1483 3rd Street N,R0L 1Z0,(204) 734-4511,svrssprincipal@svsd.ca,https://www.svsd.ca/svrss,"Education, Arts",True,bf333952-386a-49d7-bdc2-cc8f6037f813,2026-01-10T13:15:04.571930+00:00,excel_import
The Certified Technicians And Technologists Association Of Manitoba,training_provider,MB,Winnipeg,PO Box 700064 Kenaston Blvd.,R3P 0X6,(204) 784-1088,admin@cttam.com,http://www.cttam.com/,"Education, Healthcare, Community, IT",True,58fd9fd0-4501-46d5-a04f-b2c355d472b5,2026-01-10T13:15:04.572738+00:00,excel_import
The School Of Contemporary Dancers Inc.,training_provider,MB,Winnipeg,104 - 211 Bannatyne Avenue,R3B 3P2,(204) 452-1239,generalprogramscd@gmail.com; info@schoolofcontemporarydancers.ca,http://www.schoolofcontemporarydancers.ca/,"Education, IT, Arts",True,ae8a5290-040a-4f35-bad6-62697cebe1b6,2026-01-10T13:15:04.573422+00:00,excel_import
Traditional Chinese Medicine And Acupuncture College Of Manitoba Inc.,college,MB,Winnipeg,661 Pembina Hwy,R3M 2L5,(204) 284-4047,,http://www.theacupuncturecollege.com/,,True,91bc69b7-8140-4ca2-8844-1d33fa8f11cc,2026-01-10T13:15:04.574160+00:00,excel_import
United Transportation Driver Training,training_provider,MB,Blumenort,214 Center Avenue PO Box 164,R0A 0C0,(204) 326-4200,,http://uniteddrivertraining.ca/,"Education, IT, Logistics",True,85ff2cf8-e2cc-443a-9dc3-22baca25cd32,2026-01-10T13:15:04.574927+00:00,excel_import
Urban Circle Training Centre Inc.,training_provider,MB,Winnipeg,519 Selkirk Avenue,R2W 2M6,(204) 589-4433,,http://www.urbancircletraining.com/,"Education, Community, Business, IT",True,f868db97-b385-49b2-8027-b9b9e9f295d0,2026-01-10T13:15:04.575601+00:00,excel_import
Wellington College Of Remedial Massage Therapies Inc.,college,MB,Winnipeg,435 Berry Street,R3J 1N6,(204) 957-2402,info@wellingtoncollege.com,http://www.wellingtoncollege.com/,"Education, Healthcare, Beauty, Logistics, Arts",True,4641c0b6-04d8-4094-bf5d-42e36343d03f,2026-01-10T13:15:04.576274+00:00,excel_import
Wine & Drinks College,college,MB,Winnipeg,1616 St. Mary's Road,R2M 3W7,(204) 943-6045,,,,True,9f95fb82-40ff-4c65-8330-9d2456f9ccfd,2026-01-10T13:15:04.576997+00:00,excel_import
Wink Studio Academy,training_provider,MB,Winnipeg,109-25 Amy Street,R3B 0T9,(204) 960-9465,,http://www.winkstudio.com/,,True,83c62ee2-260e-4611-8676-6426b05aa21d,2026-01-10T13:15:04.577704+00:00,excel_import
Winnipeg Aviation (2003) Ltd.,training_provider,MB,Saint Andrews,700 South Gate Road,R1A 3P8,(204) 338-7923,,http://www.winnipegaviation.com/,"Education, IT",True,2bf6a31c-5a18-4af4-bc28-17f44b21fb39,2026-01-10T13:15:04.578408+00:00,excel_import
Winnipeg Conservatory Of Music,training_provider,MB,Winnipeg,1476 Portage Avenue,R3G 0W3,(204) 505-9012,wcm.adm@gmail.com,http://wcmus.com/,"Childcare, Arts",True,de349959-4e93-4973-8027-9b4897e468c3,2026-01-10T13:15:04.579094+00:00,excel_import
Wrapture Beauty Academy,training_provider,MB,Winnipeg,983 St. James Street,R3H 0X2,(204) 894-4643,,https://wrapturebeautyacademy.com/,"Education, Healthcare, IT, Beauty",True,0912e1e1-30f6-47c6-ac64-a95f3b66bdcf,2026-01-10T13:15:04.579756+00:00,excel_import
Advanced Heli-Flight Ltd,training_provider,NB,Lincoln,2542 Route 102 Highway Hangar C,E3B 7E6,(506) 474-2803,ask@advancedheliflight.com,http://advancedheliflight.com/index.html,"Education, Healthcare, Community, IT",True,450802b8-79c5-4ad8-9722-67e39e525a83,2026-01-10T13:15:04.580384+00:00,excel_import
Alliance FranÃ£Â‡Aise De Moncton,training_provider,NB,Moncton,2002-100 Cameron Street,E1C 5Y6,(506) 387-5056,,https://www.afmoncton.ca/,"Healthcare, Community, IT",True,639185a3-f586-4e9f-9e73-fb81919a9427,2026-01-10T13:15:04.581041+00:00,excel_import
Atlantic Business College Ltd.,college,NB,Fredericton,1115 Regent Street,E3B 3Z2,(506) 450-1408,internationaladmissions@abc.nb.ca; admissions@abc.nb.ca; fulltimeonlineeducation@abc.nb.ca; distanceeducation@abc.nb.ca; agents@abc.nb.ca,http://www.abc.nb.ca/,"Education, Healthcare, Business, IT, Childcare, Dental",True,774fdf0b-4b02-4ec0-828d-cfb5d6f13bc3,2026-01-10T13:15:04.581671+00:00,excel_import
Atlantic Hairstyling Academy Ltd.,training_provider,NB,Fredericton,23 Sunbury Street,E3B 3S9,(506) 453-9196,,http://www.atlantichairstyling.com/,,True,bb00ca1f-b772-4c48-af90-ed4c891a2124,2026-01-10T13:15:04.582308+00:00,excel_import
Atlantic Hairstyling Academy Ltd.,training_provider,NB,Fredericton,440 Brunswick Street,E3B 1H3,(506) 453-9196,,http://www.atlantichairstyling.com/,,True,f245d441-a623-4fd3-91bd-1dd95457c4ee,2026-01-10T13:15:04.582936+00:00,excel_import
Atlantic School Of Reflexology,training_provider,NB,Fredericton,16B Main Street,E3A 1B6,(506) 260-0265,,http://www.reflexologyasr.com/,"Education, IT",True,e7325ac1-2996-4e42-bb17-d7810bbf94e2,2026-01-10T13:15:04.583571+00:00,excel_import
Atlantic Transport Training Academy - Moncton,training_provider,NB,Moncton,154 Edinburgh Drive,E1E 2K7,(506) 854-4049,,https://ttcc.ca/moncton,"Education, Healthcare, IT, Logistics",True,1009cb84-49b2-4b52-98e9-e8056bb05e8a,2026-01-10T13:15:04.584212+00:00,excel_import
Oulton College,college,NB,Moncton,4 Flanders Court,E1C 0K6,(506) 858-9696,,https://oultoncollege.com/,"Education, Healthcare, Community, Business, IT, Security",True,c8a124c4-a689-4807-951f-86c934597080,2026-01-10T13:15:04.584847+00:00,excel_import
Canadian School Of Natural Nutrition - Moncton,training_provider,NB,Moncton,1201 Mountain Road,E1C 2T4,(506) 384-2700,moncton@csnn.ca,http://www.csnn.ca/moncton,"Education, IT, Culinary",True,4941a7cb-231b-476d-b718-1226962d822f,2026-01-10T13:15:04.585477+00:00,excel_import
College Of Automotive Service Technicians Inc.,college,NB,Fredericton,1080 Brookside Drive,E3G 8T8,(506) 444-4663,,http://www.gtacademy.ca/,"Education, Community, Trades, IT",True,3eb65fb5-b5a9-4068-a586-16385c1d99f4,2026-01-10T13:15:04.586141+00:00,excel_import
East Coast Regional Heavy Equipment And Construction Training Ltd.,training_provider,NB,Riverview,920 Coverdale Road,E1B 5E5,(506) 434-4328,ecr4328@gmail.com; ECR4328@GMAIL.COM,http://www.ecrheavyequipmenttraining.ca/,"Education, Trades, IT",True,b5de3159-2976-4cda-bf54-4f2ca53f5df9,2026-01-10T13:15:04.586794+00:00,excel_import
H&R Block Canada Inc.,training_provider,NB,Moncton,537 Mountain Road,E1C 2N6,(506) 855-4357,,https://www.hrblock.ca/stores/537-mountain-rd/,,True,9c6afe47-8169-4fb8-b963-5570c36b7f04,2026-01-10T13:15:04.587396+00:00,excel_import
"H&R Block Canada Inc., Prince Edward St., St. John, N.B.",training_provider,NB,Saint John,100 Prince Edward Street,E2L 3S3,(506) 636-8716,,https://www.hrblock.ca/stores/100-prince-edward-st/,,True,738cc07f-d331-4a45-ae7d-fc6cd63092e3,2026-01-10T13:15:04.588029+00:00,excel_import
Huntsman Marine Science Centre,training_provider,NB,St. Andrews,1 Lower Campus Road,E5B 2L7,(506) 529-1200,,http://www.huntsmanmarine.ca/,,True,d4e949ad-7758-4770-b249-dc3383dd2814,2026-01-10T13:15:04.588712+00:00,excel_import
Institut De Formation De La PÉNinsule Acadienne,training_provider,NB,Notre-Dame-des-Érables,4505 Route 340,E8R 1V3,(506) 764-3404,,,,True,3e7140a3-462b-48ce-afe4-22cf2e9afa98,2026-01-10T13:15:04.589320+00:00,excel_import
Institut De Formation En Relations Humaines Et Soin ÉNergÉTique,training_provider,NB,Free Grant,3222  chemin Free-Grant,E8K 3G6,(506) 655-7821,,,,True,061b8127-3852-4281-88f5-e26414a18891,2026-01-10T13:15:04.589934+00:00,excel_import
Mckenzie College,college,NB,Moncton,101-100 Cameron Street,E1C 5Y6,(506) 384-6460,afrise@mckenzie.edu; info@mckenzie.edu,https://www.mckenzie.edu/,"Education, Business, IT, Arts",True,57926a3c-8d0e-4a18-bcf3-95362a5f0528,2026-01-10T13:15:04.590544+00:00,excel_import
Moncton Flight College,college,NB,Dieppe,1719 Champlain Street,E1H 7P5,(506) 857-3080,,https://mfctraining.com/,"Education, IT, Arts",True,5e8f0ded-93ad-4fe8-b0b1-791dfea6d0cf,2026-01-10T13:15:04.591171+00:00,excel_import
New Brunswick Teachers' Association,training_provider,NB,Fredericton,650 Montgomery Street,E3B 5R6,(506) 452-1720,,https://www.nbta.ca/,,True,5fff9dd5-c234-463a-b663-5ca391f085bd,2026-01-10T13:15:04.591917+00:00,excel_import
Operating Engineers Training Institute Inc. Of N.B.,training_provider,NB,Saint John,341 King William Road,E2M 7C9,(506) 635-1110,iuoe946@nbnet.nb.ca,http://www.iuoe946.ca/,"Education, IT, Arts",True,c5e7c2d9-69cc-4a14-832e-68de43df73d7,2026-01-10T13:15:04.592566+00:00,excel_import
Osler Education,training_provider,NB,Moncton,500 St-George Street,E1C 1Y3,(877) 520-5566,info@oslereducation.ca,https://oslereducation.ca/,"Education, Healthcare, Business, IT, Childcare, Beauty, Security, Pharmacy, Legal",True,9feeeffb-8115-4f37-9542-ea947038db35,2026-01-10T13:15:04.593318+00:00,excel_import
Pea Professional Education Atlantic Inc.,training_provider,NB,Sackville,1 Main Street,E4L 4A7,(506) 704-2888,advisors@eduprocollege.ca; contact@eduprocollege.ca,https://www.peacollege.ca/,"Education, Healthcare, Business, IT",True,e662477b-1d21-46f6-b396-b393d49521ec,2026-01-10T13:15:04.593964+00:00,excel_import
Care-Ed The Learning Centre,training_provider,NB,Saint John,111-100 Prince Edward Street,E2L 4M5,(506) 634-8906,,https://seniorwatch.com/,"Education, Healthcare, Community, Trades, Business, IT, Beauty",True,7ed95893-efc3-4d44-a5d3-ab035b00b978,2026-01-10T13:15:04.594629+00:00,excel_import
Supply Chain Management Association New Brunswick,training_provider,NB,Fredericton,402-527 Dundonald Street,E3B 1X5,(416) 977-7566,,https://niscl.ca/,"Education, Healthcare, Business, IT, Logistics, Arts",True,669a527b-139f-41cb-b04d-68b7e2c6ec95,2026-01-10T13:15:04.595271+00:00,excel_import
Versatile Training Solutions Ltd.,training_provider,NB,Riverview,920 Coverdale Road,E1B 5E5,(506) 433-5832,infovts@nb.aibn.com,http://versatiletrainingsolutions.com/,"Education, IT, Logistics",True,c694adef-9609-4875-a19b-78af1e487224,2026-01-10T13:15:04.595935+00:00,excel_import
Academy Of Cosmetology Inc.,training_provider,NS,Dartmouth,201-33 Thornhill Drive,B3B 1R9,(902) 469-7788,,http://www.academyofcosmetology.com/,,True,20959abf-d10d-41d7-ad78-70e4683a53aa,2026-01-10T13:15:04.596602+00:00,excel_import
Academy Of Learning Career College - Halifax,college,NS,Halifax,155-6960 Munford Road,B3L 4P1,(902) 455-3395,,https://www.academyoflearning.com/locations/nova-scotia/halifax/,"Education, Healthcare, Business, IT, Culinary, Arts",True,0f7613b4-a485-45d8-b499-7d16e1798966,2026-01-10T13:15:04.597246+00:00,excel_import
Alliance FranÃ£Â‡Aise Halifax-Dartmouth,training_provider,NS,Halifax,5509 rue Young,B3K 1Z7,(902) 455-4411,,http://www.afhalifax.ca/,,True,514e2638-52a7-4937-bc5b-697677078375,2026-01-10T13:15:04.597878+00:00,excel_import
Annapolis Valley Flight Training Centre,training_provider,NS,Kentville,1505 Harrington RD,B4N 3V7,(902) 824-5303,,https://avftc.ca/,"Education, IT",True,94716d73-150f-41f9-a2d9-61eade1f8567,2026-01-10T13:15:04.598663+00:00,excel_import
Tatamagouche Centre,training_provider,NS,Tatamagouche,259 Loop Route 6,B0K 1V0,(902) 657-2231,,http://tatacentre.ca/,IT,True,59550ac4-df32-40bf-85ee-e4dcfb431bac,2026-01-10T13:15:04.599401+00:00,excel_import
Atlantic Flight Attendant Academy Ltd.,training_provider,NS,Halifax,200-6148 Quinpool Road,B3L 1A3,(902) 440-2650,flightattendantschool@gmail.com,http://www.flightattend.com/,"Education, IT",True,66258d02-0890-47c7-9562-9544a293320e,2026-01-10T13:15:04.600088+00:00,excel_import
Breton Air Inc.,training_provider,NS,Sydney,280 Silver Dart Way,B1M 1B8,(866) 970-0898,info@bretonair.com,http://www.bretonair.com/,Education,True,f389ca56-d681-4959-b6ed-b3c17ad1304a,2026-01-10T13:15:04.600735+00:00,excel_import
Business Culture Centre Of Canada,training_provider,NS,Halifax,1402-1333 South Park Street,B3J 2K9,(902) 433-1918,,https://bcccanada.ca/,,True,947f14dd-26c3-494b-ab58-d9c22f12df0e,2026-01-10T13:15:04.601367+00:00,excel_import
Canadian College Of Massage And Hydrotherapy - Halifax,college,NS,Halifax,6960 Mumford Road,B3L 4P1,(902) 832-3268,,http://www.ccmhhalifax.com/,"Education, Healthcare, IT, Beauty",True,48d153ec-91a8-467c-802c-cf2dd712932c,2026-01-10T13:15:04.602119+00:00,excel_import
Canadian Institute Of Integrative Nursing Development And Education,training_provider,NS,Truro,30 Crescent Drive,B2N 1N6,,,,,True,84f920d3-54eb-41e5-b037-290efc9f53ca,2026-01-10T13:15:04.602890+00:00,excel_import
Canadian Language Learning College Cllc Halifax,college,NS,Halifax,0230-5201 Duke Street,B3J 1N9,(902) 461-9577,,http://www.cllc.ca/,"Education, IT, Childcare",True,f8ff176e-4309-4bed-8b7c-d44f8cfa2fad,2026-01-10T13:15:04.603564+00:00,excel_import
Carpenter Millwright College,college,NS,Middle Sackville,1000 Sackville Dr.,B4E 1S4,(902) 252-3553,,http://carpentermillwrightcollege.ca/,"Education, Healthcare, Trades, IT, Childcare",True,ac43203d-47eb-4d8d-bec1-8fa2f23c1271,2026-01-10T13:15:04.604246+00:00,excel_import
"Cbbc Career College Inc. - Sydney, Ns",college,NS,Sydney,315 Jameson Street,B1N 3B1,(902) 564-2222,,http://www.cbbccareercollege.ca/,"Education, Healthcare, IT, Arts",True,1ff1cac2-caab-4cdc-9fd3-0faa466f85d7,2026-01-10T13:15:04.604886+00:00,excel_import
Commercial Safety College,college,NS,Debert,11490 Highway #2,B0M 1G0,(800) 667-5455,,http://safetycollege.ca/,"Education, Healthcare, IT, Logistics, Arts, Manufacturing",True,e89c9cbb-9e4e-47df-8e0e-eee5eaf7b46c,2026-01-10T13:15:04.605513+00:00,excel_import
Cpa Atlantic School Of Business Association,training_provider,NS,Halifax,1306-2000 Barrington Street,B3J 3K1,(902) 334-1176,info@cpaatlantic.ca,https://www.cpaatlantic.ca/,"Education, IT",True,9ea78648-ce39-45fb-b95a-806ce64f840b,2026-01-10T13:15:04.606152+00:00,excel_import
Densmore Consulting Services Ulc,training_provider,NS,Dartmouth,PO Box 21027,B2W 6B2,(902) 956-0763,,http://www.densmoredoesbookkeeping.ca/,,True,159d914b-1f43-470f-91ff-80993b00d43b,2026-01-10T13:15:04.606798+00:00,excel_import
Educational Leadership Consortium Of Nova Scotia Ltd.,training_provider,NS,Bedford,219-1496 Bedford Highway,B4A 1E5,(902) 422-3270,,,,True,68493f6b-801d-40d2-805f-08d18e94cfab,2026-01-10T13:15:04.607403+00:00,excel_import
Hair Design Centre Limited,training_provider,NS,Halifax,278 Lacewood Drive,B3M 3N8,(902) 455-0535 ext. 1,,http://www.hairdesigncentre.com/,"Education, Community, IT, Beauty, Arts",True,67fda268-4b04-4a35-9fb9-8eada6943291,2026-01-10T13:15:04.608048+00:00,excel_import
Ict Northumberland College,college,NS,Halifax,1888 Brunswick Street 5th Floor,B3J 3J8,(902) 425-2869,,https://ictschools.com/?utm_source=googlemybusiness&utm_medium=organic&utm_campaign=Google%20My%20Business,"Education, Healthcare, Community, Business, IT, Beauty, Arts",True,5999e995-3553-4fac-bd61-e344f7b19f34,2026-01-10T13:15:04.608678+00:00,excel_import
International Language Institute Ltd.,training_provider,NS,Halifax,604-1800 Argyle Street,B3J 3N8,(902) 404-8880,,http://www.ili.ca/,,True,12c522bb-21db-4270-bf80-4e9c9d4de661,2026-01-10T13:15:04.609315+00:00,excel_import
Maritime Business College Limited,college,NS,Lower Sackville,800 Sackville Drive,B4E 1R8,(902) 463-6700,,https://www.maritimebusinesscollege.ca/,"Education, Healthcare, IT, Security, Legal",True,6bb82f5a-bdd8-48cd-b7d5-e5f5feca382b,2026-01-10T13:15:04.609966+00:00,excel_import
Maritime Conservatory Of The Performing Arts,training_provider,NS,Halifax,6199 Chebucto Road,B3L 1K7,(902) 423-6995,,http://maritimeconservatory.com/,"Education, IT, Childcare, Arts",True,ff2b80fe-d203-46b0-9a69-d272a08467dd,2026-01-10T13:15:04.610602+00:00,excel_import
Nova Scotia Association Of Realtors,training_provider,NS,Dartmouth,112-68 Highfield Park Drive,B3A 0E4,(902) 468-2515,,https://www.nsrealtors.ca/,,True,39a20aae-27bf-4a3e-84f0-35515b3a866f,2026-01-10T13:15:04.611228+00:00,excel_import
Operating Engineers Investment Limited,training_provider,NS,Dartmouth,251 Brownlow Avenue,B3B 2A9,(902) 798-5070,,http://www.trainingforthefuture.ca/,"Education, IT",True,a3a88555-124d-4815-b9b9-fe75245524d6,2026-01-10T13:15:04.611893+00:00,excel_import
Registered Nurses Professional Development Centre,training_provider,NS,Halifax,1276 South Park Street Unit Bethune,B3H 2Y9,(902) 423-8517,information@nscn.ca,https://www.nscn.ca/,Community,True,04103fdf-c7eb-42f1-b7ee-4a563025015e,2026-01-10T13:15:04.612557+00:00,excel_import
Shifted Academy Inc.,training_provider,NS,West Porters Lake,201-4286 Prospect Road,B3E 1L4,,,,,True,b9f23d91-d72c-47f8-ae59-1d6c1b50f513,2026-01-10T13:15:04.613217+00:00,excel_import
Survival Systems Training Ltd.,training_provider,NS,Dartmouth,40 Mount Hope Avenue,B2Y 4K9,(902) 405-8341,training@sstl.com; training@sstl.Com,http://www.sstl.com/,"Education, Healthcare, IT, Logistics, Arts",True,2d4bda33-f0ba-443e-96af-1f6d5e561627,2026-01-10T13:15:04.613874+00:00,excel_import
The Burwin Institute,training_provider,NS,Lunenburg,26 Pelham Street,B0J 2C0,(902) 634-3238,burwin@burwin.com,http://www.burwin.com/,"Education, IT, Arts",True,90c313b2-3efb-45cd-a7e9-69df679f9bee,2026-01-10T13:15:04.614502+00:00,excel_import
Debert Flying Center,training_provider,NS,Debert,44 Spitfire Road PO Box 242,B0M 1G0,(902) 662-2228,,http://www.flytfc.ca/,"Education, IT",True,2eb44281-5442-42ff-9ea9-02da70be9e96,2026-01-10T13:15:04.615130+00:00,excel_import
Ua56 Pipe Trades Career College Inc.,college,NS,Dartmouth,40 Neptune Crescent,B2Y 4R8,(902) 466-9920,training@local56.ca; admin@local56.ca,https://ualocal56.ca/,"Education, Healthcare, Trades, Business, IT",True,e731076a-c10a-43bb-885b-e53afb49a501,2026-01-10T13:15:04.615762+00:00,excel_import
Terry  Harrold School Of Aviation,training_provider,NT,Fort Smith,Hangar #2 FT Smith Airport,X0E 0P0,(867) 872-2216,,http://nwal.ca/,,True,2d89d60a-cb74-4626-b3b2-02c7c11ec99d,2026-01-10T13:15:04.616378+00:00,excel_import
Academy Canada - Corner Brook,training_provider,NL,Corner Brook,2 University Drive PO Box 366,A2H 6E3,(709) 637-2100,info@academycanada.com,http://www.academycanada.com/,"Education, Trades, Business, IT, Childcare, Beauty, Arts, Legal",True,483ebe3f-859f-4595-9954-07222568d418,2026-01-10T13:15:04.617024+00:00,excel_import
"Academy Canada - Harding Rd, St. John'S, Nl",training_provider,NL,St. John's,41 Harding Road,A1A 5T8,(709) 722-9151,info@academycanada.com,http://www.academycanada.com/,"Education, Trades, Business, IT, Childcare, Beauty, Arts, Legal",True,678ffad4-4dac-4e69-a876-18dbf45e5134,2026-01-10T13:15:04.617650+00:00,excel_import
"Academy Canada - Kenmount Rd, St. John'S, Nl",training_provider,NL,St. John's,167 -169 Kenmount Road,A1B 3P9,(709) 739-6767,info@academycanada.com,https://www.academycanada.com/?utm_source=google&utm_medium=organic&utm_campaign=gmb,"Education, Trades, Business, IT, Childcare, Beauty, Arts, Legal",True,5f9d2886-fd03-49f2-9939-7c7ec139b3a0,2026-01-10T13:15:04.618286+00:00,excel_import
Central Training Academy,training_provider,NL,Badger,6 Third Avenue,A0H 1A0,(709) 539-5150,centraltrainingnl@gmail.com,https://www.centraltraining.ca/home,"Education, IT, Logistics",True,f46867ad-9657-4d68-b78e-323699718843,2026-01-10T13:15:04.618908+00:00,excel_import
Dietrac Technical Institute Inc.,training_provider,NL,Lewisporte,82 Premier Drive,A0G 3A0,(709) 535-0550,,http://www.dietrac.com/,"Education, Trades, IT",True,909e7c95-de2d-4d80-958b-ac6100596b1b,2026-01-10T13:15:04.619528+00:00,excel_import
Operating Engineers Education & Development Inc.,training_provider,NL,Holyrood,Salmonier Line,A0A 2R0,(709) 229-6464,,http://www.oecollege.ca/,"Education, IT",True,eae75da9-85a3-43cf-8c60-e030b7505b3c,2026-01-10T13:15:04.620172+00:00,excel_import
Professional Fish Harvester Certification Board,training_provider,NL,St. John's,368 Hamilton Avenue,A1B 3P2,(709) 722-8170,pfh@pfhcb.com,http://www.pfhcb.com/,"Education, Healthcare, IT",True,19ae8de9-b7f9-47fe-9d6a-5c5d25c07e76,2026-01-10T13:15:04.620813+00:00,excel_import
Qfire-Ed Consulting Incorporated,training_provider,NL,St-Johns,8 Ben Avon Place,1A1 5X5,(709) 722-8613,,http://www.corenl.com/,,True,8006ebd8-b48b-4ad6-9d48-56a6a7f69f10,2026-01-10T13:15:04.621441+00:00,excel_import
Random Sound Paramedicine,training_provider,NL,Clarenville,3 Butler Crescent,A5A 4E4,(709) 466-7633,,https://randomsoundparamedicine.com/contact-us/,Education,True,6a1df5fe-6ef3-48d7-9661-98a903a5e799,2026-01-10T13:15:04.622080+00:00,excel_import
Formation Syma Coaching,training_provider,QC,Lac Beauport,39 chemin Fleming,G3B 2K3,(581) 814-1989,,http://www.symacoaching.com/,IT,True,88686bfb-aa64-40a7-8561-24c29f92da81,2026-01-10T13:15:04.622818+00:00,excel_import
Thornhill Torah Educational Centre,training_provider,QC,Mascouche,736 Pompadour,J7K 0S3,,,,,True,4a9301ad-cadd-40ea-93b3-8f205e193835,2026-01-10T13:15:04.623478+00:00,excel_import
ÉCole De PolaritÉ SantÉ,training_provider,QC,Notre Dame Des Prairie,122 boulevard Antonio Barrette,J6E 1E5,(450) 916-6999,info@sylvainboily.pro,https://sylvainboily.pro/,,True,130f155c-cac0-43c0-91ef-f33736fc1a90,2026-01-10T13:15:04.624138+00:00,excel_import
Edison Institute Of Nutrition Inc.,training_provider,QC,Pointe Claire,330 Ave Avro,H0R 3W3,(800) 456-9313,,https://www.edisoninst.com/?utm_source=GMBhome&utm_medium=organic,,True,4065e71d-05ff-44b1-9ce2-e05d566671d9,2026-01-10T13:15:04.624783+00:00,excel_import
Association De La Construction Du QuÉBec - Bas St-Laurent- GaspÉSie-Les ÎLes,training_provider,QC,Rimouski,424  2ème rue Est,GSM 1S6,(418) 724-4044,info@acqbsl.org,https://www.acq.org/?regionid=965,,True,de3d5397-2ac9-4b50-8041-8f8a24ac387a,2026-01-10T13:15:04.625425+00:00,excel_import
Commission Scolaire De Rouyn-Noranda - Centre PolymÉTier,training_provider,QC,Rouyn-noranda,15-10e rue,J9Z 5C9,(819) 762-8161,,https://polymetier.qc.ca/,Other,True,7215d88e-3d33-440a-8f49-ea4cf0917afd,2026-01-10T13:15:04.626075+00:00,excel_import
Centre D'Excellence En SantÉ De LanaudiÈRe,training_provider,QC,Saint-Charles-Borromée,110 rue Marie-Curie,J6E 0VZ,(450) 758-3552,,https://www.centremultiservice.ca/points-de-service/sante-joliette,,True,6befd622-2c8a-4f90-9c64-ca43effcff22,2026-01-10T13:15:04.626716+00:00,excel_import
PlongÉE Xl,training_provider,QC,Saint-Christophe d'Arthabaska,355-A Pie X,G6R 0L9,(819) 357-9050,info@plongeexl.com; Info@plongeexl.com,http://www.plongeexl.com/,,True,8eb52abf-c14a-496c-b8b7-fd223be4da80,2026-01-10T13:15:04.627329+00:00,excel_import
ÉCole De La Terre,training_provider,QC,St-Hyacinthe,B-1750 rue des Cascades,J2D 3J1,(450) 773-8400 ext. 6601,,http://epsh.qc.ca/,"Business, IT",True,98cdc851-965e-4e28-973a-091041831373,2026-01-10T13:15:04.628059+00:00,excel_import
Canadian School Of Naturotherapies,training_provider,QC,Alcove,83 chemin Kalalla,J0X 1A0,,,,,True,9d4fa2f2-1a44-4939-a313-888a98baf014,2026-01-10T13:15:04.628831+00:00,excel_import
KinÉ-Solution,training_provider,QC,Alma,171 avenue du Pont N,G8B 5C4,(418) 480-4224,,,,True,d0bc6e5e-57e7-40fe-bdd9-bc7e21644ea4,2026-01-10T13:15:04.629511+00:00,excel_import
ÉCole De Musique Harricana Inc.,training_provider,QC,Amos,662 1e Rue Est,J9T 2H6,(819) 732-8639,,https://musiqueharricana.ca/,,True,c07f82a4-2877-41ca-a075-f22ffa1c8d85,2026-01-10T13:15:04.630166+00:00,excel_import
Centre De Formation Harricana,training_provider,QC,Amos,850 1ère rue Est,J9T 2H8,(819) 732-3223,,https://www.cfpharricana.ca/,Business,True,855d068e-06bd-4e7a-aebf-ecf92d728cfd,2026-01-10T13:15:04.630824+00:00,excel_import
PhysiothÉRapie Uro-SantÉ Inc.,training_provider,QC,Baie-D'Urfe,669 Warwick,H9X 2P4,(819) 486-1186,infophysiofamiliale@physiofamiliale.com,http://physiofamiliale.com/,"Education, Arts",True,a7de36c0-e58b-4fcd-bbf4-c48f9e9f1f6d,2026-01-10T13:15:04.631467+00:00,excel_import
Lester B. Pearson School Board - Gordon Robertson Beauty Academy,training_provider,QC,Beaconsfield,240 promenade Beaurepaire,H9W 6G4,(514) 426-5096,grba@lbpearson.ca,https://lbpce.ca/grba/,"Education, Healthcare, IT, Security",True,38e4c3d8-4c50-419a-8a3b-9070cceb84e7,2026-01-10T13:15:04.632119+00:00,excel_import
9248-6232 QuÉBec Inc O/S. Institut Dolores Lamarre+,training_provider,QC,Beloeil,505 boulevard Sir Wilfrid Laurier,J3G 4H8,(450) 714-1275,communication@institutdlplus.com,https://institutdlplus.com/,,True,8265379b-76a1-4fbb-b198-2b69fc95fe59,2026-01-10T13:15:04.632832+00:00,excel_import
Centre De Formation De Berthier,training_provider,QC,Berthierville,881 rue Pierre-de-Lestage,J0K 1A0,(450) 758-3599,,https://www.centremultiservice.ca/points-de-service/berthier,,True,bf3bf0bb-bc40-4542-8c37-d40a46afb014,2026-01-10T13:15:04.633464+00:00,excel_import
Centre De Formation Incendie De Blainville,training_provider,QC,Blainville,310 chemin du Bas-de-Sainte-Thérèse,J7B 1T5,(450) 434-5200,info@cfiblainville.com,http://www.cfiblainville.com/,,True,b076ec47-4baf-4b43-95eb-9869af6f4593,2026-01-10T13:15:04.634149+00:00,excel_import
Coaching De Gestion Inc.,training_provider,QC,Blainville,6 rue des Prêles,J7C 0B1,(418) 570-9314,,https://www.madeleinesavard.com/,,True,e24d37f5-3f36-4a47-90d7-2f49e0eaa7ec,2026-01-10T13:15:04.634818+00:00,excel_import
ÉCole D'EsthÉTique Professionnelle Nancy Fortier,training_provider,QC,Blainville,1450 boulevard Curé-Labelle,J7C 2P2,(450) 432-0185,info@ecoleesthetiquenf.ca,http://www.ecoleesthetiquenf.ca/,,True,cead3efd-36d5-4dcb-92ad-75b5be0fb349,2026-01-10T13:15:04.635459+00:00,excel_import
Centre Canadien D'Hypnose Humaniste,training_provider,QC,Blainville,1070 Boulevard Curé-Labelle #101,J7C 2M7,(438) 364-2954,,https://hypnosehumaniste.ca/hypnose-humaniste/,,True,65fbedcb-a7ff-4552-ba02-9b82c4de8e59,2026-01-10T13:15:04.636091+00:00,excel_import
ÉCole De MassothÉRapie ÉNergisens,training_provider,QC,Blainville,6-1050 boul. Curé-Labelle,J7C 2M6,(450) 821-3612,,,,True,1877a83f-40a1-45a1-ac27-84ea5c21f9c2,2026-01-10T13:15:04.636826+00:00,excel_import
Pure Couleur,training_provider,QC,Blainville,71-56 Avenue ouest,J7C 1N2,(450) 434-3553,studio@purecouleur.com,https://www.purecouleur.com/,,True,6bedb1e0-b859-459e-ae30-722f8d6dba68,2026-01-10T13:15:04.638999+00:00,excel_import
Centre De Formation Automobile Du QuÉBec,training_provider,QC,Boisbriand,5-47 rue Piette,J7G 1L8,(438) 828-2635,info@cfaq1991.com,http://www.cfaq.quebec/,IT,True,dee9d466-f370-44e5-bcb1-418d5c4405fb,2026-01-10T13:15:04.639707+00:00,excel_import
ÉCole De Biodanza Srt De L'Estrie,training_provider,QC,Bonsecours,18410ème Rang,J0E 1H0,(514) 651-6961,info@centretara.com,http://centretara.com/,,True,151be1eb-98ce-47cb-bc09-88afd3cb8c50,2026-01-10T13:15:04.640360+00:00,excel_import
Ls Formation,training_provider,QC,Boucherville,15-643 boulevard Marie-Victorin,J4B 1X7,(450) 655-1510,,http://www.lsformation.com/,,True,e916b272-b369-4c6b-abfd-ea5da43c2f4c,2026-01-10T13:15:04.641016+00:00,excel_import
Spa Phiane Inc.,training_provider,QC,Boucherville,910 rue Ivanoe-Caron,J4B 8M8,(438) 504-1551,spaphiane@gmail.com,http://www.spaphiane.com/,"Education, IT, Beauty",True,4cda8605-b187-4ae7-9dba-8cc6ddc889d8,2026-01-10T13:15:04.641670+00:00,excel_import
Extra Centre De Formation,training_provider,QC,Boucherville,1263 Volta,J4B 7M7,(450) 641-2626,,http://www.extracentredeformation.ca/?utm_source=google&utm_medium=organic&utm_campaign=myBusiness&utm_term=fiche-locale&utm_content=fiche-locale,,True,f80599ac-29bd-4a85-809f-ad0cd4f97bef,2026-01-10T13:15:04.642316+00:00,excel_import
AcadÉMie Com-Uni-Coeur,training_provider,QC,Brigham,118  avenue de la Marquise,J2K 4L6,(450) 955-1021,info@academie-com-uni-coeur.com,https://academie-com-uni-coeur.com/,IT,True,8f5b0d3a-d747-4d10-b66c-4e81d9ad0fbe,2026-01-10T13:15:04.642975+00:00,excel_import
Boiselle Physio Inc.,training_provider,QC,Bromont,259 Des Patriotes,J2L 3J2,(450) 915-1603,,http://cliniquelabase.com/,,True,8111f00a-49f4-4ba6-9e02-194dd330ba01,2026-01-10T13:15:04.643617+00:00,excel_import
Centre De Formation Professionnelle De Levis,training_provider,QC,Bromont,259 Des Patriotes,J2L 3J2,(418) 838-8400,,http://taformation.ca/cfpl,Other,True,1e6b398a-c502-49ab-8fee-433f68feb6fc,2026-01-10T13:15:04.644421+00:00,excel_import
Eid Air Aviation,training_provider,QC,Bromont,17-101 rue du Ciel,J2L 2X4,(450) 534-0335,,http://www.eidair.net/?utm_medium=referral&utm_source=gmb&utm_campaign=lnk-gmb,,True,4199af0f-e22c-492d-8e18-bdb88490a0c5,2026-01-10T13:15:04.645168+00:00,excel_import
ÉCole De Conduite Caa-QuÉBec - Brossard,training_provider,QC,Brossard,2395-A boulevard Lapiniere,J4W 2T5,(450) 445-5545,ecoledeconduite@caaquebec.com,https://ecoledeconduite.caaquebec.com/fr/trouver-une-ecole/repertoire-ecoles-caa-quebec/fiche/ecole/brossard/,,True,b72c917f-f47a-43a7-8336-b26931c6069b,2026-01-10T13:15:04.645843+00:00,excel_import
Institut Mondial De L'Investisseur Actif Inc.,training_provider,QC,Brossard,201-9420 boul. Taschereau,J4X 2W2,(888) 520-2094,,http://www.daytradercanada.com/,Other,True,be634506-2474-438c-a6c9-b7f50e52cea0,2026-01-10T13:15:04.646526+00:00,excel_import
Institut Dentaire International (Idi) Inc.,training_provider,QC,Brossard,210-6000 boulevard de Rome,J4Y 0B6,(450) 676-1281,,http://www.idi.org/,IT,True,06cc1a2e-6200-4e4d-8201-5b50d383f99c,2026-01-10T13:15:04.647198+00:00,excel_import
ÉCole Professionnelle Des OstÉOpathes Du QuÉBec,training_provider,QC,Brossard,206-6955 boulevard Taschereau,J4Z 1A7,(450) 486-3337,,http://www.epoqosteopathie.com/,IT,True,7b636d25-6478-4862-83f1-13d2f89bebc8,2026-01-10T13:15:04.647870+00:00,excel_import
Centre De Formation Professionnelle En Relations Humaines Inc.,training_provider,QC,Brossard,030-6400 avenue Auteuil,J4Z 3P5,(450) 465-2464,info@cfprh.ca,http://www.cfprh.ca/,"IT, Arts",True,605fddce-a4e3-4aa8-9bab-c8e29e6d605b,2026-01-10T13:15:04.648533+00:00,excel_import
Bleu Marketing Mc Inc. (Manon Curie) O/S Bleu Yoga,training_provider,QC,Brossard,106-7900 A  boulevard Taschereau,J4X 1C2,(514) 953-5477,info@bleuyoga.ca,http://www.bleuyoga.ca/,,True,d5d76b20-0f6a-40a0-95bd-6f89d867cfde,2026-01-10T13:15:04.649205+00:00,excel_import
ÉCole De Langues Traducform Inc.,training_provider,QC,Brossard,2230 boul. Lapinière,J4W 1M3,(514) 792-7355,,http://traducform.com/,"IT, Arts",True,eb15f5ae-9e30-45cc-a4b6-e1485186fe80,2026-01-10T13:15:04.649903+00:00,excel_import
Sephardic Kollel Avrechim Foundation,training_provider,QC,Côte Saint-Luc,5750 Parkhaven Avenue,H4W 1X5,(514) 488-1632,,,,True,bd7fb6de-b62a-408e-99ec-03cbb8ed858f,2026-01-10T13:15:04.650555+00:00,excel_import
ÉCole De Formation Professionnelle De ChÃ£Â‚Teauguay,training_provider,QC,Châteauguay,225 boulevard Brisebois,J6K 3X4,(514) 380-8899,efpc@cssdgs.gouv.qc.ca,https://mondep.com/efpc/,IT,True,bcdc53c5-44d8-4458-80ab-dab8595faa28,2026-01-10T13:15:04.651221+00:00,excel_import
Huntingdon Adult Education,training_provider,QC,Châteauguay,214 rue MCLeod,J6J 2H4,(450) 691-1440,info@nfsb.qc.ca,https://www.nfsb.qc.ca/,"Education, Healthcare, IT",True,cea70c9a-3775-418d-9eba-0ee3c41ed815,2026-01-10T13:15:04.651875+00:00,excel_import
Nova Career Centre,training_provider,QC,Châteauguay,70 Maple blvd.,J6J 3P8,(450) 691-2540,registrationnova@nfsb.qc.ca; registrationhaecc@nfsb.qc.ca; registrationcvcec@nfsb.qc.ca,http://nfsb.me/,"Education, Trades, Business, IT, Manufacturing",True,e626f66f-d11a-4c4d-9e3e-d9701932af1a,2026-01-10T13:15:04.652520+00:00,excel_import
Birla VÉDique International Inc.,training_provider,QC,Chénéville,576 Route 315,J0V 1E0,(866) 428-3799,,https://www.birla.ca/,"Education, Healthcare, IT",True,cd927af8-fb2f-43ba-bd78-febd670f5b30,2026-01-10T13:15:04.653196+00:00,excel_import
CollÈGe Des MÉDecines Douces Du QuÉBec-Alternative Medicine College Of Canada,college,QC,Chambly,2597 avenue Bourgogne,J3L 2A9,,,https://cmdq.com/,"Education, Healthcare, IT",True,e12230ab-1452-46f7-95fd-b3b0650a27b8,2026-01-10T13:15:04.653874+00:00,excel_import
AcadÉMie Professionnelle Des Naturopathes Et Naturotherapeutes,training_provider,QC,Chambly,2520 Avenue Bourgogne,J3L 2A8,(450) 486-6878,,https://acpnn.ca/,Arts,True,e55150b7-3a03-40a8-aaff-6d5c3af52118,2026-01-10T13:15:04.654521+00:00,excel_import
Centre De Formation Professionnelle De La Baie James,training_provider,QC,Chibougamau,265A rue Lanctôt,G8P 1C1,(866) 956-0010,,http://www.cfpbj.ca/,,True,a0f1afa3-25df-4220-8d61-b24ce0f204ae,2026-01-10T13:15:04.655184+00:00,excel_import
Body Barre Fitness Inc.,training_provider,QC,Coaticook,125 rue Morgan,J1A 1V6,(819) 849-7016,,https://www.actisportscoaticook.ca/,,True,c9d6460f-c176-49c3-b9af-a6112d504855,2026-01-10T13:15:04.655859+00:00,excel_import
Centre De Formation Professionnelle De Coaticook,training_provider,QC,Coaticook,125 rue Morgan,J1A 1V6,(819) 849-9588,,http://crifa.cshc.qc.ca/fr/,,True,3e86cb44-f982-44d0-bdb2-19af031d3caa,2026-01-10T13:15:04.656528+00:00,excel_import
Centre De La PensÉE RÉAliste,training_provider,QC,Deux-Montagnes,1800 boulevard du Lac,J7R 1E1,(450) 491-2039,info@penseerealiste.com,https://www.penseerealiste.com/,Other,True,8e1a2807-dc79-4980-925c-1e8777c7c3ae,2026-01-10T13:15:04.657207+00:00,excel_import
CollÈGe Des Masso-KinÉSithÉRapeutes Du QuÉBec,college,QC,Disraeli,160 boulevard Bois-Francs Nord,G0N 1E0,(819) 552-2791,cmkqformations@hotmail.com,http://www.collegemassokine.com/,IT,True,cefe2c45-bb51-4b74-a6c0-b93c235bae06,2026-01-10T13:15:04.657871+00:00,excel_import
Centre De Formation Professionnelle Du Pays Des Bleuets,training_provider,QC,Dolbeau-Mistassini,400 2ième Avenue,G8L 3C6,(418) 276-8654,,,,True,9d0fa910-885b-4b21-803c-9df06100a2a8,2026-01-10T13:15:04.658516+00:00,excel_import
Formation Continue En Pharmacie Clinique,training_provider,QC,Dollard-Des Ormeaux,542 Spring Garden,H9B 1T1,(418) 687-5851,dfc@cegepgarneau.ca,http://progressez.ca/,"Healthcare, IT",True,3560a073-cdd7-4712-9ad0-d5f3a4677a72,2026-01-10T13:15:04.659181+00:00,excel_import
ÉCole Setsuko,training_provider,QC,Dorval,208-1564 Chemin Herron,H9S 1B7,(514) 482-1991,info@ecolesetsuko.ca,https://setsuko.ca/ecole/,"Education, Healthcare, IT, Childcare, Beauty, Arts",True,64b1209c-2a33-4f5c-9356-129f750d41cd,2026-01-10T13:15:04.659847+00:00,excel_import
Exo Drone - Drummondville,training_provider,QC,Drummondville,Unité 104  1637 boul. St-Joseph,J2C 2G4,(819) 473-4201,,http://www.exodrone.com/,Other,True,d0584547-db7b-465c-a242-513dbcac1727,2026-01-10T13:15:04.660497+00:00,excel_import
RÉSeau Clic - Drummondville,training_provider,QC,Drummondville,2ième étage  787 rue St-Pierre,J2C 3X2,(819) 253-2542,info@clicserviceslinguistiques.com,https://www.clicserviceslinguistiques.com/,Arts,True,f4ec99fd-6c45-4470-a2dd-0777df0cf4c9,2026-01-10T13:15:04.661148+00:00,excel_import
Formation En Ligne Coiffure Lylas,training_provider,QC,Drummondville,4125 boul. St-Joseph,J2B 1T6,(819) 850-4943,formationlylas@hotmail.com,https://formationenlignecoiffurelylas.com/,Other,True,24e0dc57-724f-4408-ad62-0b394c6cb7b2,2026-01-10T13:15:04.661809+00:00,excel_import
Centre De Formation Professionnelle Paul-Rousseau,training_provider,QC,Drummondville,125 rue Ringuet,J2B 6W6,(819) 474-0751,,https://www.cfppaulrousseau.ca/,Other,True,40a59cde-e83f-4359-944a-bb60cde03274,2026-01-10T13:15:04.662465+00:00,excel_import
Cours Vers L'ÉVeil,training_provider,QC,Drummondville,890 rue Gauthier,J2C 3B8,(819) 474-3422,info@coursversleveil.com,http://coursversleveil.com/,IT,True,5dadae84-320d-4b36-9fb8-6f812b513984,2026-01-10T13:15:04.663125+00:00,excel_import
AcadÉMie De Massage Scientifique A.M.S. Inc.,training_provider,QC,Drummondville,1375  rue Janelle,J2C 3E4,(800) 475-1964,,https://www.academiedemassage.com/,,True,1fa88828-746c-4fc6-a93f-373d70394b10,2026-01-10T13:15:04.663775+00:00,excel_import
AcadÉMie Internationale De La SantÉ Holistique,training_provider,QC,Drummondville,1275 Jean de Brébeuf,J2B 4T5,(819) 478-4556,,https://www.facebook.com/academieaish/,,True,8d1343b1-0135-4671-90a4-fd8789073a84,2026-01-10T13:15:04.664415+00:00,excel_import
Agence De Mannequins Ema Inc.,training_provider,QC,Drummondville,781 boulevard Mercure,J2B 3K8,(819) 474-1146,,https://emamodels.ca/,,True,f90365a5-55e8-4413-a1cc-f88acc92ae23,2026-01-10T13:15:04.665072+00:00,excel_import
Association De La Construction Du QuÉBec - Nord-Est Du QuÉBec,training_provider,QC,Drummondville,1275 Jean de Brébeuf,J2B 4T5,(514) 354-0609,info@acq.org,https://www.acq.org/,Security,True,b804f4b2-0905-4201-a04e-7dd78b9127f2,2026-01-10T13:15:04.665866+00:00,excel_import
Centre De Formation Zentao,training_provider,QC,Drummondville,1030 boulevard St-Joseph,J2C 2C6,(819) 313-3228,,http://www.sante-integrative.ca/,,True,028d753c-c43b-4c16-aa76-71cdd2d99daa,2026-01-10T13:15:04.666594+00:00,excel_import
ÉCole De Coiffure Top BeautÉ,training_provider,QC,Drummondville,452 rue Pie-X,J2A 1Y3,(819) 850-4943,formationlylas@hotmail.com,https://formationenlignecoiffurelylas.com/,Other,True,75956fbf-7b27-405b-9cc2-228bcbcbd81f,2026-01-10T13:15:04.667283+00:00,excel_import
ÉCole Du Routier R.C.,training_provider,QC,Drummondville,1170 Rue George H Boulay #120,J2C 7N8,(819) 472-9209,info@errc.ca,https://errc.ca/,,True,d82d2151-5ce5-480e-8593-48dcf130706e,2026-01-10T13:15:04.667951+00:00,excel_import
Institut De Conversation Anglaise Drummond,training_provider,QC,Drummondville,1510 rue Carmen,J2C 7H1,(819) 472-2476,,http://www.icad.qc.ca/,IT,True,5614775a-be6d-450f-8e38-10739aa5df4c,2026-01-10T13:15:04.668617+00:00,excel_import
Ejardin Inc. O/S Ejardin ÉCole,training_provider,QC,East Angus,690 rue Angus Nord,J0B 1R0,(438) 226-4008,,https://www.ejardin.ca/,IT,True,a8e810a2-929f-47c8-80a6-8f9ec5e7cc0b,2026-01-10T13:15:04.669287+00:00,excel_import
MassothÉRapie Pascale Nadeau,training_provider,QC,Farnham,230 boulevard de Normandie Nord,J2N 0B8,(418) 360-6400,,http://ishma.ca/,,True,fcf27b52-fa60-41e1-a5c4-2b30d6727077,2026-01-10T13:15:04.669968+00:00,excel_import
ÉCole Du Jeu VidÉO De MontrÉAl Inc.,training_provider,QC,Farnham,551 rue du Sommet,J2N 0T1,(438) 382-7466,,http://www.isart.ca/,IT,True,39e01b05-2e67-4473-b042-dba78d13b831,2026-01-10T13:15:04.670629+00:00,excel_import
"Canadian School Of Natural Nutrition - Ottawa, On",training_provider,QC,Gatineau,15 rue Jos Montferrand,J8X 0C2,,,,,True,53d391f3-cd6d-46df-80c6-ca98f95fca58,2026-01-10T13:15:04.671303+00:00,excel_import
Portail Phoenix Inc.,training_provider,QC,Gatineau,511 rue Boisvert,J8J 3C9,,,,,True,fe641ef0-a224-4b5b-9085-b9507e854e54,2026-01-10T13:15:04.671960+00:00,excel_import
Canadian School Of Natural Nutrition - Gatineau,training_provider,QC,Gatineau,porte 8  420 boulevard Wilfrid-Lavigne,J9H 6W7,(819) 682-6066,info@csnndistanceeducation.org,https://csnn.ca/distance-education,"Education, Healthcare, IT",True,35fb84e3-9f6f-4d80-a19a-22a75b369e24,2026-01-10T13:15:04.672616+00:00,excel_import
Centre De Formation Professionnelle CompÉTences Outaouais - Broadway,training_provider,QC,Gatineau,183 rue Broadway Ouest,J8P 3T6,(819) 643-4640,,,,True,f1581989-7599-4de4-9810-e223d90ddc2a,2026-01-10T13:15:04.673276+00:00,excel_import
ÉCole De Langues Creusot,training_provider,QC,Gatineau,100-72 rue Laval,J8X 3H3,(819) 770-3266,info@ecolecreusot.ca,https://ecolecreusot.ca/,,True,4c62ffdd-5e07-4b2c-88c4-c3221fb32635,2026-01-10T13:15:04.673946+00:00,excel_import
Canadian School Of Natural Nutrition - Gatineau,training_provider,QC,Gatineau,379 Alexandre-Tache Blvd.,J9A 1M4,(819) 682-6066,info@csnndistanceeducation.org,https://csnn.ca/distance-education,"Education, Healthcare, IT",True,f5528ae4-5f96-4b25-832b-ba7942e92127,2026-01-10T13:15:04.674630+00:00,excel_import
AcadÉMie De Massage Et D'OrthothÉRapie,training_provider,QC,Gatineau,rue Noël,J8Z 3G5,(819) 772-8682,admin@orthoacademie.com,https://www.orthoacademie.com/,,True,6dea63ca-cce6-4689-9769-8c77015558c5,2026-01-10T13:15:04.675301+00:00,excel_import
Aeroclub Gatineau Ottawa Inc.,training_provider,QC,Gatineau,1717 rue Arthur-Fecteau,J8R 2Z9,(819) 643-0333,,http://www.aeroclubgo.com/,,True,d6a7dcdd-5b98-46c5-b986-9b9eda8c2b86,2026-01-10T13:15:04.675970+00:00,excel_import
Association De La Construction Du QuÉBec - Outaouais - Ouest Du QuÉBec,training_provider,QC,Gatineau,170  boulevard Maisonneuve,J8X 3N4,(819) 770-1818,acq-outaouais@acqouestqc.org,https://www.acq.org/?regionid=970,,True,5e59b5c4-199e-4ec3-9a20-e4dd8155092b,2026-01-10T13:15:04.676703+00:00,excel_import
Centre D'Education En SantÉ Holistique,training_provider,QC,Gatineau,21 rue Lois,J8Y 3R3,(819) 777-1341,,http://www.sentezvousbien.ca/,,True,7aadfc3c-0093-4c70-9888-4a7f3bd83345,2026-01-10T13:15:04.677438+00:00,excel_import
Naissance-Renaissance Outaouais,training_provider,QC,Gatineau,5-115 boul. Sacré-Coeur,J8X 1C5,(819) 561-4499,info@nroutaouais.ca,http://www.nroutaouais.ca/,,True,5a85eb0e-a8a7-472d-8d77-6105a716f946,2026-01-10T13:15:04.678118+00:00,excel_import
Ontario Driving School - Brampton,training_provider,QC,Gatineau,460 boulevard Gréber #206,J8T 6C7,(519) 673-4360,contact@ontariodrivingschool.ca,https://ontariodrivingschool.ca/,"Education, IT, Logistics",True,78b4052a-8866-44c4-a7ed-7fbf33dbb159,2026-01-10T13:15:04.678801+00:00,excel_import
Urban Studies,training_provider,QC,Gatineau,23-10 rue Noêl,J8Z 3G5,(613) 716-6991,,,,True,73d307fb-44f5-45d8-85c3-3acb232026b0,2026-01-10T13:15:04.679459+00:00,excel_import
Centre De Formation En MassothÉRapie De Granby Inc.,training_provider,QC,Granby,19 rue Brébeuf,J2G 6X1,(450) 777-1220,ecole_cfmag@hotmail.com,https://www.cfmag.com/,,True,b15ebc7a-44d7-48b9-a356-c4ea941f290e,2026-01-10T13:15:04.680122+00:00,excel_import
ÉCole Le Jet D'Ancre Inc.,training_provider,QC,Granby,335-164 rue Cowie,J2G 8E2,,,,,True,2affce2f-6831-4143-9d0d-23230bf2a9de,2026-01-10T13:15:04.680767+00:00,excel_import
ÉCole De Langue Anglaise M.I.R.,training_provider,QC,Granby,484 rue du Pétunia,J2H 0B3,(877) 777-7386,info@anglopro.qc.ca,http://www.anglopro.qc.ca/,IT,True,6bea61e7-9d59-4f3b-a99a-80d085b95f1f,2026-01-10T13:15:04.681574+00:00,excel_import
Anglopro,training_provider,QC,Granby,425 rue des Pères,J2J 0C8,(877) 777-7386,info@anglopro.qc.ca,http://www.anglopro.qc.ca/,IT,True,1cb839f0-04cb-45ed-9ac2-994fe0a11ade,2026-01-10T13:15:04.682250+00:00,excel_import
Centre De SantÉ L'Empreinte De Vie Inc. O/S Empreinte De Vie,training_provider,QC,Granby,10 boulevard Pie IX,J2G 5Y4,(450) 777-8885,,https://empreintedevie.ca/,,True,dd873fff-554f-4c1e-81ab-458d2cb504c2,2026-01-10T13:15:04.682924+00:00,excel_import
Institut De Formation Gsn Inc.,training_provider,QC,Granby,461 Rodin,J2J 2Y1,,,,,True,d91f9ea3-d54b-426d-a24a-47a860ccbec3,2026-01-10T13:15:04.683554+00:00,excel_import
JosÉE Boivin MassothÉRapeute,training_provider,QC,Granby,587 Denison Ouest,J2G 8C4,(514) 432-6375,jboivinmassage@hotmail.com,http://www.jbmassokin.com/,,True,c0d6b474-b556-4eb5-9188-05c96f843a5d,2026-01-10T13:15:04.684191+00:00,excel_import
La Langue Au Chat (ÉCole De Langues),training_provider,QC,Granby,10 boulevard Pie IX,J2G 5Y4,(877) 777-7386,info@anglopro.qc.ca,http://www.anglopro.qc.ca/,IT,True,ab203b61-db67-4fef-b165-8e0d4cd9db07,2026-01-10T13:15:04.684854+00:00,excel_import
Communication Psycom Inc.,training_provider,QC,Harrington,100 chemin Ross,J8G 2T1,,,https://www.facebook.com/Guillaume.Dulude.Psycom,,True,a97df4f5-9d4e-4011-ab58-612bcd2b2b0f,2026-01-10T13:15:04.685484+00:00,excel_import
H-Om Yoga Center,training_provider,QC,Hudson,301 Main Road,J0P 1H0,(514) 919-4213,,https://www.muvhudson.com/,"IT, Arts",True,9bcec1df-9c3f-437a-a164-151332f93484,2026-01-10T13:15:04.686137+00:00,excel_import
Centre De Formation De L'Argile,training_provider,QC,Joliette,918 rue Ladouceur,J6E 3W7,(450) 758-3630,,https://www.centremultiservice.ca/points-de-service/largile,,True,ac385f7b-fb68-481a-9534-d1f0d8b37fe8,2026-01-10T13:15:04.686791+00:00,excel_import
ÉCole HÃ£Â”TeliÈRe De LanaudiÈRe - Cs Samares,training_provider,QC,Joliette,355 rue Sir Mathias-Tellier Sud,J6E 6E6,(450) 758-3767,,https://www.centremultiservice.ca/academie-dhotellerie-et-de-tourisme-de-lanaudiere,,True,9e34d398-ed84-466b-a6a3-7a468ab84cc2,2026-01-10T13:15:04.687436+00:00,excel_import
ÉCole De Massage Et De Yoga Julie Eyelom Inc.,training_provider,QC,Joliette,565 rue St-Charles-Borromée Nord,J6E 4S5,(438) 701-0181,,http://www.julieeyelom.com/,,True,a25d0cfb-2bf4-4321-9358-8b5391b6752d,2026-01-10T13:15:04.688093+00:00,excel_import
Jacome Inc. O/S Tornade L'AcadÉMie De Coiffure,training_provider,QC,Joliette,565 rue St-Charles-Borromée Nord,J6E 4S5,(514) 382-2021,,http://www.tornade-coiffure.com/,,True,c42f8d6d-2e76-44ff-be81-8ecd23a07fff,2026-01-10T13:15:04.688741+00:00,excel_import
Cfp Des MÉTiers De La SantÉ,training_provider,QC,Kirkland,3501 boulevard Saint-Charles,H9H 4S3,(514) 333-8886,Direction.CFPdesmetiersdelasante@csmb.qc.ca,http://www.cfpsante.ca/,IT,True,35fdc876-521f-4ce6-a71b-650667c0564b,2026-01-10T13:15:04.689389+00:00,excel_import
AÉRo Loisirs Inc.,training_provider,QC,La Macaza,144 chemin Roger Hébert,J0T 1R0,(819) 275-2445,info@aeroloisirs.com,http://www.aeroloisirs.com/,"Education, IT",True,73a40b1b-48ce-4e8a-b717-5bb0858a7fed,2026-01-10T13:15:04.690060+00:00,excel_import
Centre D'ÉDucation Des Adultes Et De Formation Professionnelle De Charlevoix,training_provider,QC,La Malbaie,100 rue Laure-Gaudreault,G5A 0A8,(418) 665-4487,,https://aviseformation.ca/,Other,True,8d88681e-913d-49a3-906c-3fc416af79e2,2026-01-10T13:15:04.690723+00:00,excel_import
Les Promotions Et Productions Stephan Roy Ltee.,training_provider,QC,La Prairie,350 boulevard des Prés-Verts,J5R 4X6,(514) 947-3475,info@cfcq.ca; info@ecolestephanroy.com,http://www.ecolestephanroy.com/,,True,6096ecf3-0cf3-4146-b340-5beb638f90c8,2026-01-10T13:15:04.691351+00:00,excel_import
AcadÉMie De Coiffure De La MontÉRÉGie,training_provider,QC,La Prairie,30 boul Taschereau #102,J5R 5H7,(450) 659-6463,,http://www.coiffureacademie.ca/,Other,True,1c753566-acc7-431c-b583-5b5d4637e6ea,2026-01-10T13:15:04.691999+00:00,excel_import
Clinique De MassothÉRapie Christine Fournier,training_provider,QC,La Sarre,102-80 12 Avenue Est,J9Z 3K6,(819) 333-8080,,,,True,457f688c-d537-4d71-a78e-64467c92a2a3,2026-01-10T13:15:04.692635+00:00,excel_import
Centre De Formation Professionnelle Performance Plus,training_provider,QC,Lachute,462 avenue Argenteuil,J8H 1W9,(450) 566-7587,performanceplus@cssrdn.gouv.qc.ca,http://cfpperformanceplus.com/,Other,True,d033f997-b506-45e6-bb98-f6bc1ab7f098,2026-01-10T13:15:04.693283+00:00,excel_import
HÉLi Mistral Service Inc.,training_provider,QC,Lachute,101-6 rue Ader,J8H 3R8,(450) 979-7979,helimistral@hotmail.com,http://www.helimistral.com/,,True,8952228c-7edd-4a85-b385-27bc44d6fb34,2026-01-10T13:15:04.693937+00:00,excel_import
Lachute Aviation,training_provider,QC,Lachute,480 de L'Aéroparc Blvd.,J8H 3R8,(450) 562-1330,info@lachuteaviation.com,http://www.lachuteaviation.com/,Other,True,97fd067b-e407-49e6-824d-c8f8cfd7f9f5,2026-01-10T13:15:04.694722+00:00,excel_import
Alliance Francaise De Calgary,training_provider,QC,Lachute,101-6 rue Ader,J8H 3R8,(403) 245-5662,,http://www.afcalgary.ca/,"Education, IT, Childcare",True,c38df86e-f21d-4936-a9d0-d9d718f19b7c,2026-01-10T13:15:04.695532+00:00,excel_import
Centre De Formation Professionnelle Le Granit,training_provider,QC,Lac-Mégantic,3409 rue Laval,G6B 1A5,(819) 583-5773,cgranit@csshc.gouv.qc.ca,https://legranit.csshc.gouv.qc.ca/,IT,True,1723fe35-e60a-4e9f-85fd-0e8a61715191,2026-01-10T13:15:04.696288+00:00,excel_import
ÉVeil De La MÉMoire Corporelle,training_provider,QC,Lac-Mégantic,3877 rue Cousineau,G6B 2A5,,,,,True,d0f33d7d-5c81-4a89-b928-b4f607ffdd85,2026-01-10T13:15:04.697134+00:00,excel_import
Centre Eauvie,training_provider,QC,Lac-Supérieur,439 chemin du Lac Quenouille,J0T 1J0,(450) 228-2288,,https://centre-eauvie.com/,Healthcare,True,289c253d-a932-48e6-bc66-6b82a5357daf,2026-01-10T13:15:04.697836+00:00,excel_import
K & K Cours D'Anglais,training_provider,QC,Lambton,301 Route 108,G0M 1H0,,,,,True,636a33de-b3fb-47c5-9da1-d32379ceeb60,2026-01-10T13:15:04.698494+00:00,excel_import
9207 6090 QuÉBec Inc.,training_provider,QC,L'Ancienne-Lorette,6220 Boulevard Wilfrid-Hamel,G2E 2H7,,,,,True,1a5da0c6-c45b-4187-b37e-06b0823d8d25,2026-01-10T13:15:04.699146+00:00,excel_import
Au Grenier De La Nature S.E.N.C.,training_provider,QC,L'Ange-Gardien,936 chemin Couture,J8L 2W9,(819) 281-2215,,http://www.grenier-nature.com/,,True,b3c5f227-c87e-4c8f-a419-e93c0e16ccfa,2026-01-10T13:15:04.699810+00:00,excel_import
HerbothÈQue Inc.,training_provider,QC,Lantier,642 croissant des Trois-Lacs,J0T 1V0,(819) 326-4516,,,,True,a2a799c2-3ae0-4441-bef3-05cac2867d8b,2026-01-10T13:15:04.700478+00:00,excel_import
Centre De Formation Professionnelle De Portneuf,training_provider,QC,L'Assomption,2495 rue Ricard,J5W 0C1,(418) 285-5018,,http://www.cfportneuf.com/,Other,True,433eec92-041c-4b9f-94da-fe4b643ee809,2026-01-10T13:15:04.701150+00:00,excel_import
SimplicitÉ Sm,training_provider,QC,L'Assomption,2495 rue Ricard,J5W 0C1,,,,,True,233b2f93-b980-4578-9caf-2dbdd164e76a,2026-01-10T13:15:04.701811+00:00,excel_import
Exo Drone - Laval,training_provider,QC,Laval,4025 boul. Leman,H7E 1A2,(450) 664-0505,,http://www.exodrone.com/,Other,True,003a7226-50ac-44ff-9af3-ef7cf23e2e60,2026-01-10T13:15:04.702473+00:00,excel_import
Centre De Formation Professionnelle Horticole De Laval,training_provider,QC,Laval,1051 croissant Pierre-Bédard,H7E 1Y8,(450) 662-7000 ext. 2200,horticole@csslaval.gouv.qc.ca,https://centrehorticolelaval.com/,Environment,True,c373432c-2895-4ef7-a464-f464217f70da,2026-01-10T13:15:04.703131+00:00,excel_import
Centre De Formation Professionnelle Ipiq,training_provider,QC,Laval,1740 montée Masson,H7E 4P2,(450) 662-7000,ipiq@csslaval.gouv.qc.ca,https://ipiqlaval.com/,"IT, Childcare",True,65dd0573-a6da-481a-9765-0fcbc3df5d60,2026-01-10T13:15:04.703896+00:00,excel_import
Institut Axis,training_provider,QC,Laval,820 rue Plessis,H7E 4S9,,,,,True,0a195c12-4607-468d-ac7f-0ca7498c3a03,2026-01-10T13:15:04.704625+00:00,excel_import
Centre De Formation En MÉTallurgie De Laval,training_provider,QC,Laval,155 boulevard Sainte-Rose Est,H7H 1P2,(450) 662-7000 ext. 2000,,https://emslaval.com/,IT,True,d04895f1-61ce-47d4-aa10-0c806e81c397,2026-01-10T13:15:04.705304+00:00,excel_import
Association Des MÉDecins VÉTÉRinaires Du QuÉBec (Amvq),training_provider,QC,Laval,199 boulevard Ste-Rose,H7L 1L5,(450) 963-1812,administration@amvq.qc.ca,http://www.amvq.quebec/,"Business, IT",True,96e727e2-cd8e-417d-b475-dc18ed9b50eb,2026-01-10T13:15:04.705992+00:00,excel_import
Centre De Formation Professionnelle ÉCole PolymÉCanique De Laval,training_provider,QC,Laval,4095 boulevard Lévesque Est,H7L 2R8,(450) 662-7000,,https://polymecaniquelaval.com/,,True,21ae5394-77d2-4191-a29c-fba063c0a7da,2026-01-10T13:15:04.708132+00:00,excel_import
ÉCole HÃ£Â”TeliÈRe De Laval,training_provider,QC,Laval,190 rue Roseval,H7L 2V6,(450) 662-7000 ext. 2400,,https://ehalaval.com/,IT,True,5fb22466-af38-4786-89eb-f033c12426c6,2026-01-10T13:15:04.708886+00:00,excel_import
Centre De Formation Professionnelle Le Chantier,training_provider,QC,Laval,2875 boul. Industriel,H7L 3V8,(450) 662-7000 ext. 2300,lechantier@csslaval.gouv.qc.ca,https://centrelechantier.com/,Other,True,2ce692f6-7342-496a-82a3-f9ad5713aea1,2026-01-10T13:15:04.709618+00:00,excel_import
Centre De Formation Professionnnelle Paul-ÉMile Dufresne,training_provider,QC,Laval,2525 boul. de la Renaissance,H7L 3Y2,(450) 662-7000,,https://ehalaval.com/,IT,True,21303376-5783-4bc1-bd36-40cae72edeea,2026-01-10T13:15:04.710332+00:00,excel_import
Formation Professionnelle Elc,training_provider,QC,Laval,131 rue Racine,H7M 5E4,(450) 667-3934,info@centreelc.com,http://centreelc.ca/,IT,True,30a5fe8b-6bab-4de2-8c09-2a0f0f4898d1,2026-01-10T13:15:04.711095+00:00,excel_import
Centre De Formation Professionnelle CompÉTences 2000,training_provider,QC,Laval,777 avenue de Bois-de-Boulogne,H7N 4G1,(450) 662-7000 ext. 2000,,https://emslaval.com/,IT,True,3baf4561-89c1-4f98-9ad8-ffee1bb7a313,2026-01-10T13:15:04.711852+00:00,excel_import
I/Drone MontrÉAl Inc.,training_provider,QC,Laval,21 montée Major,H7N 4R9,,,,,True,7519cb86-db05-4717-9287-403e200632e7,2026-01-10T13:15:04.712555+00:00,excel_import
Namasse.Co Espace Bien-ÊTre,training_provider,QC,Laval,5501 49e Avenue,H7R 4A8,(514) 448-8322,,https://bewellwithinas.squarespace.com/,,True,0be7ec6c-1890-448c-baee-df704ef1f2d0,2026-01-10T13:15:04.713260+00:00,excel_import
Tornade L'Academie De Coiffure Inc.,training_provider,QC,Laval,105-154 boulevard de l'Avenir,H7S 2N5,(514) 382-2021,tornade@groupeoblic.ca; julie@tornadecoiffure.com,http://www.tornadecoiffure.com/,"Healthcare, IT",True,ef7de7ab-c2c4-4c93-8209-400254213538,2026-01-10T13:15:04.713980+00:00,excel_import
AcadÉMie De Musique Ste-DorothÉE,training_provider,QC,Laval,971 Montée Gravel,H7X 2B9,(450) 689-7667,info@academiedemusiquestedorothee.com,https://www.academiedemusiquestedorothee.com/?utm_source=GMB-listing&utm_medium=Organic,IT,True,cf23f04b-2630-4ac1-abac-8e411777bbce,2026-01-10T13:15:04.714712+00:00,excel_import
AcadÉMie ÉDith Serei,training_provider,QC,Laval,233 boulevard Sainte-Rose,H7L 1L7,(450) 937-1774,info@edithserei.com,http://edithserei.com/,,True,e5dea775-f168-46ab-bcd4-917b19fe2a76,2026-01-10T13:15:04.715430+00:00,excel_import
Acadent,training_provider,QC,Laval,768 rue de Chevillon,H7N 6J2,(450) 662-6060,,https://apigroupe.com/dentiste-laval/,,True,361f9c07-7d65-481e-8c53-e6151ddc0576,2026-01-10T13:15:04.716133+00:00,excel_import
Addendum,training_provider,QC,Laval,1816 boulevard des Laurentides,H7M 2P6,(514) 791-0458,,http://www.addendum.ca/,,True,165ac79e-3cc1-4903-acd7-06a8f51d2754,2026-01-10T13:15:04.716836+00:00,excel_import
Ago Coaching,training_provider,QC,Laval,919-3580 boulevard Saint-Elzéar Ouest,H7P 0L7,(514) 582-6164,,http://agocoaching.com/,,True,123e44dc-580b-49fd-876b-0e9e4223c77b,2026-01-10T13:15:04.717526+00:00,excel_import
Arthur Murray Laval Dance Center,training_provider,QC,Laval,201-1882  St. Martin Blvd. West,H7S 1M9,(450) 973-4050,info@arthurmurraylaval.com,http://www.arthurmurraylaval.com/,Other,True,295a00e9-41eb-4c4e-9e4e-1bf254a06608,2026-01-10T13:15:04.718227+00:00,excel_import
Autobus Professionnels,training_provider,QC,Laval,1325 montée Masson,H7E 4P2,(833) 449-6444,,https://www.orleansexpress.com/fr/autobus_laval/,,True,7ef1be97-9790-41e6-ae7e-7c41e42c0ea8,2026-01-10T13:15:04.718936+00:00,excel_import
Berlitz Canada,training_provider,QC,Laval,103-3933 boulevard Saint-Martin,H7T 1B5,(450) 231-1902,privacy@berlitz.ca,http://www.berlitz.ca/,"Education, Healthcare, Business, IT",True,05783975-ce83-43e5-81bb-7c78ca2ecbea,2026-01-10T13:15:04.719635+00:00,excel_import
Centre QuÉBecois De Formation En FiscalitÉ - Cqff Inc.,training_provider,QC,Laval,610-2540 boul. Daniel-Johnson,H7T 2S3,(514) 333-3472,,https://www.cqff.com/,IT,True,21c0870e-5b37-4eb8-be89-511f35d68344,2026-01-10T13:15:04.720348+00:00,excel_import
Cornerstone College Of Healthcare And Business,college,QC,Laval,1816 boulevard des Laurentides,H7M 2P6,(416) 398-2191,,https://cornerstonecollege.ca/,"Healthcare, Business, IT",True,262dd21d-8cb0-47d1-bc68-35eea6407267,2026-01-10T13:15:04.721075+00:00,excel_import
ÉCole Nationale Des Pompiers Du QuÉBec,training_provider,QC,Laval,2800 boulevard St-Martin Ouest #3.08,H7T 2S9,(450) 662-7000,ipiq@csslaval.gouv.qc.ca,https://ipiqlaval.com/,"IT, Childcare",True,df61c749-bff1-44ee-8d90-02ba32f4c243,2026-01-10T13:15:04.721799+00:00,excel_import
ÉTablissement D'Enseignement SupÉRieur D'OstÉOpathie Du Canada,training_provider,QC,Laval,209-3230 Curé-Labelle,H7P 0H9,(450) 934-6890,info@eesoc.ca,http://eesoc.ca/,Other,True,d71a3f39-7ef0-40b1-86b1-331b4f5183f4,2026-01-10T13:15:04.722496+00:00,excel_import
Gestion Solution Construction Inc.,training_provider,QC,Laval,5120 rue Bernard-Lefebvre,H7C 0B7,(514) 814-5928,infogatineau@groupegsc.com; info@groupegsc.com; infoqc@groupegsc.com,https://rbqlicence.com/,Education,True,274231d4-add7-424e-ad4b-18c58ba44c61,2026-01-10T13:15:04.723540+00:00,excel_import
Institut De Coaching Holistique Inc.,training_provider,QC,Laval,911-1400 rue Lucien-Paiement,H7N 0E3,(514) 241-8731,info@icicoaching.com,https://icicoaching.com/,IT,True,3568066c-bba2-43d9-a066-44980aa93000,2026-01-10T13:15:04.724365+00:00,excel_import
Institut De Protection Contre Les Incendies Du QuÉBec (Ipiq),training_provider,QC,Laval,1740 Montée Masson,H7C 0K4,(450) 662-7000,ipiq@csslaval.gouv.qc.ca,https://ipiqlaval.com/,"IT, Childcare",True,f5375eba-bcb9-4f64-b2d4-bc732f494938,2026-01-10T13:15:04.725225+00:00,excel_import
Mecaforme,training_provider,QC,Laval,2474 rue Honoré Mercier,H7L 2T4,(514) 826-6519,,http://www.mecaforme.com/,,True,8349dc86-d8bf-439f-992d-f01281afcf01,2026-01-10T13:15:04.726082+00:00,excel_import
"Formation Lnf (Lemieux Nolet,  Comptable Professionnel AgrééS,  S.E.N.C. R.L)",training_provider,QC,Levis,400-1610 boulevard Alphonse-Desjardins,G6V 0H1,(866) 833-2114,adresse@courriel.com; info@formationlnf.ca,http://formationlnf.ca/,,True,ecbbf8a4-6ab7-4ce8-9eb1-1c8aeb744d1b,2026-01-10T13:15:04.726864+00:00,excel_import
L'Art D'Apprendre Une Langue Anglais-Fun,training_provider,QC,Levis,9 rue J.-T.-Larochelle,G6V 5X8,(418) 838-8888,,https://accesgo.com/entreprise/anglais-fun-ecole-de-langue-levis,,True,ab85d2a1-4717-4bce-9792-ebc2c4387b27,2026-01-10T13:15:04.727564+00:00,excel_import
Centre De Formation Professionnelle Gabriel Rousseau,training_provider,QC,Levis,1155 boul. Guillaume-Couture,G6W 0S2,(418) 839-0508,,https://taformation.ca/cfpgr,Other,True,5655114e-f7f5-49aa-be37-633ee010231e,2026-01-10T13:15:04.728281+00:00,excel_import
Centre De Formation En MÉCanique De VÉHicules Lourds,training_provider,QC,Levis,2775 rue Etchemin,G6W 7X5,(418) 838-8542,,http://www.taformation.ca/cfmvl,Other,True,88f484e7-248f-4a60-83e4-d7f5cec12a0a,2026-01-10T13:15:04.729008+00:00,excel_import
Centre National De Conduite D'Engins De Chantier,training_provider,QC,Levis,1050 chemin Bélair Ouest,G6Z 2L2,(418) 834-0311,,https://taformation.ca/cncec,Other,True,c147fa25-5df8-4094-9110-27c065fd103b,2026-01-10T13:15:04.729710+00:00,excel_import
9198-511 QuÉBec Inc. O/S Neuro Formations,training_provider,QC,Levis,1941  rue des Colombes,G6K 1V2,(581) 990-9911,,https://neuroformations.com/,Other,True,1e2c8d62-0983-416e-b89e-67490566dd3e,2026-01-10T13:15:04.730389+00:00,excel_import
Accent Anglais Inc.,training_provider,QC,Levis,9102-4048  rue de l'Écluse,G6X 1G6,(514) 806-3647,,http://www.accentunique.com/,"Education, IT, Beauty",True,21840ece-654c-4900-9ba6-2d886e562a43,2026-01-10T13:15:04.731259+00:00,excel_import
Groupe SystÈMe ForÃ£ÂŠT Inc.,training_provider,QC,Levis,200-1120 boul. Guillaume-Couture,G6W 5M6,(581) 500-2660,,http://www.gsf.ca/,,True,9f668718-5c81-416c-aa8d-30543006520b,2026-01-10T13:15:04.732077+00:00,excel_import
Centre Meta Contact Inc.,training_provider,QC,Longueuil,1765 rue Coderre,J3Y 4N4,(450) 676-5683,info@centremetacontact.com,https://centremetacontact.com/,,True,99c565f8-2a98-41ea-9713-c608c7295d66,2026-01-10T13:15:04.732826+00:00,excel_import
Centre Pluridisciplinaire D'Aviation Du QuÉBec Inc.,training_provider,QC,Longueuil,4850 route de l'aéroport de Saint-Hubert,J3Y 8Y9,(450) 443-4555,,http://sainthubertflyingschool.com/,,True,76c8aefc-3049-4537-9ef0-21c08c4e0315,2026-01-10T13:15:04.733556+00:00,excel_import
ÉCole De Pilotage Saint-Hubert Inc.,training_provider,QC,Longueuil,5680 route de l'Aéroport,J3Y 8Y9,(450) 443-4555,,http://sainthubertflyingschool.com/,,True,8dfc31a8-9615-43d5-9ca6-e1e29917ccf5,2026-01-10T13:15:04.734374+00:00,excel_import
Helicraft,training_provider,QC,Longueuil,6500 chemin de la Savane,J3Y 8Y9,(514) 686-7046,,https://helicraft.ca/,Other,True,446431db-53f4-4235-bdc2-41d51fed0472,2026-01-10T13:15:04.735201+00:00,excel_import
ÉCole HÃ£Â”TeliÈRe De La MontÉRÉGie,training_provider,QC,Longueuil,4100 chemin de la Savane,J3Y 9G4,(450) 670-9070,ehm@cssmv.gouv.qc.ca,https://ehmonteregie.ca/,Other,True,0ae68eb0-c623-4661-8488-5eb269b3b8a7,2026-01-10T13:15:04.735970+00:00,excel_import
Centre De Formation Professionnelle D'ÉLectrolyse Et D'EsthÉTique,training_provider,QC,Longueuil,1428 chemin de Chambly,J4J 3X3,(450) 677-5605,cfpee450@gmail.com; plaintes-pne@pne.gouv.qc.ca,http://cfpee.ca/,,True,95676c1c-7da7-4907-bea8-34a4044c4687,2026-01-10T13:15:04.736757+00:00,excel_import
ÉCole Et Distribution All Nail And Beauty,training_provider,QC,Longueuil,621 Curé Poirier Ouest,J4J 5H2,(514) 885-6217,support@allnailandbeauty.com,http://www.allnailandbeauty.com/,,True,dc176a19-7c75-4a6d-9dbe-5690457aac26,2026-01-10T13:15:04.737501+00:00,excel_import
ÉCole De Conduite Caa-QuÉBec - Longueuil,training_provider,QC,Longueuil,2904 ch. de Chambly,J4L 1N1,(450) 670-8555,ecoledeconduite@caaquebec.com,https://ecoledeconduite.caaquebec.com/fr/trouver-une-ecole/repertoire-ecoles-caa-quebec/fiche/ecole/longueuil/,,True,4aa69556-7266-40a7-9a78-40ec11b35a42,2026-01-10T13:15:04.738223+00:00,excel_import
Centre De Formation Ligne De Vie,training_provider,QC,Longueuil,713 rue Radisson,J4L 4J5,(450) 550-8007,admissionfpea@cssmv.gouv.qc.ca,https://charlotte-tasse.ca/,Other,True,a745c959-04ce-49c8-922b-aaf690b0c77f,2026-01-10T13:15:04.738955+00:00,excel_import
Centre De Formation Professionnelle Pierre-Dupuy,training_provider,QC,Longueuil,1150 chemin du Tremblay,J4N 1A2,(450) 468-4000,centre_pierredupuy@cssmv.gouv.qc.ca,https://www.csmv.qc.ca/cfp-pierre-dupuy/,Other,True,22b3e2ca-1e12-4cd7-b450-f85d88f51f35,2026-01-10T13:15:04.739682+00:00,excel_import
"Diligence, Services De Coaching",training_provider,QC,Longueuil,575 rue Queen,J4V 1R4,(438) 924-2414,,http://karinedezielcoaching.com/,,True,f9525d10-90f2-4e4c-a9f9-21a8a42c6bc0,2026-01-10T13:15:04.740395+00:00,excel_import
AcadÉMie Coaching ÉLite,training_provider,QC,Longueuil,1527 Notre-Dame-des-Grâces,J4J 3G3,(514) 797-5982,info@coachingelite.com,http://academie-coaching-elite.com/,IT,True,f9f7ea65-d903-4359-89ab-9776ac6829f1,2026-01-10T13:15:04.741149+00:00,excel_import
AcadÉMie De L'Entrepreneurship QuÉBÉCois Inc.,training_provider,QC,Longueuil,104-4660  Montée St-Hubert,J3Y 1V1,(514) 360-7179,,http://www.academie-ent.com/,IT,True,533090e1-47d1-4c9c-b7b7-2032f10fc4fc,2026-01-10T13:15:04.741894+00:00,excel_import
AÉRo Club De Longueuil Inc.,training_provider,QC,Longueuil,05FL1-1000  Boul. Marie Victorin,J4G 1A1,(514) 519-3011,admin@aeroclublongueuil.ca; info@aeroclublongueuil.ca,http://www.aeroclublongueuil.ca/,,True,e464fbf9-9f8a-45e5-b15f-6b9800550c2d,2026-01-10T13:15:04.742597+00:00,excel_import
AÉRoclub De MontrÉAl Inc. O/S Air Richelieu,training_provider,QC,Longueuil,5800  route de l'Aéroport,J3Y 8Y9,(450) 445-4444,info@airrichelieu.com,http://airrichelieu.ca/,"IT, Arts",True,e2182acd-dd9b-4afb-8dc9-95bd2c8afd44,2026-01-10T13:15:04.743310+00:00,excel_import
Cargair LtÉE,training_provider,QC,Longueuil,6100 route de l'Aéroport,J3Y 8Y9,(450) 656-4783,,http://www.cargair.com/,,True,eabdc9d8-3918-42a2-81c9-7452e6015d50,2026-01-10T13:15:04.744026+00:00,excel_import
Centre De Formation Professionnelle Charlotte-TassÉ,training_provider,QC,Longueuil,101 Boul. Roland-Therrien,J4H 4B9,(450) 550-8007,admissionfpea@cssmv.gouv.qc.ca,https://charlotte-tasse.ca/,Other,True,da6aa6f3-beda-4b87-bb20-b0971fe67491,2026-01-10T13:15:04.744780+00:00,excel_import
CollÈGe Des Professions FinanciÈRes Inc.,college,QC,Longueuil,212-110 rue de la Barre,J4K 1A3,(514) 303-7727,,https://www.collegedesprofessionsfinancieres.ca/,"Education, Healthcare, IT, Real Estate",True,bfa498f7-40b7-49fb-b0da-c0e4b76a6f0c,2026-01-10T13:15:04.745508+00:00,excel_import
ÉCole Satyam De Hatha Yoga,training_provider,QC,Longueuil,2462 rue Dollard,J4L 2P5,091 620 8359,ecolesatyam@gmail.com,http://yogasatyam.com/,,True,4f6b523d-911e-48dc-86d5-6907a9c601b8,2026-01-10T13:15:04.746242+00:00,excel_import
Wen Bo Dong O/S ÉCole Mtci,training_provider,QC,Longueuil,2447 boulevard Perron,J4L 2A5,(514) 838-6929,info@qigongfrancoisbibeau.com,http://www.qigongfrancoisbibeau.com/,,True,00f0cea5-ce7d-43b9-8b6a-ccfd1693d843,2026-01-10T13:15:04.747053+00:00,excel_import
ÉCole D'Anglais James Healy,training_provider,QC,Magog,1573 rue des Horizons,J1X 0G6,(819) 843-5240,,,,True,e4bc7abc-6f35-44f3-a314-7c2d47babcdc,2026-01-10T13:15:04.747776+00:00,excel_import
Kin Impact Inc.,training_provider,QC,Magog,150-2389 rue Principale Ouest,J1X 0J4,(819) 769-4111,info@kinimpact.com,http://www.kinimpact.com/,"Education, IT, Arts",True,636fdcad-8c49-4836-a119-3073b5c71a5c,2026-01-10T13:15:04.748633+00:00,excel_import
Studios Lyne St-Roch,training_provider,QC,Magog,201-270 rue Principale est,J1X 4X5,(819) 769-0424,info@lynestroch.com,http://www.lynestroch.com/,IT,True,385372b6-8f7a-4559-ae49-75fecc88073f,2026-01-10T13:15:04.749414+00:00,excel_import
Vega ÉCole De PolaritÉ,training_provider,QC,Magog,43 avenue des Ormes,J1X 5W3,(819) 843-4811,warren@example.com,https://www.espacebi.com/,,True,12f444fa-3ad3-4d4c-9e55-5d516f6566f9,2026-01-10T13:15:04.750154+00:00,excel_import
"H&R Block Canada Inc., MontéE Masson, Mascouche",training_provider,QC,Mascouche,166 montée Masson,J7K 3B5,(450) 474-7935,,https://www.hrblock.ca/stores/166-montee-masson/,,True,77407d12-dd60-44e7-bee8-730f87707a99,2026-01-10T13:15:04.750925+00:00,excel_import
Quebec HÉLicopteres Inc.,training_provider,QC,Mascouche,10-3320 avenue de la Gare,J7K 3C1,(450) 474-4888,,http://www.passport-helico.com/,Other,True,84aec4cc-0c54-461a-8133-963fdc9ad801,2026-01-10T13:15:04.751666+00:00,excel_import
QuÉBec HÉLicoptÈRes Inc. / Passport Helico,training_provider,QC,Mascouche,10-3320 avenue de la Gare,J7K 3C1,(450) 474-4888,,http://www.passport-helico.com/,Other,True,79673db2-9154-45f5-8a58-5d24a1a47f10,2026-01-10T13:15:04.752421+00:00,excel_import
Centre Le Reflet - Cfpra,training_provider,QC,Mascouche,2750 chemin St-Philippe,J7K 3C3,,,http://www.centrelereflet.com/,,True,c14654bd-48b8-4c6d-b5ab-9e0984481267,2026-01-10T13:15:04.753167+00:00,excel_import
Technique Mebp Inc.,training_provider,QC,Mascouche,3365 rue Vanier,J7K 1S2,(438) 503-5014,,http://mbcoaching.ca/,,True,4c93c73c-6c0e-4163-b878-daed0725242e,2026-01-10T13:15:04.753929+00:00,excel_import
Via Yoga,training_provider,QC,McMasterville,984 rue Hilaire Plante,J3G 6T8,(514) 618-1959,,http://www.yogaviriam.com/?utm_source=google&utm_medium=wix_google_business_profile&utm_campaign=10282121872217712253,,True,854a7be3-3aae-4996-a2c7-3e3e10ca0e8d,2026-01-10T13:15:04.754735+00:00,excel_import
Centre De Formation Du Transport Routier Saint-JÉRome,training_provider,QC,Mirabel,17000 Rue Aubin,J7J 1B1,(877) 435-0167,cftr@cssrdn.gouv.qc.ca,http://www.cftr.ca/,"IT, Logistics",True,1ab3005c-474d-4e22-98ad-379d41b77167,2026-01-10T13:15:04.755515+00:00,excel_import
9365-6288 QuÉBec Inc. O/S OstÉO-Solution,training_provider,QC,Mirabel,9070 rue François Xavier Desèves,J7N 0C6,(450) 436-0077,info@osteo-solution.com,http://www.osteo-solution.com/,Arts,True,c8c7a107-6b5c-4780-9bf3-b49dfde2eeae,2026-01-10T13:15:04.756280+00:00,excel_import
AcadÉMie Des Pompiers,training_provider,QC,Mirabel,9401 Côte des Saints,J7N 2X4,(450) 258-4460,,http://academiedespompiers.ca/,Arts,True,40f6b0d1-bb4c-4f14-a5b2-c573edbb16fb,2026-01-10T13:15:04.757012+00:00,excel_import
AcadÉMie ÉNergie SantÉ,training_provider,QC,Mirabel,11360 Saint-Nicolas,J7N 1S1,,mlpelletier@energiesante.ca,https://energiesante.ca/,,True,29564e70-0cbe-43ea-933f-e35a36545beb,2026-01-10T13:15:04.757782+00:00,excel_import
Bilangues Inc.,training_provider,QC,Mirabel,12950 rue Henri-Bourassa,J7J 2K5,(450) 508-7800,,,,True,4786e690-962d-4a6c-8794-8cf5343ef5f1,2026-01-10T13:15:04.758489+00:00,excel_import
Formation Nord Sud,training_provider,QC,Mirabel,12100 Rang St-Rémi,J7N 2V2,(438) 827-7050,,http://www.formationnordsud.com/,Other,True,f891eb99-f04d-418a-936e-6c8d532811c1,2026-01-10T13:15:04.759187+00:00,excel_import
Massotherapie Sportive Marie-Claude Legare,training_provider,QC,Mirabel,12824 rue Pierre Perrin,J7N 0N1,(514) 804-2914,info@massotherapiesportive.ca,http://www.massotherapiesportive.ca/,Other,True,d95626e3-5363-4a54-85f3-f8bf6cbbd784,2026-01-10T13:15:04.759900+00:00,excel_import
Centre De Formation Professionnelle Mont-Joli Mitis,training_provider,QC,Mont-Joli,1414 rue des Érables,G5H 4A8,(418) 775-7577,,https://www.jesuispro.com/,IT,True,455b6d45-3bbd-400c-8b76-77048312e6cb,2026-01-10T13:15:04.760762+00:00,excel_import
Centre De Formation Professionnelle Mont-Laurier,training_provider,QC,Mont-Laurier,850 rue Taché,J9L 2K2,(866) 314-4111,,http://www.cfpml.qc.ca/,IT,True,32bea656-72e4-48bd-9b82-8189c93bb051,2026-01-10T13:15:04.761483+00:00,excel_import
Ateliers D'Anglais Jeannie Chabot,training_provider,QC,Montmagny,1-55 avenue Valcourt,G5V 3R1,(418) 248-0181,,https://ceamontmagny-lisletnord.cscotesud.qc.ca/,,True,6f5660e2-39ed-438f-a234-d94a86e47536,2026-01-10T13:15:04.762182+00:00,excel_import
ÉCole Yoga Yuni,training_provider,QC,Montreal,155 Avenue Des Pins Est Bureau F,H2W 2N9,,yogayunimontreal@gmail.com,http://www.yogayuni.com/,,True,45725117-6a63-4d43-a4b0-c380cb492ebe,2026-01-10T13:15:04.762874+00:00,excel_import
Aisf - AcadÉMie International Du Savoir-Faire Inc.,training_provider,QC,Montreal,9403 rue de Grosbois,H1K 0E1,(514) 288-3282,,https://www.afscanada.org/,Other,True,828fe3ff-ff9c-481f-b34a-338e3a773851,2026-01-10T13:15:04.763590+00:00,excel_import
ÉGrÉGore,training_provider,QC,Montreal,1989 rue Gilford,H2H 2B5,(514) 292-0686,nancy@egregore.ca,http://www.egregore.ca/,,True,53724aea-41e8-4406-a1b8-98b3aede1872,2026-01-10T13:15:04.764290+00:00,excel_import
Rak Conseil,training_provider,QC,Montreal,320-4994 rue Beaubien est,H1T 1V4,(514) 299-6402,,,,True,b5ff3449-6df2-430d-9cba-8087be8b3ce5,2026-01-10T13:15:04.764975+00:00,excel_import
"Ordre Des Technologues En Imagerie Medicale, En Radio- Oncologie Et En Electrophysiologie Medicale",training_provider,QC,Montreal,"pièce 401, 6455  boulevard Jean-Talon Est",H1S 3E8,(514) 351-0052,,https://www.otimroepmq.ca/,,True,ee2dcc97-dea4-453b-8be2-928665af1b74,2026-01-10T13:15:04.765678+00:00,excel_import
Association De La Gestion De La Chaine D' Approvisionneurs Du QuÉBec,training_provider,QC,Montreal,bureau 403  2030 boul. Pie-IX,H1V 2C8,(514) 343-6111,,http://adasum.com/,,True,9e5ff208-8b11-435c-ace2-d2c1373320a5,2026-01-10T13:15:04.766374+00:00,excel_import
Centre De Relation D'Aide De Montreal Inc.,training_provider,QC,Montreal,bureau 205  1030 rue Cherrier Est,H2L 1H9,(514) 598-7758,,https://www.cramformation.com/,,True,8f1054d6-6846-46f3-bcf7-40e84bd40df8,2026-01-10T13:15:04.767063+00:00,excel_import
Association QuÉBÉCoise Plaidoyer-Victimes,training_provider,QC,Montreal,bureau 206  8615 boulevard Saint-Laurent,H2P 2M9,(514) 526-9037,aqpv@aqpv.ca,http://www.aqpv.ca/,,True,8e4b605b-e0f0-4c81-a337-b1ef1fa288ca,2026-01-10T13:15:04.767754+00:00,excel_import
Ordre Professionnelle Des Technologistes Medicaux Du QuÉBec,training_provider,QC,Montreal,Bureau 1400  1050 côte du Beaver Hall,H2Z 0A5,(514) 527-9811,,https://www.optmq.org/,Other,True,53c3da24-0668-435c-b88b-c527423cb6bc,2026-01-10T13:15:04.768445+00:00,excel_import
Ordre Professionnelle Des Technologistes Medicaux Du QuÉBec,training_provider,QC,Montreal,Bureau 1400  1050 côte du Beaver Hall,H2Z 0A5,(514) 527-9811,,https://www.optmq.org/,Other,True,53576710-ce1b-45e0-a3c4-a122e09097ab,2026-01-10T13:15:04.769145+00:00,excel_import
Mouvement Qubacois De La Qualita,training_provider,QC,Montreal,bureau 555  555 boulevard René-Lévesque Ouest,H2Z 1B1,(514) 874-9933,,https://www.qualite.qc.ca/,Other,True,1c754002-f19a-4548-9536-03c470a9ab24,2026-01-10T13:15:04.769852+00:00,excel_import
Cole Internationale De Langues Des Ymca Du Quebec,training_provider,QC,Montreal,5 étage  1440 rue Stanley,H3A 1P3,(514) 687-9622,,https://www.ymcalangues.com/,Other,True,886b81a4-354d-41f2-b5e1-4ef1cbd6e12c,2026-01-10T13:15:04.770723+00:00,excel_import
"H&R Block Canada Inc., Ste-Catherine W., Montreal",training_provider,QC,Montreal,Unit 1601  585 Ste-Catherine Street West,H3B 3Y5,(514) 934-0458,,https://www.hrblock.ca/stores/4086-rue-sainte-catherine-o/,,True,d9bbe209-4cc6-41d6-bab2-783b94228564,2026-01-10T13:15:04.771415+00:00,excel_import
Ordre Des Conseillers En Ressources Humaines Et En Relations Industrielles AgrÉEs Du Qc,training_provider,QC,Montreal,Suite 1400  1200 avenue McGill College,H3B 4G7,(514) 879-1636,,http://ordrecrha.org/,,True,db911ad2-fc9e-4a9f-a689-80226a7078c2,2026-01-10T13:15:04.772141+00:00,excel_import
Institut MÉDialangue International Inc.,training_provider,QC,Montreal,112-560 boul. Henri-Bourassa Ouest,H3L 1P4,(514) 334-1819,,https://www.medialangues-intl.com/,,True,8e7748d1-b012-4c5a-8527-d65b8083e47a,2026-01-10T13:15:04.772846+00:00,excel_import
La Brigade Canine Inc.,training_provider,QC,Montreal,11889 rue Notre-Dame est,H1B 2Y2,(514) 645-2020,info@ecolebrigadecanine.com,https://www.ecolebrigadecanine.com/,Other,True,81aa360b-d087-40ce-951a-ec7b5d22119f,2026-01-10T13:15:04.773535+00:00,excel_import
ÉCole De Routier Professionnel Du QuÉBec,training_provider,QC,Montreal,12305 boulevard Métropolitain Est,H1B 5R3,,,https://www.techni-data.com/,Other,True,816faef8-1035-4925-9179-62151680e312,2026-01-10T13:15:04.774243+00:00,excel_import
L'ÉCole De L'Automobile,training_provider,QC,Montreal,7555 boulevard Henri-Bourassa Est,H1E 1N9,(514) 725-6026,info@ecoleauto.com,http://www.ecoleauto.com/,Other,True,332cdfd9-1264-4449-a10f-57cd5b2f702a,2026-01-10T13:15:04.774964+00:00,excel_import
"H&R Block Canada Inc., Henri-Bourassa Blvd. E., MontréAl",training_provider,QC,Montreal,6063 Henri-Bourassa blvd. E.,H1G 2V2,(514) 328-7979,,https://www.hrblock.ca/stores/6025-boul-henri-bourassa-e/,,True,1f10a21c-40cd-423a-839b-4d01962c34cc,2026-01-10T13:15:04.775685+00:00,excel_import
CollÈGe De Medecine Vivante,college,QC,Montreal,5315 rue Amos,H1G 2X9,(514) 561-9463,,https://ccimcollege.com/,,True,7ca34742-9558-40cc-bbb2-fdb11ecc8dd8,2026-01-10T13:15:04.776515+00:00,excel_import
ÉCole D'EsthÉTique Et D'ÉLectrolyse France Laure Inc.,training_provider,QC,Montreal,11970 boul. Albert-Hudon,H1G 3K3,(514) 335-0023,info@francelaure.ca,http://www.francelaure.ca/,Other,True,cbfe90c1-7e03-45ba-a866-5db3aa9070df,2026-01-10T13:15:04.777513+00:00,excel_import
Centre De Services Scolaire De La Pointe-De-L'ÎLe O/S Centre Anjou,training_provider,QC,Montreal,5515 rue de l'Aréna,H1K 4C9,(514) 642-9520,,https://csspi.gouv.qc.ca/,,True,153c34aa-a42a-4b62-a4f9-05894a4e7e8c,2026-01-10T13:15:04.778618+00:00,excel_import
Centre Ganga Yoga Inc.,training_provider,QC,Montreal,A-8690 rue Hochelaga,H1L 2M6,(514) 333-9939,info@centregangayoga.com,https://www.centregangayoga.com/,,True,ed4da899-9d6f-472f-a013-f59148ee9370,2026-01-10T13:15:04.779719+00:00,excel_import
Ordre Professionnel De La PhysiothÉRapie Du Quebec,training_provider,QC,Montreal,700-7151 rue Jean-Talon Est,H1M 3N8,(514) 351-2770,,https://oppq.qc.ca/,,True,6837040c-aa65-4b8c-8ca7-49fd07392e84,2026-01-10T13:15:04.780637+00:00,excel_import
Solution Reva,training_provider,QC,Montreal,9455 boulevard Lacordaire,H1R 3E8,(604) 428-7548,,https://www.revasolutions.com/,,True,a94bcc2b-f3bd-4488-a5f9-e13402628844,2026-01-10T13:15:04.785785+00:00,excel_import
Centre De Ressourcement Plus,training_provider,QC,Montreal,7097 rue Valdombre,H1S 1W8,(514) 251-1411,,,,True,9ddeaf53-f142-4996-9347-b8d915ec3c7f,2026-01-10T13:15:04.787106+00:00,excel_import
Institut Linguistique Provincial Inc.,training_provider,QC,Montreal,4930 rue Hochelaga,H1V 1E7,(514) 254-6011,,https://institutlinguistique.ca/?utm_source=google&utm_medium=my-business,IT,True,61e59d81-be71-4d82-a2c7-70e9495fad7e,2026-01-10T13:15:04.788199+00:00,excel_import
Institut National Du Sport Du Quebec,training_provider,QC,Montreal,4141 avenue Pierre-De Coubertin,H1V 3N7,(514) 255-1000,info@insquebec.org,http://www.insquebec.org/,Other,True,8d128fa3-2d67-4267-bc3b-fece176f08db,2026-01-10T13:15:04.790879+00:00,excel_import
"ÉCole Des MÉTiers De L'Informatique, Du Commerce Et De L'Administration - Emica - Csm",training_provider,QC,Montreal,3955 rue de Bellechasse,H1X 1J6,(514) 596-4150,emica@cssdm.gouv.qc.ca,https://emica.cssdm.gouv.qc.ca/,Other,True,f56efef2-7a48-4a4a-8726-2d59ef7aa2f9,2026-01-10T13:15:04.791992+00:00,excel_import
Les Anges De L'Espoir Aci,training_provider,QC,Montreal,8052 Boulevard St-Michel,H1Z 3E1,(514) 727-2643,lesangesdelespoirdhceu@gmail.com,https://www.angesdelespoir-aci.com/,Other,True,7ac528d1-1bdc-4cf3-ab03-3af18e6d909f,2026-01-10T13:15:04.793085+00:00,excel_import
ÉCole Nationale De Cirque,training_provider,QC,Montreal,8181 avenue du Cirque,H1Z 4N9,(514) 982-0859,,https://ecolenationaledecirque.ca/,"IT, Arts",True,5be8872e-212b-45bd-bf89-094305aea082,2026-01-10T13:15:04.794189+00:00,excel_import
Centre OstÉOpathique Du QuÉBec (C.O.Q.),training_provider,QC,Montreal,103-2210 boul. Henri-Bourassa Est,H2B 1T3,(514) 384-1271,,http://coq.org/,,True,7619b624-0f5a-45cb-ac39-218fc1788ca1,2026-01-10T13:15:04.795289+00:00,excel_import
E.D.L. International Inc.,training_provider,QC,Montreal,10706 avenue Bruchési,H2B 2S9,(514) 895-3740,edl@bell.net,https://www.edlsolutions.com/contact,,True,9868d629-f479-40db-98b8-332484923649,2026-01-10T13:15:04.796485+00:00,excel_import
ÉCole Giovanni Pascoli,training_provider,QC,Montreal,220-1586 rue Fleury Est,H2C 1S6,(514) 940-1112,,https://www.italian-courses-montreal.com/,"Education, Healthcare, IT",True,88a07692-5e04-45cb-9dc1-8b582685a5a5,2026-01-10T13:15:04.797646+00:00,excel_import
Ecole D'Espagnol Don Quichotte,training_provider,QC,Montreal,308-2348 rue Jean Talon Est,H2E 1V9,(514) 503-3800,,http://www.coursespagnoldq.com/,,True,cc056cd2-0de9-4c81-83ce-edec86ab6c4d,2026-01-10T13:15:04.798719+00:00,excel_import
ÉCole De Massage Professionnel A Fleur De Peau Enr.,training_provider,QC,Montreal,2464 rue Jean-Talon Est,H2E 1W2,(514) 728-1583,info@ecoledemassage.ca,http://ecoledemassage.ca/,,True,e48d7188-e188-4416-8203-149c6ad6eda3,2026-01-10T13:15:04.799783+00:00,excel_import
Centre QuÉBÉCois De Programmation Neuro Linguistique Inc.,training_provider,QC,Montreal,4848 rue Papineau,H2H 1V6,(514) 281-7553,,https://centrepnl.com/,Other,True,be945ee0-e799-4e02-aab6-d74aec0dc0ac,2026-01-10T13:15:04.800866+00:00,excel_import
L'ÉCole SupÉRieure De Ballet Du QuÉBec,training_provider,QC,Montreal,4816 rue Rivard,H2J 2N6,(514) 849-4929,,https://www.esbq.ca/,IT,True,dd52e017-8c2e-484f-97e5-925e1f7c21b9,2026-01-10T13:15:04.802035+00:00,excel_import
"Videographe Inc. - MontrÉAl, Qc",training_provider,QC,Montreal,4550 rue Garnier,H2J 3S7,(514) 587-2572,create@cataroundfilms.com; Create@CatAroundFilms.com,http://www.cataroundfilms.com/,,True,dbf8d3db-ce30-4302-8498-e6e59f9d715c,2026-01-10T13:15:04.803098+00:00,excel_import
ÉCole Nationale De L'Humour,training_provider,QC,Montreal,2120 rue Sherbrooke E. 7e étage,H2K 1C3,(514) 849-7876,,https://enh.qc.ca/,"Healthcare, IT, Arts",True,c2b75f8b-cb4f-4bad-9006-817ea3c842f4,2026-01-10T13:15:04.804155+00:00,excel_import
Institut BiogÉNique C.E.N.A.B. Inc.,training_provider,QC,Montreal,841 rue Cherrier,H2L 1H6,(514) 488-3881,,http://www.biothermica.com/,,True,ba0fd6a2-a36c-41f0-bf79-91cd400c38cb,2026-01-10T13:15:04.805209+00:00,excel_import
CollÈGe April-Fortier Inc.,college,QC,Montreal,350 - 1001 rue Shrebrooke Est,H2L 1L3,(514) 878-1414,info@april-fortier.com,https://www.april-fortier.com/,,True,01385db0-9026-40ae-881f-97e07003e88e,2026-01-10T13:15:04.806254+00:00,excel_import
"Formation, ConfÉRence, Consultation Line TrÉPanier",training_provider,QC,Montreal,1204-3555 rue Berri,H2L 4G4,(514) 629-5466,,,,True,cb47539e-a87b-46d9-b518-8743bfa526d8,2026-01-10T13:15:04.807301+00:00,excel_import
CollÈGe Andre-Grasset (1973) Inc.,college,QC,Montreal,1001 boul. Crémazie Est,H2M 1M3,(514) 381-4293,,https://www.grasset.qc.ca/,IT,True,ff663447-fb03-4c09-9684-10d5181fa8d6,2026-01-10T13:15:04.808391+00:00,excel_import
Forum PhysiothÉRapie S.E.N.C.,training_provider,QC,Montreal,203-8455 St-Dominique,H2P 2L4,,,http://forumphysiotherapie.ca/,Education,True,ef1a9661-c7af-4b74-b155-64c0faf473a8,2026-01-10T13:15:04.809442+00:00,excel_import
Institut De Core Energetics De MontrÉAl Inc./Montreal Institute Of Core Energetics Inc.,training_provider,QC,Montreal,8625 rue Waverly,H2P 2R2,(514) 609-5969,,https://coreenergetics.ca/,"Education, Business, IT",True,622cdb08-7ed4-461e-ab78-aaf6116d6875,2026-01-10T13:15:04.810499+00:00,excel_import
Soham Yoga Inc.,training_provider,QC,Montreal,306 rue Villeray,H2R 1G7,(514) 678-5210,sophie@soham-yoga.com,http://www.soham-yoga.com/,,True,52ae0cca-ff03-42f2-b952-e2ef3d9a3634,2026-01-10T13:15:04.811538+00:00,excel_import
KinÉ-Concept Inc.,training_provider,QC,Montreal,760 rue St-Zotique E,H2S 1M5,(514) 274-5557,,,,True,5878ced3-c84e-4679-9de2-a5354ed8d4f5,2026-01-10T13:15:04.812594+00:00,excel_import
ÉCole De Technique Alexander De MontrÉAl,training_provider,QC,Montreal,141 avenue du Mont-Royal Est,H2T 1N9,(438) 409-3243,,https://techniquealexandermontreal.ca/,,True,3a4de0e9-faa0-4f12-ba72-321ae43c43bf,2026-01-10T13:15:04.813634+00:00,excel_import
Le Wagon MontrÉAl,training_provider,QC,Montreal,102-5333 avenue Casgrain,H2T 1X3,(438) 834-0533,,https://www.lewagon.com/montreal,"Education, Community, IT, Childcare, Arts",True,966d4d96-d037-4008-8cbf-3de47754c90c,2026-01-10T13:15:04.814684+00:00,excel_import
Centre Lotus Palm,training_provider,QC,Montreal,5244 rue St-Urbain,H2T 2W9,(514) 270-5713,info@lotuspalm.com,http://www.lotuspalm.com/,"Education, Healthcare, IT, Beauty",True,f1d6787d-f174-485a-afd4-0f9ff0cc64c7,2026-01-10T13:15:04.815756+00:00,excel_import
ÉCole De Biodanza Srt,training_provider,QC,Montreal,5359 rue Waverly,H2T 2X8,,,,,True,130c47d6-f42c-4554-9a4d-b59530431725,2026-01-10T13:15:04.816796+00:00,excel_import
Lighthouse Labs - Montreal,training_provider,QC,Montreal,710-5455 avenue de Gaspé,H2T 3B3,(888) 569-6898,UvaroLHL@glassratner.com; rwilliams@glassratner.com; eklein@glassratner.com,http://lighthouselabs.ca/montreal?utm_source=google&utm_medium=organic&utm_campaign=gmb&utm_content=montreal,Other,True,df17e968-d7ae-4be0-a79f-3d9982c95e00,2026-01-10T13:15:04.817853+00:00,excel_import
ÉCole D'Enseignement Superieur De Naturopathie Du Quebec (Eesnq),training_provider,QC,Montreal,202-3875 rue St-Urbain,H2W 1T9,(514) 270-7529,orientation@eesnq.ca; info@eesnq.ca; clinique@eesnq.ca,http://www.eesnq.com/,Other,True,1f77c805-86d9-4eb6-8a99-7e89252e6325,2026-01-10T13:15:04.818904+00:00,excel_import
Institut National De L'Image Et Du Son (I.N.I.S.),training_provider,QC,Montreal,301 boulevard de Maisonneure E,H2X 1K1,(514) 285-1840,,https://www.inis.qc.ca/,,True,d7c70cc7-7408-4668-b681-04630443b590,2026-01-10T13:15:04.819933+00:00,excel_import
Ballet Divertimento De MontrÉAl,training_provider,QC,Montreal,3505 rue Durocher,H2X 2E7,(514) 285-2157,danse@balletdivertimento.com,https://www.balletdivertimento.com/,Other,True,8c0713d4-bdae-4a82-9f1f-284d45342051,2026-01-10T13:15:04.820973+00:00,excel_import
Goethe Institute Inc.,training_provider,QC,Montreal,100-1626 St. Laurent Boulevard,H2X 2T1,(514) 499-0159,kurse-kanada@goethe.de; info-montreal@goethe.de,http://www.goethe.de/montreal,Arts,True,8f4364eb-7534-4f35-8816-28e8d114e6d3,2026-01-10T13:15:04.822163+00:00,excel_import
ÉCole De Formation Professionnelle En Hypnotisme Du Quebec Inc.,training_provider,QC,Montreal,236-410 St-Nicoles,H2Y 2P5,(514) 374-0364,,http://www.efphq.com/,Other,True,82c914cb-5bca-4026-9b58-1a7b11cb4c9e,2026-01-10T13:15:04.823272+00:00,excel_import
ÉCole Du Barreau Du QuÉBec,training_provider,QC,Montreal,215-445 boulevard Saint-Laurent,H2Y 3T8,(514) 954-3459,jstcyr@barreau.qc.ca; nparrameza@barreau.qc.ca; ecote@barreau.qc.ca; centresherbrooke@barreau.qc.ca; ecoledubarreau@barreau.qc.ca; centrequebec@barreau.qc.ca; directeur.ecole@barreau.qc.ca; centregatineau@barreau.qc.ca; services.etudiants@barreau.qc.ca; equivalence@barreau.qc.ca; ajean@barreau.qc.ca; centremontreal@barreau.qc.ca; stage.ecole@barreau.qc.ca; nlarchevequeroy@barreau.qc.ca,http://www.ecoledubarreau.qc.ca/nous-joindre/,IT,True,29fbf7de-04f3-482e-83e6-4b8e6d47dc02,2026-01-10T13:15:04.824332+00:00,excel_import
Ordre Des ÉValuateurs AgrÉÉS Du QuÉBec,training_provider,QC,Montreal,450-415 rue St-Antoine Ouest,H2Z 2B9,(514) 281-9888,oeaq@oeaq.qc.ca,http://oeaq.qc.ca/,,True,b01fe6d4-f0a1-473d-bdd7-d3955effd2d2,2026-01-10T13:15:04.825519+00:00,excel_import
"Lps Langues, Productions, Services, Ltee",training_provider,QC,Montreal,1101-505 Boul. René-Lévesque Ouest,H2Z 2Y7,(877) 526-4837,,https://ecolelps.com/nous-joindre-lps-brossard/,,True,b4fcb60a-06e7-48ab-9b93-cc075345bed1,2026-01-10T13:15:04.826632+00:00,excel_import
Ordre Des Opticiens D'Ordonnances Du QuÉBec,training_provider,QC,Montreal,601-630 rue Sherbrooke Ouest,H3A 1E4,(514) 288-7542,,http://opticien.qc.ca/,"Education, IT",True,3e55b5c5-4c43-49d7-a568-df7eabee7062,2026-01-10T13:15:04.827767+00:00,excel_import
ÉCole De Danse Contemporaine De MontrÉAl,training_provider,QC,Montreal,600-1435 rue de Bleury,H3A 2H7,(514) 866-9814,,https://www.edcm.ca/,IT,True,456d1e96-f55a-47a9-86a9-700c81d7d612,2026-01-10T13:15:04.828865+00:00,excel_import
Aym Ashtanga Yoga Montreal Inc.,training_provider,QC,Montreal,118-372 rue Sainte Catherine Ouest,H3B 1A2,(514) 875-9642,info@ashtangamontreal.com,https://www.ashtangamontreal.com/,"Education, IT",True,392f9a31-9a5d-49e0-be15-98002c60ae9c,2026-01-10T13:15:04.829924+00:00,excel_import
ÉCole De Gemmologie De MontrÉAl,training_provider,QC,Montreal,913-460 rue Sainte-Catherine Ouest,H3B 1A7,(514) 889-8589,info@igem.ca,http://igem.ca/,Other,True,8048861f-c38e-4e1b-abd6-c2eb83a5b53d,2026-01-10T13:15:04.830985+00:00,excel_import
Culture & Language Connections,training_provider,QC,Montreal,600-980 rue Sainte-Catherine Ouest,H3B 1E5,(514) 903-8897,,https://numa-inst.com/,"Education, Healthcare, IT",True,d2ae6804-4748-44f9-a909-5244147222eb,2026-01-10T13:15:04.832035+00:00,excel_import
Canada College Inc.,college,QC,Montreal,403-1118 Ste-Catherine W,H3B 1H5,(514) 868-6262,info@collegecanada.com,https://www.collegecanada.com/,"Education, Healthcare, Business, IT, Arts",True,db7cd9a1-f1cc-43e9-a315-fc23c1f749cc,2026-01-10T13:15:04.833083+00:00,excel_import
ÉCole De Radio Et D'ÉLocution PromÉDia,training_provider,QC,Montreal,700 - 1118 rue Ste-Catherine Ouest,H3B 1H5,(514) 470-0987,info@promediaplus.ca,https://www.promediaplus.ca/,IT,True,6aad09de-9214-49ea-9a2b-750e8e4108d4,2026-01-10T13:15:04.834111+00:00,excel_import
ÉCole Des MÉTiers Du Sud-Ouest De MontrÉAl,training_provider,QC,Montreal,717 rue Saint Ferdinand,H3B 3A7,(514) 596-5960,,http://ecole-metiers-sud-ouest.csdm.ca/,IT,True,4aace6cc-7e1f-4b9c-bc45-c952ea812fc5,2026-01-10T13:15:04.835119+00:00,excel_import
College Des Technologies De L'Information De MontrÉAl/Montreal College Of Information Technology,college,QC,Montreal,100&200-1255 boulevard Robert Bourassa,H3B 3A9,(514) 312-2383,,http://www.montrealcollege.ca/,"Education, Healthcare, IT, Arts",True,dc9f7e2d-0f77-4156-b272-329a5f91d13a,2026-01-10T13:15:04.835989+00:00,excel_import
ÉCole De Conduite Caa-QuÉBec - Montreal,training_provider,QC,Montreal,1313 rue Saint-Jacques,H3C 4K2,(514) 395-2973,ecoledeconduite@caaquebec.com,https://ecoledeconduite.caaquebec.com/fr/trouver-une-ecole/repertoire-ecoles-caa-quebec/fiche/ecole/montreal/,,True,0036a42c-245f-4414-8007-d6ee740178b3,2026-01-10T13:15:04.836787+00:00,excel_import
Institut International Delatte Pour La Psych-Bio- Acupressure,training_provider,QC,Montreal,700-1980 rue Sherbrooke Ouest,H3H 1E8,(418) 271-2186,gladys.leblan.physio@hotmail.com,https://www.gladysleblanphysio.com/,,True,cb4574fb-4ddb-454d-9041-495040762e26,2026-01-10T13:15:04.837553+00:00,excel_import
ÉCole Des MÉTiers De La Restauration Et Du Tourisme De MontrÉAl - Commission Scolaire De MontrÉAl,training_provider,QC,Montreal,1822 boulevard De Maisonneuve Ouest,H3H 1J8,(514) 350-8049,,https://ecole-metiers-restauration-tourisme.cssdm.gouv.qc.ca/ecole/,IT,True,a652699d-fdc7-433d-b505-9b889bd3974c,2026-01-10T13:15:04.838356+00:00,excel_import
ÉCole De MassothÉRapie Serica,training_provider,QC,Montreal,2320 rue Guy,H3H 2M2,(514) 507-7399,info@ikramassage.com,http://www.ikramassage.com/,"Healthcare, IT",True,6b8c3329-462e-4ab1-b339-f3d2fff55e2b,2026-01-10T13:15:04.839157+00:00,excel_import
CollÈGe Inter-Dec,college,QC,Montreal,8000-2000 rue Ste-Catherine O,H3H 2T2,(514) 939-4444,,https://www.lcieducation.com/fr/a-propos/au-fil-du-temps/college-inter-dec,Other,True,f09bce68-9f66-4969-a240-f696160b6e2f,2026-01-10T13:15:04.839930+00:00,excel_import
Distribution France LÉCuyer Inc.,training_provider,QC,Montreal,100-280 rue Sauvé Ouest,H3L 1Z4,(514) 272-0222,,http://francelecuyer.com/,,True,90554a96-0901-4b09-9f36-1b36fe7a087e,2026-01-10T13:15:04.840673+00:00,excel_import
Institut Tai-E De La MÉDecine Chinoise Traditionnelle - MontrÉAl,training_provider,QC,Montreal,3293 Place de Chazel,H3M 1E1,(514) 488-2095,yinyang2000@hotmail.com,https://www.webtcm.com/,,True,2455a40f-d8d9-44af-b91a-5ae5b225f6a2,2026-01-10T13:15:04.841424+00:00,excel_import
CollÈGe D'Enseignement En Immobilier Inc.,college,QC,Montreal,104-405 avenue Ogilvy,H3N 1M3,(514) 905-1551,,https://www.college-cei.com/,"IT, Legal",True,ee428473-53d2-49b1-9ba8-45f1779a6776,2026-01-10T13:15:04.842422+00:00,excel_import
Canada Coaching Inc.,training_provider,QC,Montreal,105A-7000 avenue du Parc,H3N 1X1,(514) 625-4863,,http://canadacoaching.ca/,Other,True,83973885-6b4b-4d48-9230-df64437e31b8,2026-01-10T13:15:04.843527+00:00,excel_import
Institut Psychanalytique De MontrÉAl,training_provider,QC,Montreal,7000 chemin de la Côte-des-Neiges,H3S 2C1,(514) 342-5208,spsymtl@videotron.ca,http://www.psychanalysemontreal.org/,,True,6af4c4f8-ea26-4a82-94bf-69a6fe282f1f,2026-01-10T13:15:04.844809+00:00,excel_import
CollÈGe Jean-De-BrÉBeuf,college,QC,Montreal,3200 chemin Côte Sainte-Catherine,H3T 1C1,(514) 342-9342,,https://www.brebeuf.qc.ca/,IT,True,d4e844e7-0a78-4dc0-8ddb-7709017b304e,2026-01-10T13:15:04.845896+00:00,excel_import
Centre De Lecture Rapide Clr Inc.,training_provider,QC,Montreal,5211 avenue Clanranald,H3X 2S5,(514) 484-9962,,http://www.clrdirect.com/,IT,True,cde4fddf-cf73-468d-a0bc-be8159c6143f,2026-01-10T13:15:04.846955+00:00,excel_import
Institut Yoga Essentiel,training_provider,QC,Montreal,2215 avenue Beaconfield Unit 105,H4A 2G9,(514) 862-5674,info@yogaessentiel.com,https://www.yogaessentiel.com/,"Education, Healthcare, Business, IT",True,fd4fde74-6481-4429-a3c2-5b0ba7a0a5ca,2026-01-10T13:15:04.848138+00:00,excel_import
Consultation ParamÉDicale En SantÉ Oculaire Inc.,training_provider,QC,Montreal,4389 avenue Harvard,H4A 2W9,(514) 346-2022,claireouellette@cpso-qc.com,http://cpso-qc.com/,IT,True,16febc04-26e0-4442-85c8-9e386da5aa91,2026-01-10T13:15:04.849212+00:00,excel_import
Group Ikra Inc.,training_provider,QC,Montreal,1-5101 rue Wellington,H4G 1Y2,(514) 507-7399,info@ikramassage.com,http://www.ikramassage.com/,"Healthcare, IT",True,98a4a8b1-ef51-4ea7-971b-459f6fe367b2,2026-01-10T13:15:04.850244+00:00,excel_import
Centre Martine Veilleux,training_provider,QC,Montreal,407-665 rue Galt,H4G 2P6,,,,,True,8a35be2a-f7c2-4070-9a23-01bbc4181367,2026-01-10T13:15:04.851257+00:00,excel_import
Centre De Formation Professionnele De Verdun - ÉDifice GaÉTan-Laberge,training_provider,QC,Montreal,3010 boulevard Gaétan-Laberge,H4G 3C1,(514) 765-7683,,https://verdun.centrecsmb.com/,IT,True,7c437b04-7c4a-4ecf-95bb-aa5a2c2306d7,2026-01-10T13:15:04.852296+00:00,excel_import
Cfp Verdun - ÉDifice Galt,training_provider,QC,Montreal,3010 boulevard Gaétan-Laberge,H4G 3C1,(514) 765-7683,,http://www.cfpverdun.ca/,IT,True,88451a10-f7a9-46db-8e87-476ba690dac7,2026-01-10T13:15:04.853329+00:00,excel_import
Centre De Formation Professionnelle Des Carrefours,training_provider,QC,Montreal,1240 rue Moffat,H4H 1Y9,(514) 761-8022 ext. 1403,info.cfpdc@csmb.qc.ca,http://www.cfpdc.ca/,IT,True,b53ec1cd-d4a8-486e-93b2-0055ba40766b,2026-01-10T13:15:04.854360+00:00,excel_import
Vibrations Om Inc.,training_provider,QC,Montreal,2075 rue de l'Église,H4M 1G3,(514) 505-1888,academie@vibrationsom.com; info@vibrationsom.com,http://www.vibrationsom.com/,"Education, Healthcare, IT, Beauty, Arts",True,f6afd94c-5be0-4fac-858c-986e9051a3ae,2026-01-10T13:15:04.855400+00:00,excel_import
ÉCole De Danse Arthur Murray,training_provider,QC,Montreal,4847 Jean Talon Street West 2nd Floor,H4P 1W7,(514) 733-3040,,http://www.arthurmurraymontreal.com/,,True,5ae35361-f0be-4f43-bcae-9b1c50907f8b,2026-01-10T13:15:04.856418+00:00,excel_import
Centre De Formation Professionnelle LÉOnard-De Vinci - ÉDifice CÃ£Â”Te-Vertu,training_provider,QC,Montreal,3200 boulevard de la Côte-Vertu,H4R 1P8,(514) 855-2273,,http://www.cfpdevinci.ca/,IT,True,26b4d59d-7c02-4377-8f70-7872292d8839,2026-01-10T13:15:04.857470+00:00,excel_import
Centre De Formation Professionnelle LÉOnard-De Vinci - ÉDifice Thimens,training_provider,QC,Montreal,405-2405 boulevard Thimens,H4R 1T4,(514) 332-7934,,http://www.cfpdevinci.ca/,IT,True,e3cb99ec-8ad6-4aa2-9584-660f65093899,2026-01-10T13:15:04.858513+00:00,excel_import
Centre De Formation Dogue Shop,training_provider,QC,Montreal,5055 avenue Bessborough,H4V 2S2,(514) 814-4094,,http://www.dogueshop.com/,"Education, Healthcare, IT",True,0a9e9cbc-b222-41b7-adc2-cb9d7d4e4895,2026-01-10T13:15:04.859549+00:00,excel_import
"Centre IntÉGrÉ De MÉCanique, De MÉTallurgie Et D'ÉLectricitÉ (Cimme)",training_provider,QC,Montreal,1100 rue Ducas,H8N 3E6,(514) 364-5300,,http://www.cimme.ca/,IT,True,73dcc1f7-25a4-49a5-a739-ad33af3baf59,2026-01-10T13:15:04.860597+00:00,excel_import
Le Groupe Formacro Inc. O/S Solutions & Co. Enr.,training_provider,QC,Montreal,631 39e avenue,H8P 2Y3,(514) 500-8409,info@fiscocpa.com,http://fiscocpa.com/,,True,16ed2c4a-aea8-46cb-9570-d79681142d9e,2026-01-10T13:15:04.861627+00:00,excel_import
CollÉGial International Sainte-Anne,training_provider,QC,Montreal,1300 boulevard Saint-Joseph,H8S 2M8,(514) 637-5000,,https://collegial.sainteanne.ca/,IT,True,2791ef54-684d-43c1-8d1c-da07027c8242,2026-01-10T13:15:04.862676+00:00,excel_import
Lester B. Pearson School Board - Sources Adult & Career Centre,training_provider,QC,Montreal,5080 boulevard des Sources,H8Y 3E4,(514) 422-3000 ext. 31522,infocds@lbpsb.qc.ca,http://careerds.ca/,"Education, Healthcare, Business, IT",True,23e38e84-dd5e-419a-b018-ded55bd89e7b,2026-01-10T13:15:04.863747+00:00,excel_import
2964-1370 QuÉBec Inc. A/S ÉCole De Langues Grandmaison,training_provider,QC,Montreal,407 rue McGill bureau 700,H2Y 2G3,(514) 985-2414,info@ecoledelanguesgrandmaison.com,https://ecoledelanguesgrandmaison.com/,IT,True,2a6af259-718f-4689-b76c-a4b42cc777ec,2026-01-10T13:15:04.864788+00:00,excel_import
9419-9338 QuÉBec Inc.,training_provider,QC,Montreal,A 208-1001  rue Lenoir,H4C 2Z6,,,,,True,89eb12cb-8018-4cab-aa6f-55fdb66d1f50,2026-01-10T13:15:04.865943+00:00,excel_import
9461-9558 QuÉBec Inc- Mondel L'Atelier Du CinÉMa,training_provider,QC,Montreal,4545  avenue Pierre-de-Coubertin,H1V 0B2,(514) 876-7775,,https://mondel.ca/en/contact-us/,Education,True,6b5db382-0d18-47ab-8154-c3f8a9099833,2026-01-10T13:15:04.866973+00:00,excel_import
AcadÉMie AÉRonautique Inc.,training_provider,QC,Montreal,200-300 Boulevard Marcel-Laurin,H4M 2L4,(514) 315-8762,info@academyofaeronautics.com,https://www.academyofaeronautics.com/,"Education, IT",True,f6e517b6-4005-43fe-91bf-3a7a71b3a068,2026-01-10T13:15:04.868012+00:00,excel_import
AcadÉMie Canadienne De Cao Inc.,training_provider,QC,Montreal,7-3145  avenue Linton,H3S 1S5,(514) 290-7711,info@academiequebec.com,http://academiequebec.com/,Other,True,54c349fc-0f4f-4910-9536-760668a5f0f1,2026-01-10T13:15:04.869046+00:00,excel_import
AcadÉMie De StÉNographie Officielle Du QuÉBec,training_provider,QC,Montreal,11-38  Place du Commerce  Bureau 614,H3E 1T8,(514) 277-6053,,,,True,aa2ba55e-f0f9-46d5-a661-02f073647808,2026-01-10T13:15:04.870061+00:00,excel_import
AcadÉMie D'OstÉOpathie De MontrÉAl,training_provider,QC,Montreal,207-910  rue Bélanger Est,H2S 3P4,(514) 272-2323,info@cliniqueosteopathielaval.ca,http://www.aomtl.ca/,,True,f5c8bdf4-f211-4f1d-b4b6-0d87d1bd616c,2026-01-10T13:15:04.871069+00:00,excel_import
AcadÉMie Doyle Inc.,training_provider,QC,Montreal,759 rue du Square-Victoria bureau 303,H2Y 2J7,(514) 912-8765,info@academiedoyle.com,https://academiedoyle.com/,Other,True,c8156dbe-53bd-4d6c-9200-da67d433df73,2026-01-10T13:15:04.872091+00:00,excel_import
AcadÉMie Dr. Serrar Inc.,training_provider,QC,Montreal,1955 chemin Côte de Liesse #100,H4N 3A8,(514) 290-7711,info@academiequebec.com,http://academiequebec.com/,Other,True,bf23071c-a57c-4ac1-8110-60e37f6ccc12,2026-01-10T13:15:04.873113+00:00,excel_import
AcadÉMie Edith Serei,training_provider,QC,Montreal,6530  rue Papineau,H2G 2X2,(450) 937-1774,info@edithserei.com,http://edithserei.com/,,True,004a2875-a822-4fbf-921a-aa86a8b87fac,2026-01-10T13:15:04.874122+00:00,excel_import
Academie FranÃ£Â‡Aise A+,training_provider,QC,Montreal,218A-6700 chemin de la Côte-des-Neiges,H3S 2B2,(514) 700-6700,,,,True,c62dc237-d1d4-4de1-a39d-7066237189f5,2026-01-10T13:15:04.875126+00:00,excel_import
AcadÉMie Herboliste Inc.,training_provider,QC,Montreal,6657  rue St-Hubert,H2S 2M5,(514) 274-4240,info@academieherbholiste.com,https://www.academieherbholiste.com/,Other,True,eb77f3da-c77c-4f7e-9c72-c70f36d0624d,2026-01-10T13:15:04.876153+00:00,excel_import
AcadÉMie Internationale CompÉTence BeautÉ Plateau Mont- Royal Inc.,training_provider,QC,Montreal,115  rue Prince-Arthur E,H2X 1B6,(450) 679-1110,info@competencebeaute.com,https://competencebeaute.com/,IT,True,1d0ba92a-35ba-4b68-a7ff-0163ccdc34ac,2026-01-10T13:15:04.877193+00:00,excel_import
AcadÉMie Mystro De RÉFlexologie E MassothÉRapie,training_provider,QC,Montreal,211-1-1805 rue Sauvé O,H4N 3B8,(514) 773-4777,info@mystro.academy,http://www.mystro.academy/,"Education, Healthcare, Business, IT, Beauty, Arts",True,52dd7ca0-e974-41ab-94d1-502ab5660508,2026-01-10T13:15:04.878240+00:00,excel_import
Aloha Yoga,training_provider,QC,Montreal,1585 Fleury Est,H2C 1S7,(514) 962-5642,,https://www.alohayoga.ca/?utm_source=google&utm_medium=gmb&utm_campaign=gmb,IT,True,b0110920-6a04-47c4-b666-e996bda47d63,2026-01-10T13:15:04.879266+00:00,excel_import
Alternative Naissance,training_provider,QC,Montreal,6006  avenue de Bordeaux,H2G 2R7,(514) 274-1727,,http://www.alternative-naissance.ca/,,True,d1d89a7c-f597-488a-a2ef-37285280c864,2026-01-10T13:15:04.880277+00:00,excel_import
Association De La Construction Du QuÉBec - MÉTropolitaine,training_provider,QC,Montreal,8245  rue du Golf,H1J 0B2,(514) 354-0609,info@acq.org,https://www.acq.org/,Security,True,3e564f23-dd6b-434a-b0d7-7a274f86cbcb,2026-01-10T13:15:04.881308+00:00,excel_import
Association De La Construction Du QuÉBec - MontrÉAl (Ho),training_provider,QC,Montreal,9200 boulevard Métropolitain Est,H1K 4L2,(514) 354-0609,info@acq.org,https://www.acq.org/,Security,True,e200f272-5f5d-4748-8850-b2ad836daac4,2026-01-10T13:15:04.882362+00:00,excel_import
Attitude HÉLicoptÈRe Inc.,training_provider,QC,Montreal,6282 rue de la Roche,H2S 2E1,(418) 476-4354,info@attitudehelicoptere.ca,https://attitudehelicoptere.ca/,Other,True,32af0611-decd-421a-9a52-574d5959bd07,2026-01-10T13:15:04.883412+00:00,excel_import
Avalon Massage Academy Inc.,training_provider,QC,Montreal,A-2452 Lapierre St.,H8N 1C1,,,,,True,929a68af-5959-4ea8-bcdd-e5494897a863,2026-01-10T13:15:04.884426+00:00,excel_import
BeautÉ Luxe - Montreal / Lux Beauty Montreal,training_provider,QC,Montreal,3990 rue Jarry Est Suite C,H1Z 0A5,(514) 245-6014,,http://www.luxbeautymontreal.com/,,True,b6b3e2ad-f740-400a-a852-44218df18938,2026-01-10T13:15:04.885447+00:00,excel_import
Camion ÉCole Du QuÉBec,training_provider,QC,Montreal,12310 Rue April,H1B 5N5,(514) 640-4888,,http://www.camionecoleduquebec.com/,,True,69de4703-6280-40fa-96dd-3bcce69a17b5,2026-01-10T13:15:04.886468+00:00,excel_import
Canadian Ski Instructors' Alliance,training_provider,QC,Montreal,401-8615 Boulevard Saint-Laurent,H4P 1W9,(514) 748-2648,national@snowpro.com,http://www.snowpro.com/,Education,True,f6d62261-5926-426e-af98-3f4977cc5dba,2026-01-10T13:15:04.887504+00:00,excel_import
Centre De CrÉAtion ScÉNique,training_provider,QC,Montreal,2-319 boul. St-Joseph Est,H2T 1J3,(514) 521-4493,,http://usine-c.com/,IT,True,025db410-f019-4ca2-892a-23982b42d63b,2026-01-10T13:15:04.888536+00:00,excel_import
Centre De Formation Professionnelle De Lachine - ÉDifice DalbÉ-Viau,training_provider,QC,Montreal,750 Rue Esther-Blondin,H8S 4C4,(514) 855-4185,,http://www.cfplachine.ca/,Healthcare,True,65b5ae60-cf5a-4d12-bd50-58e02cf632ad,2026-01-10T13:15:04.889576+00:00,excel_import
Centre De Formation Professionnelle De Lachine - ÉDifice De La Rive,training_provider,QC,Montreal,750 Rue Esther-Blondin,H8S 4C4,(514) 855-4189,,http://www.cfplachine.ca/,Healthcare,True,1c7ca1e4-2764-467c-940a-5c35abe6815d,2026-01-10T13:15:04.890616+00:00,excel_import
Centre D'Intervention Gestaltiste Le Reflet Inc.,training_provider,QC,Montreal,300-5890 avenue de Monkland,H4A 1G2,(514) 481-4134,administration@cigestalt.com,https://www.cigestalt.com/,Other,True,35f2a0ba-8fe6-4699-88d4-0f9cf2be54ba,2026-01-10T13:15:04.891657+00:00,excel_import
Centre Luna Yoga,training_provider,QC,Montreal,231 St-Paul W #200,H2Y 2A2,(514) 845-1881,luna@lunayoga.ca,http://www.lunayoga.ca/,"Education, IT",True,5c8134c5-f776-4096-b361-953c6af691e9,2026-01-10T13:15:04.892712+00:00,excel_import
CollÈGe Avalon,college,QC,Montreal,5101 rue Buchan Bureau 101,H4P 1S4,(438) 444-1050,info@collegeavalon.com; services@collegeavalon.com; contact@collegeavalon.com,https://collegeavalon.com/,Other,True,4abcccd9-101a-48c4-9b19-e9921d996fc9,2026-01-10T13:15:04.893743+00:00,excel_import
CollÈGe De Photographie Marsan Inc.,college,QC,Montreal,3536 boul. St-Laurent,H2X 2V1,(514) 525-3030,,https://collegemarsan.qc.ca/fr/?utm_source=google&utm_medium=local&utm_campaign=GMB&utm_content=Montreal-Marsan,"IT, Beauty",True,abb55c49-e30a-4d63-b7c5-9870a15cf7ac,2026-01-10T13:15:04.896311+00:00,excel_import
Convivium Inc.,training_provider,QC,Montreal,6282 rue de la Roche,H2S 2E1,,,,,True,26295193-304d-4003-bf35-a8f49babf1ec,2026-01-10T13:15:04.897422+00:00,excel_import
Decodemtl,training_provider,QC,Montreal,4-3 Place Ville Marie,H3B 2E3,,,https://www.concordiabootcamps.ca/,"Education, Healthcare, IT, Childcare, Arts",True,40b9535e-d30c-4b68-bdca-c3e7be3bf388,2026-01-10T13:15:04.898517+00:00,excel_import
Divalook Academy,training_provider,QC,Montreal,230-4260 Girouard Street,H4A 3C9,(514) 462-4839,,https://divalookacademy.com/,,True,5d5f1188-2cde-4291-b82b-6d51aebfd12d,2026-01-10T13:15:04.899582+00:00,excel_import
ÉCole Des MÉTiers De L'AÉRospatiale De MontrÉAl - Csm,training_provider,QC,Montreal,5300 rue Chauveau,H1N 3V7,(514) 596-2376,emam@cssdm.gouv.qc.ca,https://ecole-metiers-aerospatiale.cssdm.gouv.qc.ca/,Other,True,91546f69-2c80-4c7f-8a77-00dcbf036bf8,2026-01-10T13:15:04.900671+00:00,excel_import
ÉCole Internationale D'Accompagnement CybÈLe,training_provider,QC,Montreal,13 000 rue Sherbrooke Est Suite 304,H1A 3W2,,,,,True,e1c5108c-8526-472f-a2d7-17ed5f24e78a,2026-01-10T13:15:04.901768+00:00,excel_import
"ÉDucation Pour Les Leaders En IngÉNierie, Technologie Et Environment (E.L.I.T.E)",training_provider,QC,Montreal,1561 - 507 Place d'Armes,H2Y 2W8,(888) 907-3643,,,,True,be39cd3b-1dd1-4a68-922e-e041d9fc233f,2026-01-10T13:15:04.902872+00:00,excel_import
ÉMeraude Collectif,training_provider,QC,Montreal,1135 boulevard Saint-Joseph Est,H2J 1L3,(833) 633-8423,Suki@medvibe.ca,http://medvibe.ca/,,True,e3ca224c-042b-4599-874a-8d812e6ad363,2026-01-10T13:15:04.903945+00:00,excel_import
Enosi Plateforme D'Apprentissage,training_provider,QC,Montreal,403-6830 avenue du Parc,H3N 1W7,(514) 495-7792,,http://www.enosi.ca/,Other,True,27d29998-5508-4d23-bfae-6f8075c534e1,2026-01-10T13:15:04.905019+00:00,excel_import
Espace Humanitum,training_provider,QC,Montreal,1658 rue Saint-André,H2L 3T6,(514) 507-1707,info@humanitum.ca,https://humanitum.ca/,IT,True,9a7409d3-b501-4195-b9b0-266a41224547,2026-01-10T13:15:04.906111+00:00,excel_import
Espagnol Sans Limites,training_provider,QC,Montreal,6692 avenue Papineau,H2G 2X2,(514) 564-7272,contact@espagnolsanslimites.com,http://www.espagnolsanslimites.com/,,True,21c390ea-66ad-4a3a-8e41-e2da8d87203b,2026-01-10T13:15:04.907196+00:00,excel_import
Evolum Formations,training_provider,QC,Montreal,88 68e Avenue,H8P 3G7,(514) 944-9483,,https://www.arianelaberge.com/,Other,True,8e13539a-3de5-407b-89ab-ce476284dd64,2026-01-10T13:15:04.908285+00:00,excel_import
Formation Cad Inc.,training_provider,QC,Montreal,1372 rue Victor Hugo,H3C 5X4,(450) 961-3266,info@formacad.ca; INFO@FORMACAD.CA,http://www.formacad.ca/,Other,True,07814b7e-bfe1-499f-8ff2-a943bfde5e01,2026-01-10T13:15:04.909373+00:00,excel_import
Syn Studio,training_provider,QC,Montreal,508-460 rue Ste Catherine Ouest,H3B 1A7,(514) 998-7625,,https://synstudio.ca/,"Education, Healthcare, Arts",True,e062d1e6-78ef-4e24-ace3-79c2721099c1,2026-01-10T13:15:04.910465+00:00,excel_import
Global 21,training_provider,QC,Montreal,445 Boulevard Saint-Joseph Ouest # 17,H2V 2P8,,,,,True,e525145a-53c6-49ee-99cd-3846627d409b,2026-01-10T13:15:04.911520+00:00,excel_import
Grand SÉMinaire De L'ArchidiocÈSe De MontrÉAl,training_provider,QC,Montreal,6895 rue Boyer,H2S 2J6,(514) 474-4726,webmestre@gsam-montreal.org; info@gsam-montreal.org,https://gsam-montreal.org/,"Education, IT",True,a45afa7b-bac1-4312-b3e4-17d052ef81f1,2026-01-10T13:15:04.912598+00:00,excel_import
Groupe De SecuritÉ Garda Senc,training_provider,QC,Montreal,1390 rue Barré,H3C 1N4,(514) 281-2811,,https://www.garda.com/fr/nos-bureaux/canada/quebec/montreal-siege-social-mondial-de-gardaworld-et-services-de-securite-au-canada,,True,0123e921-7586-42b3-909e-a921431a2453,2026-01-10T13:15:04.913654+00:00,excel_import
Ifacef (Inst De Formation D'Aide Communautaire À L'Enfant Et À La Famille),training_provider,QC,Montreal,4694 boul Gouin Est,H1H 1E7,(514) 388-7216,ifacef@ifacef.com,https://ifacef.com/formulaire-prise-de-rendez-vous/,,True,b5487521-20fa-4cde-a4c4-b303e1aa7053,2026-01-10T13:15:04.914740+00:00,excel_import
Institut De Formation En Massotherapie Du QuÉBec,training_provider,QC,Montreal,110 Boulevard Crémazie Ouest #201,H2P 1B9,(514) 728-1583,info@ecoledemassage.ca,http://ecoledemassage.ca/,,True,f4c9a9fc-f3d1-42ed-b56d-daa5d13fa4f3,2026-01-10T13:15:04.915780+00:00,excel_import
Institut Numa / Numa Institute,training_provider,QC,Montreal,1439 rue Sainte-Catherine Ouest,H3G 1S6,(514) 903-8897,,https://numa-inst.com/,"Education, Healthcare, IT",True,44af9059-e56e-4e88-b25b-e8fedbb20610,2026-01-10T13:15:04.916674+00:00,excel_import
Institut Patricia Pattyn Ipp,training_provider,QC,Montreal,4282 avenue Laval,H2W 2J5,(604) 300-3237,,http://www.patriciadiasbeaute.com/,,True,b01f7547-febf-4c8e-ba90-7d9ffb7bb8ed,2026-01-10T13:15:04.917520+00:00,excel_import
Institut Quebecois De Planification Financiere,training_provider,QC,Montreal,3 Place du Commerce #501,H3E 1H7,(514) 767-4040,,https://institutpf.org/,Other,True,258d74c4-5156-42ca-b658-7ff21f75329c,2026-01-10T13:15:04.918371+00:00,excel_import
Institut SupÉRieur D'Informatique Isi,training_provider,QC,Montreal,2100 boulevard de Maisonneuve Est,H2K 4S1,(514) 842-2426,,,,True,d22c9e30-f37c-4020-9e5b-9422e5dc93c6,2026-01-10T13:15:04.919206+00:00,excel_import
International Hair School Inc.,training_provider,QC,Montreal,107-4755 Ave Van Horne,H3W 1H8,(514) 737-5200,info@ecoledecoiffure.ca,https://www.ecoledecoiffure.ca/,"Education, Healthcare, IT, Beauty",True,9721a79b-e050-4bd7-b110-3410354fd307,2026-01-10T13:15:04.920042+00:00,excel_import
Ipec International,training_provider,QC,Montreal,4885 Prince of Wales Avenue,H4V 2M8,(514) 337-2624,corporate@ipexna.com,http://www.ipexna.com/fr?switch=1,,True,ad87cc94-c958-4c6e-bcbd-faf844d99349,2026-01-10T13:15:04.920862+00:00,excel_import
Kolel Of Congregation Chaside Belz Umachzike Hadasz,training_provider,QC,Montreal,5340 Jeanne Mance Street,H2V 4K4,(438) 383-2737,,,,True,f70d36da-6b8b-4e30-bf40-85ed89038210,2026-01-10T13:15:04.921727+00:00,excel_import
Laurier Macdonald Vocational Centre,training_provider,QC,Montreal,5025 Jean-Talon Street East,H1S 3G6,(514) 327-8787,lmacadult@emsb.qc.ca,http://lmaccareercentre.com/,"IT, Beauty",True,6aa986be-f142-43ea-94cc-7d23f3c038e3,2026-01-10T13:15:04.922574+00:00,excel_import
Les EffrontÉS Inc.,training_provider,QC,Montreal,2303 Regent,H4A 2R2,(514) 521-4734,,https://leseffrontes.com/,IT,True,fb994293-8208-40eb-a78a-68dc8b39d297,2026-01-10T13:15:04.923415+00:00,excel_import
"Pearson Adult & Career Centre-Vocational Training - Lasalle, Qc",training_provider,QC,Montreal,8310 George Street,H8P 1E5,(514) 422-3000 ext. 31522,infocds@lbpsb.qc.ca,http://careerds.ca/,"Education, Healthcare, Business, IT",True,7f10e8bf-93c2-4741-a809-20ce151cc484,2026-01-10T13:15:04.924287+00:00,excel_import
"Pearson Electrotechnology Centre - Lachine, Qc",training_provider,QC,Montreal,5000 René-Huguet Street,H8T 1M7,(514) 422-3000,swaldrich@lbpsb.qc.ca; pec@lbpearson.ca,http://www.lbpce.ca/pec,"Education, Healthcare, IT, Security",True,d6c86ffb-0582-44a0-8395-a2f37ab16970,2026-01-10T13:15:04.925203+00:00,excel_import
Verdun Career Centre,training_provider,QC,Montreal,6050 boulevard Champlain,H4H 1A5,(514) 422-3000 ext. 31522,infocds@lbpsb.qc.ca,http://careerds.ca/,"Education, Healthcare, Business, IT",True,d2a2f1e7-4dfb-45cc-8da9-72e632f25e38,2026-01-10T13:15:04.926053+00:00,excel_import
"West Island Career Centre - Pierrefonds, Qc",training_provider,QC,Montreal,13700 boulevard Pierrefonds,H9A 1A7,(514) 620-0707,wicc@lbpearson.ca,https://www.lbpce.ca/wicc,"Education, Healthcare, IT, Security",True,f0a79b37-565d-4b71-9705-3671de4c3599,2026-01-10T13:15:04.926891+00:00,excel_import
M.I.C.H. Inc.,training_provider,QC,Montreal,2356 Regent Avenue,H4A 2R1,(514) 486-2716,,https://www.michmontreal.com/contact/,,True,ae0df41b-d658-4041-9a4e-38f1a44644a1,2026-01-10T13:15:04.927699+00:00,excel_import
MinÉVia Spa Inc.,training_provider,QC,Montreal,16398 boulevard Gouin Ouest,H9H 1E1,(514) 675-1919,info@mineviaspa.ca,http://mineviaspa.ca/,"Education, Healthcare, IT, Beauty",True,3822ede6-769d-4c83-9ec1-24e59e3f0091,2026-01-10T13:15:04.928521+00:00,excel_import
Montreal College Of Information Technology,college,QC,Montreal,501-1255 Robert-Bourassa blvd.,H3B 3V8,(514) 312-2383,,http://www.montrealcollege.ca/,"Education, Healthcare, IT, Arts",True,150ac5b4-a39d-4d99-a31a-94c87463bdca,2026-01-10T13:15:04.929532+00:00,excel_import
Morgan International Canada Inc.,training_provider,QC,Montreal,1804-2125 St-Marc,H3H 2P1,(855) 657-4403,infocanada@morganintl.com,https://www.morganintl.com/,"Education, Healthcare, Business, IT, Arts, Environment",True,6706d97a-853d-4ada-9fef-fb87459741bd,2026-01-10T13:15:04.930657+00:00,excel_import
Ordre Des Comptables Professionnels AgrÉEs Du QuÉBec,training_provider,QC,Montreal,800-5 Place Ville-Marie,H3B 2G2,(514) 288-3256,,http://cpaquebec.ca/,IT,True,db4fdd99-640a-4844-879a-1a33ca452a6f,2026-01-10T13:15:04.931757+00:00,excel_import
Productions Marie Lise LabontÉ,training_provider,QC,Montreal,805-1100 boul. Crémazie Est,H2P 2X2,(514) 529-5717,,http://mariejoseelordsoprano.com/,,True,7be5169d-5546-4afb-b41d-b91f2b0b9bf2,2026-01-10T13:15:04.932729+00:00,excel_import
Rosemount Technology Centre,training_provider,QC,Montreal,3737 Beaubien Street East,H1X 1H2,(514) 376-4725,,http://rosemount-technology.qc.ca/,,True,3eab724e-b716-4949-b945-b69afade1643,2026-01-10T13:15:04.933571+00:00,excel_import
Shadd Health & Business Centre,training_provider,QC,Montreal,1000 Old Orchard Avenue,H4A 3A4,(514) 484-0485,shadd@emsb.qc.ca,https://shadd.com/,"Healthcare, Community, IT",True,5294614b-6f13-45ae-a7d3-a3f54ef4849e,2026-01-10T13:15:04.934410+00:00,excel_import
St-Pius X Career Centre,training_provider,QC,Montreal,9955 Papineau Avenue,H2B 1Z9,(514) 381-5440,,https://www.pius-centre.com/,,True,020d643b-4fc0-4a6b-8e4c-2ee19604d514,2026-01-10T13:15:04.935241+00:00,excel_import
Synerpro Inc. O/S AcadÉMie Des Quantapraticiens Internationale,training_provider,QC,Montreal,7379 Avenue Casgrain,H2R 1Y4,(514) 357-2323,,https://quantapraticiens.com/,,True,11b4dcb9-4b54-4bbc-8bd3-dae48460e592,2026-01-10T13:15:04.936061+00:00,excel_import
United Yoga Montreal,training_provider,QC,Montreal,208-460 Sainte Catherine Street West,H3B 1A7,,,,,True,7bc6ad9e-1eb5-49cb-90b6-af653fc6d879,2026-01-10T13:15:04.936856+00:00,excel_import
Wanted Yesterday Inc.,training_provider,QC,Montreal,5838 rue Angers,H4E4A6,(514) 285-1257,,https://www.warhammer.com/?utm_source=Google&utm_medium=Yext,,True,5c5ecafe-7334-4aff-a148-9f9a1120cba0,2026-01-10T13:15:04.937640+00:00,excel_import
Yoga Sangha Inc.,training_provider,QC,Montreal,4412 Boulevard Saint-Laurent,H2W 1Z5,(514) 499-1726,info@yoga-sangha.com,http://www.yoga-sangha.com/,"IT, Arts",True,566445a3-79fe-4226-8036-13254268f8c2,2026-01-10T13:15:04.938447+00:00,excel_import
"ZÉRo GravitÉ, Escalade Et Yoga",training_provider,QC,Montreal,4519 avenue Papineau,H2H 1V6,(514) 563-2502,,http://www.zero-gravite.ca/,,True,d6d1aead-624f-48bd-8ff6-26cc3a7333cf,2026-01-10T13:15:04.939245+00:00,excel_import
Hilpex Solutions Inc.,training_provider,QC,Montreal West,B-158 Westminster Avenue,H4X 1Z4,(450) 889-7923,,http://solutions-pex.com/,,True,548fad6e-867b-4a29-bc58-31a8febcf2e0,2026-01-10T13:15:04.940201+00:00,excel_import
L'ÉCole Autonomie MaÃ£ÂŽTrise ÉNergie Inc.,training_provider,QC,Mont-Saint-Hilaire,464 rue Vaudreuil,J3H 4L6,(450) 464-6277,johannevoghel@gmail.com; info@ecoleame.com,http://ecoleame.com/,,True,5d3d3baa-871e-45d9-997b-69c3789b4396,2026-01-10T13:15:04.941278+00:00,excel_import
Purequilibre Inc.,training_provider,QC,Mont-Saint-Hilaire,430 Boulevard Sir-Wilfrid-Laurier,J3H 6M5,(450) 813-9642,info@purequilibre.com,https://purequilibre.com/,"Business, Childcare, Beauty",True,752ea86d-b444-44b6-9c30-9b3619fd526e,2026-01-10T13:15:04.942361+00:00,excel_import
Centre De Formation Professionnelle L'Horizon,training_provider,QC,Mont-Tremblant,617 boulevard Docteur-Gervais,J8E 2T3,(819) 429-4100,,,,True,99bddf5b-e093-4a80-9023-be0d6382fdf6,2026-01-10T13:15:04.943441+00:00,excel_import
AcadÉMie De Massage Armonia,training_provider,QC,Mont-Tremblant,203 Rue de Saint-Jovite #967,J8E 3J8,(819) 717-1661,,https://www.servicesarmonia.com/,,True,ae3e1c32-8388-4bea-aef3-c7f91d855804,2026-01-10T13:15:04.944509+00:00,excel_import
B-Pro Dog Grooming Academy,training_provider,QC,Mont-Tremblant,203 Rue de Saint-Jovite #967,J8E 3J8,(819) 717-1900,,,,True,5bb1c96c-07a5-46b3-af11-46512a077f09,2026-01-10T13:15:04.945578+00:00,excel_import
Centre De Formation Et SantÉ Holistique Satnam Inc.,training_provider,QC,Mont-Tremblant,65 chemin des Muses,J8E 2H4,,,,,True,624c3b04-9bf7-4a94-b3bb-705e875a846f,2026-01-10T13:15:04.946643+00:00,excel_import
DubÉ Services Conseils,training_provider,QC,Mont-Tremblant,65 chemin des Muses,J8E 2H4,(819) 425-3150,info@dubelapointecpa.ca,https://jeanlapointecpa.ca/,,True,187a62bc-bb24-4542-a9dd-ab54fa9dcfa5,2026-01-10T13:15:04.947728+00:00,excel_import
Cole De Conduite Internationale De Montreal,training_provider,QC,Mount Royal,bureau 110  1255 boul. Laird,H3P 2T1,(514) 739-1751,,http://www.eci-montreal.com/,Education,True,e64c9536-f807-4334-80f9-2a5108f32cc3,2026-01-10T13:15:04.948807+00:00,excel_import
Ordre Des Psychologues Du QuÉBec,training_provider,QC,Mount Royal,510-1100 avenue Beaumont,H3P 3H5,(514) 738-1881,,http://www.ordrepsy.qc.ca/,,True,a6f6663b-6469-43e8-a7cd-1a71f065e8aa,2026-01-10T13:15:04.949877+00:00,excel_import
Institut De Formation Professionnelle (Ifp),training_provider,QC,Mount Royal,5934 chemin de la Côte-de-Liesse,H4T 2A5,(800) 870-0747,,https://www.formation-ifp.com/,,True,9725648b-00ab-4d48-9762-3f1e56df071e,2026-01-10T13:15:04.950936+00:00,excel_import
Beth Jacob Teachers' College Inc.,college,QC,Mount Royal,2195 Ekers Avenue,H3S 1C6,(514) 738-2100,,http://www.bethjacob.ca/History/,,True,e7c25c72-7dd1-419d-804e-43552e5aa8d2,2026-01-10T13:15:04.951979+00:00,excel_import
Institut Technique Aviron De Montreal Inc.,training_provider,QC,Mount Royal,5460 avenue Royalmount,H4P 1H7,(514) 739-3010,info@avirontech.com,https://www.avirontech.com/,Other,True,1fbd87a8-f374-48ee-899d-02abae002af7,2026-01-10T13:15:04.953050+00:00,excel_import
ÉCole Nationale De Police Du QuÉBec,training_provider,QC,Nicolet,350 rue Marguerite d'Youville,J3T 1X4,(819) 293-8631,,http://www.enpq.qc.ca/,IT,True,b1064bea-66d5-4325-9f1b-d8a762a2cfb8,2026-01-10T13:15:04.954118+00:00,excel_import
Institut Milton H. Erickson Du QuÉBec Inc.,training_provider,QC,North Hatley,33 chemin Beaudette,J0B 2C0,(819) 842-4549,,http://www.ericksonquebec.org/,,True,0d85b739-4a7f-4683-950c-c7ffe4bd2d9f,2026-01-10T13:15:04.955265+00:00,excel_import
Oser-Com,training_provider,QC,North Hatley,672 chemin MacDonald,J0B 2C0,(819) 842-4522,info@letricorne.com,http://www.letricorne.com/,,True,b238512e-f831-471d-98da-d3f1e0ca973a,2026-01-10T13:15:04.956324+00:00,excel_import
Aviation Mh Inc.,training_provider,QC,Notre-Dame-du-Portage,600 Fraserville,G0L 1Y0,(418) 894-7492,aviationmh@gmail.com,https://aviationmh.com/,,True,bd466428-1c3d-4ed8-85cf-f944e1971ba0,2026-01-10T13:15:04.957404+00:00,excel_import
Centre Kaivalya,training_provider,QC,Oka,134 boul. ste-Anne-des-Plaines,J0N 1H0,(514) 571-8389,centrekaivalya@gmail.com,https://yoga-qigong.ca/,IT,True,b385cfca-e079-4403-81c3-d1d28b36b206,2026-01-10T13:15:04.958533+00:00,excel_import
Chateauguay Valley Career Education Centre,training_provider,QC,Ormstown,46 Roy Street,J0S 1K0,(450) 829-2396,registrationnova@nfsb.qc.ca; registrationhaecc@nfsb.qc.ca; registrationcvcec@nfsb.qc.ca,http://nfsb.me/,"Education, Trades, Business, IT, Manufacturing",True,030133b9-3b20-4863-b8fa-bb3158c60e0f,2026-01-10T13:15:04.959653+00:00,excel_import
Azur Coaching Inc.,training_provider,QC,Otterburn Park,351 rue Bousquet,J3H 4N5,,,https://isabellelefebvre.com/,,True,8964fa3c-f3f8-4eb2-bb1c-26942de2f023,2026-01-10T13:15:04.960734+00:00,excel_import
Centre De Formation Professionnelle AndrÉ-Morissette,training_provider,QC,Plessisville,1650 avenue Vallée,G6L 2W5,(819) 362-7348,admissionfp@csbf.qc.ca,https://www.tondep.com/cfp#andre-morissette,Healthcare,True,75c710de-4eca-4c6d-b166-f81ee8c2c0c7,2026-01-10T13:15:04.961808+00:00,excel_import
Camion ÉCole Pierre Tourigny (1989) Inc. O/S Roubec Camion ÉCole,training_provider,QC,Plessisville,1134 avenue des Bouleaux,G6L 3B7,(819) 362-2523,,http://www.roubeccamionecole.com/,,True,a0dc5305-ab27-4147-a084-11742367fd21,2026-01-10T13:15:04.963046+00:00,excel_import
ÉCole De Conduite Caa-QuÉBec - Pointe-Claire,training_provider,QC,Pointe-Claire,100-1000 boul. Saint-Jean,H9R 5P1,(514) 861-5755,ecoledeconduite@caaquebec.com,https://ecoledeconduite.caaquebec.com/fr/trouver-une-ecole/repertoire-ecoles-caa-quebec/fiche/ecole/pointe-claire/,,True,b47718d5-a535-4ce4-9ce5-529d9d8a5813,2026-01-10T13:15:04.964155+00:00,excel_import
ÉCole De MassothÉRapie Adam Inc.,training_provider,QC,Pointe-Claire,273 chemin du Bord-du-Lac,H9S 4L1,(514) 634-2326,info@ecoledemassotherapieadam.com,https://ecoledemassotherapieadam.com/,"IT, Beauty",True,1714fec1-2b94-451c-956a-63d173968ce2,2026-01-10T13:15:04.965273+00:00,excel_import
Canada Coach & Mentor Academy Inc.,training_provider,QC,Pointe-Claire,93 chemin Du-Bord-du-Lac-Lakeshore,H9S 4H7,(833) 218-3007,,https://canadacoachacademy.com/,,True,2e348aea-aa6b-4c99-b02f-a61da5955457,2026-01-10T13:15:04.966360+00:00,excel_import
Centre Holistique Om West,training_provider,QC,Pointe-Claire,46 Avenue Sainte-Anne,H9S 4P8,(514) 505-1888,academie@vibrationsom.com; info@vibrationsom.com,http://www.vibrationsom.com/,"Education, Healthcare, IT, Beauty, Arts",True,e432b795-2e1c-4253-abf5-741f69f4d7f4,2026-01-10T13:15:04.967484+00:00,excel_import
Energie Encorps Inc.,training_provider,QC,Pointe-Claire,230-18 Place de la Triade,H9R 0A2,(514) 505-9642,,http://www.energieencorps.com/,"Education, Healthcare, IT",True,fe691eef-6702-4f98-988b-eca58df21ec6,2026-01-10T13:15:04.968575+00:00,excel_import
Gauthier CÉLine Alice O/S La Maison De La PolaritÉ,training_provider,QC,Pont-Rouge,41 rue du Liseron,G3H 0C4,,polaritecelinealice@gmail.com; filler@godaddy.com,http://maisondelapolarite.com/,,True,85539464-943c-4ede-815a-cbd28c9c1980,2026-01-10T13:15:04.969637+00:00,excel_import
Etcetera E.T.C. ÉCoute Ton Corps Inc.,training_provider,QC,Prévost,955 ch. du Lac Écho local 110,J0R 1T0,(514) 875-1930,,https://www.ecoutetoncorps.com/,Other,True,3775bb0b-3352-40fe-8eba-e97ad19934bc,2026-01-10T13:15:04.970772+00:00,excel_import
Groupe Chanceland Inc. O/S Centre Mahana Formations,training_provider,QC,Quebec City,340 rue Seigneuriale #B,G1C 3P9,(581) 986-4442,,https://www.centremahana.com/,,True,6551e85f-509a-49a9-b0f4-0389c45312a6,2026-01-10T13:15:04.971865+00:00,excel_import
AcadÉMie Coaching Transformationnel Act In International,training_provider,QC,Quebec City,1410  avenue de Guyenne,G1L 4B7,(581) 988-9228,info.coaching@act-in-international.com,https://act-in-international.com/,"Healthcare, IT",True,29d56c0b-0e88-4823-9ec4-aca9d9332251,2026-01-10T13:15:04.972952+00:00,excel_import
AcadÉMie Coiffure Vernay Duteil S.E.N.C.,training_provider,QC,Quebec City,16073  boul. Henri-Bourassa,G1G 4A2,(418) 628-0770,academiecoiffurevernayduteil@gmail.com,https://www.academiecoiffurevernayduteil.com/,,True,2d678715-fa2d-45e6-9d73-e268bbc4ae7e,2026-01-10T13:15:04.974024+00:00,excel_import
AcadÉMie De RÉFlexologie Du QuÉBec,training_provider,QC,Quebec City,1285  rue de la Visitation,G1W 3K5,(418) 651-8575,,http://www.academiereflexologie.ca/,,True,9e898cb9-9616-4f84-b4ff-eaf8aaab099c,2026-01-10T13:15:04.975259+00:00,excel_import
Groupe Edgenda Inc.,training_provider,QC,Quebec City,300-1751 rue du Marais,G1M 0A2,(418) 626-2344,,http://edgenda.com/,Other,True,da161e60-9bca-4d65-bd1b-9dfd91ba5935,2026-01-10T13:15:04.976450+00:00,excel_import
L'Attitude Centre De Relaxation Et De MassothÉRapie Inc.,training_provider,QC,Quebec City,71 rue Crémazie Ouest,G1R 1X4,(418) 522-0106,,http://www.attitudemassotherapie.com/?utm_medium=referral&utm_source=gmb&utm_campaign=lnk-gmb,,True,f40f974e-5203-4bb6-acfb-8ec9b49e74fb,2026-01-10T13:15:04.977535+00:00,excel_import
L'Attitude Centre De Relaxation Et De MassothÉRapie Inc.,training_provider,QC,Quebec City,71 rue Crémazie Ouest,G1R 1X4,(418) 522-0106,,http://www.attitudemassotherapie.com/?utm_medium=referral&utm_source=gmb&utm_campaign=lnk-gmb,,True,01add564-f42c-4457-844b-7b518beeeea9,2026-01-10T13:15:04.978650+00:00,excel_import
Le Dauphin Bleu,training_provider,QC,Quebec City,4187 côte de Cap-Rouge,G1Y 1V2,(418) 688-3888,info@dauphinquebec.com,http://www.dauphinquebec.com/,,True,add0fac0-fc2d-4edf-bc44-874435bbb60a,2026-01-10T13:15:04.979748+00:00,excel_import
L'Essentiel - ÉCole Internationale Pnl Humaniste,training_provider,QC,Quebec City,502-910 rue Gérard-Morisset,G1S 4V7,(418) 455-4388,,https://ecolepnl.com/,,True,9de7243c-2cc1-4ac6-a170-1eca6a29b479,2026-01-10T13:15:04.980841+00:00,excel_import
Sasair Inc. O/S Centre De Formation AÉRonautique De QuÉBec,training_provider,QC,Quebec City,714 7ième avenue de l'Aéroport,G2G 2T6,(418) 877-6004,INFO@CFAQ.NET; info@cfaq.net,http://www.cfaq.net/,,True,cff0132c-c130-473a-baec-2b3ba23a6610,2026-01-10T13:15:04.981915+00:00,excel_import
ÉCole De Joaillerie De Quebec,training_provider,QC,Quebec City,299 3ème Avenue,G1L 2V7,(418) 648-8003,,http://www.ecoledejoaillerie.ca/,IT,True,4cc8234c-1b88-42b1-9792-06582dfc4185,2026-01-10T13:15:04.983020+00:00,excel_import
Services Professionnels De Formation En Securite & Enquetes (Spfse) Inc.,training_provider,QC,Quebec City,"bureau 215, 1670  rue Semple",G1N 4B8,(418) 872-0072,,https://www.spfse.com/,,True,853e3f79-c5e3-42d6-83ff-3380c79e2cf0,2026-01-10T13:15:04.984116+00:00,excel_import
Coaching QuÉBec,training_provider,QC,Quebec City,"bureau 240,  3291 chemin Sainte-Foy",G1X 3V2,(418) 614-1595,info@coaching-quebec.com,http://www.coaching-quebec.com/,Other,True,ca5add92-82cb-4f25-9999-1f709d3a45c4,2026-01-10T13:15:04.985200+00:00,excel_import
CinÉ-Langue,training_provider,QC,Quebec City,B-2  7046 rue de Bordeaux,QuÃƒÂ©bec,(514) 721-6060,,https://cinemacinema.ca/fr,"Education, IT, Childcare",True,12ee55d4-60eb-4507-885e-0ce9879b1625,2026-01-10T13:15:04.986291+00:00,excel_import
Ordre Des Arpenteurs-GÉOmÈTres Du QuÉBec,training_provider,QC,Quebec City,bureau 350  Iberville IV 2954  boulevard Laurier,QuÃƒÂ©bec,(418) 656-0730,,https://oagq.qc.ca/,,True,626eb917-39bf-4475-b958-fbe2aade7408,2026-01-10T13:15:04.987354+00:00,excel_import
Centre De Formation Professionnelle Samuel-De-Champlain,training_provider,QC,Quebec City,2740 avenue Saint-David,G1E 4K7,(418) 666-4000,,http://www.cfpsc.qc.ca/,"Business, IT",True,da743e85-4d3d-41c2-bb1b-4c7404c0d8bc,2026-01-10T13:15:04.988541+00:00,excel_import
Institut Superieur De Medecines Alternatives Et Podotherapie,training_provider,QC,Quebec City,71 rue des Coquilles,G1E 4S9,(418) 265-2079,federationmedecinealternative@gmail.com,https://f-m-a.ca/,,True,902afc9c-9b57-4f73-a44d-a32a6434d596,2026-01-10T13:15:04.989654+00:00,excel_import
Yoga Fernande Faucher,training_provider,QC,Quebec City,890 rue de Nanteuil,G1G 2R7,(418) 626-8505,,,,True,b2e3c0cb-51b4-42f1-bff2-53438a02939d,2026-01-10T13:15:04.990735+00:00,excel_import
Institut QuÉBÉCois Des Affaires Internationales,training_provider,QC,Quebec City,18041 boulevard Henri-Bourassa,G1G 4B4,(418) 446-5071,tchapmegnirobinson@iaiqschool.org,https://iaiqschool.org/,Other,True,15147e17-6b8c-4f28-bde7-921120a05d02,2026-01-10T13:15:04.991812+00:00,excel_import
ÉCole De Danse Arthur Murray O/S La Vie Dansante,training_provider,QC,Quebec City,103-475 boulevard de l'Atrium,G1H 7H9,(581) 745-8727,,,,True,3d12cbac-891b-48e7-b2fa-aa7d11ba5253,2026-01-10T13:15:04.992884+00:00,excel_import
Mode É Arto Inc.,training_provider,QC,Quebec City,135 rue St-Vallier Ouest,G1K 1J9,(418) 529-9711,info@mode-e-arto.com,http://www.mode-e-arto.com/,,True,21f25a92-df26-4fcb-8154-d734bf36ee96,2026-01-10T13:15:04.993946+00:00,excel_import
Coiffure Et Formation Valdy Inc.,training_provider,QC,Quebec City,438 rue St-Vallier Ouest,G1K 1K8,(418) 914-7798,coiffurevaldy.inc@gmail.com,https://www.centredeformationvaldy.com/,Other,True,12dee1ed-9688-4cc2-92f2-74df42d227ab,2026-01-10T13:15:04.995021+00:00,excel_import
ÉCole De Biodanza Srt - Ville De QuÉBec,training_provider,QC,Quebec City,449-91 de la Pointe-aux-Lièvres,G1K 5Y5,,,,,True,8b45f3fb-172a-4043-bfe7-2d63dbfa195c,2026-01-10T13:15:04.996184+00:00,excel_import
ÉCole QuÉBÉCoise De Formation En ÉDucation Somatique,training_provider,QC,Quebec City,4-1125 rue Bourdages,G1M 3K5,(418) 527-8232,info@formation-education-somatique.ca,http://formation-education-somatique.ca/,,True,43a61a8b-7392-49a4-9d7b-59b4a739ee85,2026-01-10T13:15:04.997291+00:00,excel_import
Bia Formations Inc.,training_provider,QC,Quebec City,3008 rue du Port-Louis,G1M 4B2,,,,,True,4c176549-fb66-40f5-ae33-c1b0fed5886c,2026-01-10T13:15:04.998405+00:00,excel_import
Association De La Construction Du QuÉBec - QuÉBec,training_provider,QC,Quebec City,100-375 rue Verdun,G1N 3N8,(418) 687-4121,info@acq.org,https://www.acq.org/,Security,True,41fd5a3c-dfbc-4b89-a3ae-f18cf5403fce,2026-01-10T13:15:05.002228+00:00,excel_import
ÉCole De MassothÉRapie Et KinÉSithÉRapie L'HÃ£ÂŠTre,training_provider,QC,Quebec City,240-1415 rue Frank-Carrel,G1N 4N7,(418) 907-9499,,http://ecolehetre.ca/,"IT, Arts",True,af058328-490b-475f-831e-38763a4fd836,2026-01-10T13:15:05.003490+00:00,excel_import
Magistrad Inc.,training_provider,QC,Quebec City,1605 chemin St. Foy,G1P 3L7,,,,,True,f443f63f-bd68-4295-85c9-9522516a1368,2026-01-10T13:15:05.004643+00:00,excel_import
Dectro International AcadÉMie Dectro,training_provider,QC,Quebec City,1000 boulevard du Parc-Technologique,G1P 4S3,(418) 650-0303,,https://academiedectro.com/,Other,True,5bbee26a-e8a4-415f-a485-5911222554f7,2026-01-10T13:15:05.005910+00:00,excel_import
CollÈGe Bart,college,QC,Quebec City,751 côte d'Abraham,G1R 1A2,(418) 522-3906,info@bart.ca,http://www.bart.ca/,Arts,True,60d2038d-0ac1-443c-9184-894e50b6f5b7,2026-01-10T13:15:05.007211+00:00,excel_import
CollÈGe MÉRici,college,QC,Quebec City,755 Grande Allée Ouest,G1S 1C1,(418) 683-1591,,http://www.merici.ca/,,True,b76ad3f2-1060-41d0-8cd6-7d2a2fd19082,2026-01-10T13:15:05.009273+00:00,excel_import
Guerriers Du Coeur Inc.,training_provider,QC,Quebec City,650 avenue Monk,G1S 3M3,06 31 71 94 18,,https://www.lesguerriersduvent.fr/,,True,883ec93f-d4fa-47ba-a2ba-1fd74f219bb0,2026-01-10T13:15:05.010465+00:00,excel_import
Club Toastmasters Ywca QuÉBec,training_provider,QC,Quebec City,855 avenue Holland,G1S 3S5,(418) 872-3283,clubtoastmastersquebec@gmail.com,https://1838.toastmastersclubs.org/,,True,3bd2291c-1569-4b38-aba6-01dcc410034d,2026-01-10T13:15:05.011622+00:00,excel_import
Denise Pothier SantÉ Plus Inc.,training_provider,QC,Quebec City,701-3 rue des Jardins-Merici,G1S 4M4,(581) 991-0975,,http://www.denisepothier.com/,IT,True,9ebd87b4-ed32-409d-b5e7-c338d9dd9c8b,2026-01-10T13:15:05.012808+00:00,excel_import
Centre De Spiritualite Manrese,training_provider,QC,Quebec City,965 avenue Louis-Fréchette,G1S 4V1,(418) 653-6353,coordination@centremanrese.org,http://www.centremanrese.org/,Arts,True,33ed35f8-9ee6-48be-a3ef-c5bb49ec5545,2026-01-10T13:15:05.013971+00:00,excel_import
Yoga Invivo,training_provider,QC,Quebec City,200-1330 rue Maguire,G1T 1Z3,(581) 742-9642,,https://www.yogainvivo.com/,,True,fdee4451-c78b-4fb0-8ce2-b662a0de4de8,2026-01-10T13:15:05.015104+00:00,excel_import
Centre QuÉBecois De Formation En SantÉ IntÉGrale,training_provider,QC,Quebec City,1400 avenue du Buisson,G1T 2C3,(418) 681-7457,michguay@videotron.ca,https://polarite-michelleguay.com/,IT,True,d4624efb-3645-4cec-8653-49154aa1d9de,2026-01-10T13:15:05.016269+00:00,excel_import
Centre De Formation Professionnelle Maurice-Barbeau,training_provider,QC,Quebec City,920 rue Noel-Cartier,G1V 5B6,(418) 652-2184,,http://www.cfpmb.com/,"Healthcare, IT",True,f7fbadf7-6507-46f3-80ee-29e5acb2e485,2026-01-10T13:15:05.017454+00:00,excel_import
Le Club Quest De QuÉBec,training_provider,QC,Quebec City,2921 avenue Vincennes,G1W 2E5,(418) 641-6040,,http://clubmusicaldequebec.com/,,True,b393c1f8-5617-4611-a7dc-520763502712,2026-01-10T13:15:05.018615+00:00,excel_import
ÉCole De Formation Mko,training_provider,QC,Quebec City,240-3291 chemin Ste-Foy,G1X 3V2,(800) 888-3811,info@masso-mko.com,http://www.masso-mko.com/,IT,True,c84fb5c5-86cd-4568-aede-05affa8c4f8e,2026-01-10T13:15:05.019827+00:00,excel_import
Institut De Recherche Fondamentale Et Clinique En Psycho- Orientation,training_provider,QC,Quebec City,1405 rue Félix-Antoine-Savard,G2G 1Z2,(514) 617-0109,info@irfcpo.org; ormation@irfcpo.org,http://irfcpo.org/,,True,eceed983-b21b-4cdd-9508-8af1647f1483,2026-01-10T13:15:05.020997+00:00,excel_import
College Ifly Inc.,college,QC,Quebec City,706B 7ème avenue de l'Aéroport,G2G 2T6,(418) 948-1010,,http://www.iflycollege.ca/,,True,2d1869c2-9da7-4b01-83c4-cdd87a37e24e,2026-01-10T13:15:05.021968+00:00,excel_import
Orizon Aviation QuÉBec Inc.,training_provider,QC,Quebec City,611  6ème avenue de l'Aéroport,G2G-2T4,(418) 877-2699,,http://www.oaqc.ca/,Other,True,a0e18385-5f8f-4725-89ff-4b164c176b63,2026-01-10T13:15:05.022887+00:00,excel_import
Centre De Formation En Transport De Charlesbourg,training_provider,QC,Quebec City,700 rue de l'Argon,G2N 2G5,(418) 634-5580,,http://www.cftc.qc.ca/,Logistics,True,cf27290a-f770-4b0c-a7cc-cd147c37a89d,2026-01-10T13:15:05.023793+00:00,excel_import
Les Herbes En Folie,training_provider,QC,Quebec City,1774 rue de l'Alliance,G3E 1S1,(418) 845-9125,jbak@lesherbesenfolie.qc.ca,http://lesherbesenfolie.qc.ca/,,True,53d911ab-4d93-4450-9391-9be90d456182,2026-01-10T13:15:05.024753+00:00,excel_import
Formation AnimaliÈRe MichÈLe,training_provider,QC,Quebec City,1310 rue d'Ibérie,G3J 1A4,(418) 271-5626,,http://formationanimalieremichele.com/,Other,True,0eea4d1a-cddd-4b08-9782-771cb3279ab6,2026-01-10T13:15:05.025679+00:00,excel_import
Centre De Formation Professionnelle Fierbourg,training_provider,QC,Quebec City,800 rue de la Sorbonne,G1H 1H1,(418) 622-7821,fierbourg.infos@cssps.gouv.qc.ca; saefierbourg@cssps.gouv.qc.ca,http://www.fierbourg.com/,Other,True,ca35e6b3-744e-4ff4-9535-5aa0b4c63a71,2026-01-10T13:15:05.026726+00:00,excel_import
Centre De MassothÉRapie De QuÉBec Inc.,training_provider,QC,Quebec City,280 des Peupliers Ouest,G1L 1H7,(418) 624-3164,,https://massotherapiedequebec.com/,,True,940d7eba-49fa-49fa-9569-8b2e9585d019,2026-01-10T13:15:05.027640+00:00,excel_import
Centre De Ressources Alternatives Du QuÉBec,training_provider,QC,Quebec City,9545 boulevard de l'Ormière #202,G2B 3K7,(418) 456-1506,,http://www.je-craq.com/,,True,e0f7c273-2743-4d6a-9c38-7b4e7e3b9f74,2026-01-10T13:15:05.028542+00:00,excel_import
Cinecours-Cinacte,training_provider,QC,Quebec City,506 boul. René Lévesque Est,G1R 0B3,(418) 255-8564,,https://cinecours.com/,Other,True,d9a0379f-4c14-4f82-a245-dae9d7a6b64e,2026-01-10T13:15:05.029450+00:00,excel_import
Club Toastmaster QuÉBec,training_provider,QC,Quebec City,1073 boul. René-Lévesque O.,G1S 4R5,(418) 872-3283,clubtoastmastersquebec@gmail.com,https://1838.toastmastersclubs.org/,,True,9ffc258f-95cb-4678-8384-1bb3d06d9784,2026-01-10T13:15:05.030348+00:00,excel_import
Club Toastmasters De Charlesbourg,training_provider,QC,Quebec City,720 Av. de Gironde,G1G 5G1,,,,,True,0e9784db-f07d-467c-97be-06f2c6557b88,2026-01-10T13:15:05.031233+00:00,excel_import
CollÈGe Des ThÉRapies Alternatives,college,QC,Quebec City,1866 avenue Industrielle,G3K 1M4,(418) 209-9509,,http://www.medecinealternative.com/,"IT, Arts",True,afc6447a-a737-4fcd-aeda-f021b64be8b6,2026-01-10T13:15:05.032112+00:00,excel_import
Emoicq - ÉCole Des MÉTiers Et Occupations De L'Industrie De La Construction De QuÉBec,training_provider,QC,Quebec City,1060 rue Borne,G1N 1L9,(418) 686-4672,emoicq@cssc.gouv.qc.ca,http://emoicq.cssc.gouv.qc.ca/,"Trades, IT",True,f1074854-4aba-4984-aa94-21656b6db666,2026-01-10T13:15:05.032989+00:00,excel_import
AgnÈS Lacasse Formations,training_provider,QC,Rawdon,3283  13ème Avenue,J0K 1S0,(450) 916-5384,agnes@ecolemassotherapielacasse.com,http://ecolemassotherapielacasse.com/,,True,bf280925-2364-4a5f-ace2-467751106cb8,2026-01-10T13:15:05.033860+00:00,excel_import
Centre De Formation Professionnelle Des Riverains,training_provider,QC,Repentigny,120 rue Valmont,J5Y 1N9,(450) 492-3538,Cfp-desriverains@csda.ca; Cfp-desriverains@cssda.gouv.qc.ca,https://www.cfpriverains.qc.ca/,IT,True,e1b214c8-24b5-4fcd-9027-50ffc8396aed,2026-01-10T13:15:05.034744+00:00,excel_import
ÉCole De MÉDecine Naturelle Preventive,training_provider,QC,Repentigny,820 rue Einstein,J5Y 3V6,(514) 839-1645,,https://www.411sante.com/naturopathe/lanaudiere/repentigny-2/naturopathe-repentigny.htm,,True,724a230f-86f2-4627-8b3a-8da59f206ba6,2026-01-10T13:15:05.035596+00:00,excel_import
Cper / Cfpmk,training_provider,QC,Repentigny,581 boulevard Lacombe,J5Z 1T6,(450) 492-3538,Cfp-desriverains@csda.ca; Cfp-desriverains@cssda.gouv.qc.ca,https://www.cfpriverains.qc.ca/,IT,True,afb14cec-7463-4774-84e7-df75a7327bac,2026-01-10T13:15:05.036511+00:00,excel_import
"H&R Block Canada Inc., Notre-Dame St., Repentigny",training_provider,QC,Repentigny,173 Notre-Dame Street Local 7C,J6A 2P5,(450) 657-6056,,https://www.hrblock.ca/stores/173-rue-notre-dame-7c/,,True,dae160ba-798f-4275-a7f6-34be5c904823,2026-01-10T13:15:05.037397+00:00,excel_import
Institut De Formation En Hypnose Et En Coaching (Ifhec) Inc.,training_provider,QC,Repentigny,208-467 rue Notre-Dame,J6A 2T3,(514) 332-4074,,https://formationhypnose.ca/index.php,,True,3133f161-3d90-426d-87ca-b8f26ae7fe03,2026-01-10T13:15:05.038266+00:00,excel_import
ÉCole De Voyages LanaudiÈRe Inc.,training_provider,QC,Repentigny,210-643 rue Notre-Dame,J6A 2W1,(450) 654-3891,,http://www.ecoledevoyageslanaudiere.com/,Healthcare,True,d54128e4-980f-4f8a-967e-67ab127fbc0e,2026-01-10T13:15:05.039170+00:00,excel_import
Centre Sylvie Vadnais,training_provider,QC,Repentigny,100-37 boul. Brien,J6A 4R9,(514) 717-4441,sylvievadnais@videotron.ca,https://www.centresylvievadnais.com/,,True,38d2b265-90e4-428c-90ed-87f9e39d8e62,2026-01-10T13:15:05.040080+00:00,excel_import
Massocure,training_provider,QC,Repentigny,101-326 rue Notre-Dame,J6A 2T8,(514) 246-0591,info@massocure.com,https://www.massocure.com/,,True,e73cc6fe-43aa-420b-9e97-003530ff648a,2026-01-10T13:15:05.040947+00:00,excel_import
Centre De Therapies Naturelles De Rimouski Inc.,training_provider,QC,Rimouski,213 rue Boucher,G5L 6W9,(418) 722-0303,,,,True,63ee6d2d-8a68-414a-b115-558986911e2d,2026-01-10T13:15:05.041824+00:00,excel_import
ÉQuilibre Et Detente Inc.,training_provider,QC,Rimouski,259 rue Maurice S,G5L 6T1,(418) 723-1586,,http://www.equilibreetdetente.com/,,True,ca84ea32-e610-419f-a21f-faebc088b0bc,2026-01-10T13:15:05.042672+00:00,excel_import
Ter - Riviere-Du-Loup,training_provider,QC,Rivière-du-Loup,44 rue Dumas,G5R 1Y1,,,http://www.ville.riviere-du-loup.qc.ca/,,True,1f3f7999-9d76-4dcf-a52a-33717c271e16,2026-01-10T13:15:05.043525+00:00,excel_import
Centre De Yoga Alain Gendron Et ÉTiennette Gagnon,training_provider,QC,Rivière-du-Loup,13 rue des Cormiers,G5R 4Y7,(418) 862-9733,,http://yogapartout.com/AlainEtEtiennette,,True,1edfd023-30ee-4c49-a0c5-11bdf9603908,2026-01-10T13:15:05.044401+00:00,excel_import
The Yoga Light Studio Ltd.,training_provider,QC,Roberval,530 boulevard Marcotte,G8H 1Z6,(905) 850-3845,info@yogalightstudio.ca,http://www.yogalightstudio.ca/,"Education, IT",True,8f59e9c4-5bce-43c5-9c60-4071fcfa1ad7,2026-01-10T13:15:05.045302+00:00,excel_import
Bulldog Driver Training Ltd.,training_provider,QC,Rosemère,309 boulevard Rosemère,J7A 2T3,,,,,True,187f91a8-98c8-487c-9ceb-cfbe893e57e9,2026-01-10T13:15:05.046239+00:00,excel_import
Shanti Holistic Clinic Inc.,training_provider,QC,Rosemère,309 boulevard Rosemère,J7A 2T3,(514) 699-2378,,http://www.shanticlinic.com/,,True,7bfcf1ab-70d4-4238-b639-d157fecac4d1,2026-01-10T13:15:05.047195+00:00,excel_import
ÉCole D'Aviation Rouyn-Noranda Inc.,training_provider,QC,Rouyn-Noranda,20 rue Pronovost,J9Y 0G1,(819) 797-6010,,https://www.ecoleaviation.com/,,True,fdd3f731-f7ca-4107-b855-1ee4f254ddb5,2026-01-10T13:15:05.048098+00:00,excel_import
Centre De Formation Professionnelle Jonquiere,training_provider,QC,Saguenay,"suite 101, 3450  boulevard du Royaume",G7S 5T2,(418) 695-5195,,http://www.csjonquiere.qc.ca/cfpj/,,True,46f92c84-59dc-41e2-bcad-3cf4d1281447,2026-01-10T13:15:05.049048+00:00,excel_import
Centre De Formation Professionnelle Du Fjord,training_provider,QC,Saguenay,847 rue Georges- Vanier,G7H 4M1,(418) 698-5199,,https://cfpsaguenay.qc.ca/,,True,9481f73b-60a7-47d8-8c7a-1bbb484b631b,2026-01-10T13:15:05.049949+00:00,excel_import
Centre De Formation En ÉQuipement MotorisÉ,training_provider,QC,Saguenay,980 rue Georges-Vanier,G7H 4M3,(418) 698-5199,,https://cfpsaguenay.qc.ca/,,True,e2cfc2af-6692-46b4-8c41-daa1eb84f7f4,2026-01-10T13:15:05.051220+00:00,excel_import
ÉCole Agence De Mannequins Line Lavoie Enr.,training_provider,QC,Saguenay,371 rue du Lavandou,G7H 6Y6,(418) 545-7337,,,,True,2a409de2-fb14-4d75-8c38-f8b8e86a223d,2026-01-10T13:15:05.052437+00:00,excel_import
Institut Grapho Logique S.E.N.C.,training_provider,QC,Saguenay,680 rue des Crécerelles,G7H 7M8,,,,,True,1db43eb4-2ba7-4332-be3f-0871f2e4afd5,2026-01-10T13:15:05.053575+00:00,excel_import
ÉCole Tradition Yoga,training_provider,QC,Saguenay,1714 chemin de la Réserve,G7J 0E1,(418) 615-3342,,http://centreyogachicoutimi.com/,,True,9e61490c-4095-4b90-b3f4-6d48edcfbd9d,2026-01-10T13:15:05.054717+00:00,excel_import
MassothÉRapie Claude Delisle,training_provider,QC,Saguenay,1172 rue Jolliet,G7J 2R7,(418) 549-3265,claudely@videotron.ca,http://www.massotherapieclaudedelisle.com/,,True,4f8ba36d-c392-435a-a8a9-cb7a805ab417,2026-01-10T13:15:05.055853+00:00,excel_import
Association De La Construction Du QuÉBec - Saguenay,training_provider,QC,Saguenay,2496 rue Dubose,G7S 1B4,(418) 548-4678,info@acq.org,https://www.acq.org/,Security,True,5b5d5e9d-90ec-47fc-927b-100bd889c44f,2026-01-10T13:15:05.057168+00:00,excel_import
Centre De Langues Secondes Saguenay,training_provider,QC,Saguenay,1770 rue Joule,G7S 3B1,(418) 548-9514,info@clssv.ca,http://clssv.ca/,,True,4eee48d9-0041-4483-962a-102d42fe66ed,2026-01-10T13:15:05.058355+00:00,excel_import
Centre De Formation Des Routiers Tecnic,training_provider,QC,Saguenay,2359 rue Mathias,G7S 3V4,(418) 695-0570,,https://tecnic.ca/,IT,True,1ecfc7be-2d7c-4d11-8485-3d52d6a3dce6,2026-01-10T13:15:05.059530+00:00,excel_import
Centre De Formation Professionnelle CompÉTences Outaouais,training_provider,QC,Saguenay,2303 boulevard Sir Wilfrid Laurier #208,G7X 5Z2,(418) 695-5195,,http://www.csjonquiere.qc.ca/cfpj/,,True,05f653cc-2a5a-48c1-8c9a-fb3bb7898dfd,2026-01-10T13:15:05.060650+00:00,excel_import
Nathalie Lamirande Yoga,training_provider,QC,Saguenay,2303 boulevard Sir Wilfrid Laurier #208,G7X 5Z2,(581) 490-1774,,https://nathalielamirandeyoga.com/,Healthcare,True,43b80282-faf0-4151-ba44-1e2caafbd402,2026-01-10T13:15:05.061797+00:00,excel_import
Hydravion Aventure Inc.,training_provider,QC,Saint-Étienne-des-Grès,428 rang des Grès,G0X 2P0,(819) 609-9358,,http://www.hydravion.ca/,,True,e5f52508-f24f-4b68-b747-75dfb0dbadc3,2026-01-10T13:15:05.062974+00:00,excel_import
Eve Gaudreau / Institut Des Carrefours De Vie,training_provider,QC,Saint-Adolphe-d'Howard,1590 A avenue Bertrand,J0T 2B0,,,,,True,6efebcff-5e00-43fe-89ba-3ccee7c6c7ab,2026-01-10T13:15:05.064133+00:00,excel_import
Zen Shiatsu QuÉBec,training_provider,QC,Saint-Adolphe-d'Howard,1590 A avenue Bertrand,J0T 2B0,(514) 457-1966 ext. 1,,,,True,5f44cc46-5b77-4ead-97b2-8abbb2ed41e1,2026-01-10T13:15:05.065256+00:00,excel_import
Lanaudiair Inc.,training_provider,QC,Saint-Ambroise-de-Kildare,1120-501 Rang Double,J0K 1C0,(450) 386-0322,,https://lanaudiair.ca/,,True,9b45eae6-48f3-47dd-967a-e5f603733fe6,2026-01-10T13:15:05.066365+00:00,excel_import
Flora Medicina ÉCole D'Herboristerie,training_provider,QC,Saint-André-Avellin,13 rue Saint-André,J0V 1W0,(819) 516-1110,info@floramedicina.com,https://www.floramedicina.com/,IT,True,6a899796-446e-436e-9965-20e7176a80fb,2026-01-10T13:15:05.067577+00:00,excel_import
JosÉE Proulx Consultante,training_provider,QC,Saint-Apollinaire,504 rue Cécile,G0S 2E0,(418) 881-4330,,https://www.jeancoutu.com/localisateur-succursale/saint-apollinaire-144-rue-principale-g0s-2e0/344/,IT,True,8e14cd87-f561-4f5b-85b9-ee64a5a481a0,2026-01-10T13:15:05.068736+00:00,excel_import
Formation Anglaise Caroline MÉTivier,training_provider,QC,Saint-Aubert,50 route Morissette,G0R 2R0,,,,,True,fece1cf8-5fdf-4f41-b876-a62d299e9b23,2026-01-10T13:15:05.069866+00:00,excel_import
Centre De Formation Fleurs Sauvages Inc.,training_provider,QC,Saint-Basile-le-Grand,1-206 rue Principale,J3N 1M7,(514) 779-2712,contact@formation-fleurs-bach.com,http://formation-fleurs-bach.com/,Other,True,18c955b0-1470-4679-842c-2ec96e4b946f,2026-01-10T13:15:05.071029+00:00,excel_import
Arctic Response Driver Training Ltd.,training_provider,QC,Saint-Basile-le-Grand,8 rue André,J3N 1H6,(867) 873-3205,info@arcticresponse.ca,http://arcticresponse.ca/,"Education, IT, Logistics",True,496d9913-0564-4972-9765-c6e338c4d44d,2026-01-10T13:15:05.072171+00:00,excel_import
F&S Safety Buzz Ltd.,training_provider,QC,Saint-Basile-le-Grand,8 rue André,J3N 1H6,(780) 573-2777,,http://www.safetybuzz.ca/,"Education, IT",True,ef04a7d6-fad7-4a19-8ac0-d45e5aa12d48,2026-01-10T13:15:05.073427+00:00,excel_import
ÉCole Morin Castonguay Inc.,training_provider,QC,Saint-Bernard,503 rue Boilard,G0S 2G0,,,,,True,694ef5a6-9b4e-4894-a751-cfa1f9bd4f45,2026-01-10T13:15:05.074574+00:00,excel_import
Isabelle Pitre Coaching Inc.,training_provider,QC,Saint-Bernard,456 rue des Pionniers,G0S 2G0,,,,,True,85098f79-971b-47d2-b97b-9d76a18b8bb6,2026-01-10T13:15:05.075684+00:00,excel_import
Le Prisme Culturel Inc.,training_provider,QC,Saint-Bruno,565 Avenue de la Coopérative,G0W 2L0,(418) 212-8022,info@qodeinteractive.com; info@prismeculturel.com,https://prismeculturel.com/,Other,True,25b43167-272e-4f43-b3d3-ad6926a3af25,2026-01-10T13:15:05.076825+00:00,excel_import
Service Aux Entreprises Et À La CommunautÉ,training_provider,QC,Saint-Charles-Borromée,110 rue Marie-Curie,J6E 0W9,(418) 623-1847,presb.sr@pscb.ca; presbytere@pscb.ca,http://www.pscb.ca/,,True,adef7c01-3618-46ed-9c4f-b027ef84ee4d,2026-01-10T13:15:05.077954+00:00,excel_import
Service De La PrÉVention Des Incendies De Saint-Charles- BorromÉE,training_provider,QC,Saint-Charles-Borromée,370 rue de la Visitation,J6E 4P3,(450) 759-4415,,https://www.vivrescb.com/decouvrir-scb/batiments-municipaux/rubriques/caserne-des-pompiers,"IT, Beauty",True,889594eb-d4e8-45f1-97fc-1bfcffb50e02,2026-01-10T13:15:05.079090+00:00,excel_import
Centre D'Education Psychologique Ter,training_provider,QC,Saint-Charles-Borromée,16 rue Magloire-Granger,J6E 8Y1,(450) 898-8313,info@cepter.ca,http://cepter.ca/,,True,d19a2f6e-ed2b-4131-8982-2a846009faea,2026-01-10T13:15:05.080204+00:00,excel_import
CollÈGe SupÉRieur De Naturopathie Du QuÉBec,college,QC,Saint-Constant,202-52 rue Saint-Pierre,J5A 0E9,(514) 585-1991,infocsnq@videotron.ca,http://www.csnq.net/,Other,True,0c9b3466-f7e1-43a0-a0ce-d76dc8905833,2026-01-10T13:15:05.081340+00:00,excel_import
Formation Mic,training_provider,QC,Sainte-Adèle,3295 rue Rolland,J8B 1E1,(450) 240-6221,sae@csslaurentides.gouv.qc.ca; admission-ea@csslaurentides.gouv.qc.ca; cfgcimes.ste-adele@csslaurentides.gouv.qc.ca; dessommets@csslaurentides.gouv.qc.ca; cfgcimes.ste-agathe@csslaurentides.gouv.qc.ca; sarca@csslaurentides.gouv.qc.ca; cfgcimes.mt-tremblant@csslaurentides.gouv.qc.ca; lhorizon@csslaurentides.gouv.qc.ca; hoteliere@csslaurentides.gouv.qc.ca,https://cflaurentides.ca/education-des-adultes-des-cimes/,IT,True,29e201ca-1512-4ecb-a57f-cf64a879e6e2,2026-01-10T13:15:05.082466+00:00,excel_import
Massotech,training_provider,QC,Sainte-Adèle,1392 boul. Sainte-Adèle,J8B 2N6,(450) 229-7594,info@massotech.com,https://massotech.com/,Other,True,d409ec4c-e04a-4763-8313-8dd0c613a383,2026-01-10T13:15:05.083590+00:00,excel_import
ÉCole Hoteliere Des Laurentides,training_provider,QC,Sainte-Adèle,150 rue Lesage,J8B 2R4,(450) 240-6222,sae@csslaurentides.gouv.qc.ca; cfgcimes.ste-adele@csslaurentides.gouv.qc.ca; dessommets@csslaurentides.gouv.qc.ca; cfgcimes.ste-agathe@csslaurentides.gouv.qc.ca; cfgcimes.mt-tremblant@csslaurentides.gouv.qc.ca; lhorizon@csslaurentides.gouv.qc.ca; hoteliere@csslaurentides.gouv.qc.ca,https://ecolehotelierelaurentides.com/,Other,True,f5c626a4-52e8-451b-9988-91056dc9d391,2026-01-10T13:15:05.084746+00:00,excel_import
L'Univers De Yoga Et MassothÉRapie,training_provider,QC,Sainte-Adèle,1167 chemin Chantecler,J8B 2Y3,(514) 266-0251,,,,True,b328f440-9d06-4eb0-a77d-116cc88127cc,2026-01-10T13:15:05.085884+00:00,excel_import
Centre D'Integration De La Conscience Globale,training_provider,QC,Sainte-Adèle,15 220 chemin Mont Loup-Garou,J8B 3C8,(514) 233-7482,,https://www.conscienceglobale.ca/form__map,,True,9980c711-0bfd-42ea-95fb-7d40261680e7,2026-01-10T13:15:05.087009+00:00,excel_import
Art-Massage,training_provider,QC,Sainte-Adèle,1240  rue du Domaine,J8B 1X2,(514) 266-0251,,,,True,4ee6ba1e-4c0f-48a8-9505-3d7c4fb28425,2026-01-10T13:15:05.088103+00:00,excel_import
Centre De Formation Professionnelle Des Sommets,training_provider,QC,Sainte-Agathe-des-Monts,36 rue Brissette,J8C 1T4,(819) 326-8911,info@csslaurentides.gouv.qc.ca,https://www.csslaurentides.gouv.qc.ca/,,True,9e2dfd73-aae7-416c-b8aa-8316e7d19ad1,2026-01-10T13:15:05.089066+00:00,excel_import
Ucm Osbl Inc.,training_provider,QC,Sainte-Agathe-des-Monts,51 rue St-Antoine,J8C 2C4,,,,,True,ffa350fd-a0aa-48fd-81b9-c55dc475fe85,2026-01-10T13:15:05.089970+00:00,excel_import
Institut Canadien D'Entreprenariat (Ice) / Canadian Institute Of Entrepreneurship (Cie),training_provider,QC,Sainte-Catherine,4422 Route 132,J5C 1V9,(514) 398-9083,,https://eequebec.com/,"IT, Beauty, Arts",True,201bacf3-b6fe-4148-99db-ab18c6e145e3,2026-01-10T13:15:05.090910+00:00,excel_import
ÉCole De Foresterie De Duchesnay,training_provider,QC,Sainte-Catherine-de-la-Jacques-Cartier,147 route Duchesnay,G3N 0J6,(418) 686-4729,,https://ecole-duchesnay.cssc.gouv.qc.ca/,Other,True,75aef653-4573-4082-9636-b08e7ec7847c,2026-01-10T13:15:05.091811+00:00,excel_import
AcadÉMie Internationale Des MÉThodes ThÉRapeutiques Contemporaines,training_provider,QC,Sainte-Flavie,125 Route de la Mer,G0J 2L0,(514) 651-3546,,http://www.aimtc.ca/,Other,True,7fa4dd2a-6062-45fe-81e0-a4bb1b8e57b7,2026-01-10T13:15:05.092701+00:00,excel_import
ÉCole Professionnelle De Machinerie Lourde,training_provider,QC,Sainte-Julienne,4173 route 346,J0K 2T0,(514) 444-6945,,https://formationdemachinerielourde.com/,IT,True,c2244ddd-d2dc-40e2-baa7-bdd6e6d23648,2026-01-10T13:15:05.093817+00:00,excel_import
Centre Equilibre Genevieve BÉLanger,training_provider,QC,Saint-Elphège,87 Rang Du Petit-Bois,J0G 1J0,(438) 874-0218,,https://centre-equilibre.ca/formations-zootherapie/,Arts,True,ddf1440e-0d07-4e11-8872-4400f81df45b,2026-01-10T13:15:05.095064+00:00,excel_import
Garage Raymond Turcotte Et Fils Inc.,training_provider,QC,Sainte-Luce,19 rue St-Alphonse,G0K 1P0,(418) 739-3131,,,,True,029bfb15-4fed-4a66-83a9-a06d6eb49745,2026-01-10T13:15:05.096236+00:00,excel_import
Centre Viniyoga  Lily Champagne,training_provider,QC,Sainte-Lucie-des-Laurentides,6655 boulevard Joseph-Renaud #100 & #102,J0T 2J0,(514) 356-9642,viniyoga@lilychampagne.com,http://www.centre-viniyoga-lily-champagne.com/,,True,13977b77-28cd-4b68-8b85-3ea85b032452,2026-01-10T13:15:05.097394+00:00,excel_import
Centre De Formation Des BÃ£Â‚Tisseurs - Sainte-Marie,training_provider,QC,Sainte-Marie,925 route Saint-Martin,G6E 1E6,(418) 386-5541 ext. 61300,,https://www.cfbatisseurs.ca/,"Community, Arts",True,83c466f4-d08b-4e71-9a8a-f25ed603ed90,2026-01-10T13:15:05.098674+00:00,excel_import
Centre De Formation En Sante De Saint-Esprit,training_provider,QC,Saint-Esprit,40 rue des Écoles,J0K 2L0,(450) 758-3552,,http://centremultiservice.ca/,,True,bc008e1a-4189-4b47-b9f7-47d0c7694cd4,2026-01-10T13:15:05.099875+00:00,excel_import
Les Communicateurs De La Rive-Nord Toastmasters International,training_provider,QC,Sainte-Thérèse,120 boulevard du Seminaire,J7E 1Z2,(514) 291-9747,,https://www.facebook.com/Rival-Boxing-Gym-Rive-Nord-109027077101599/,,True,a5beafac-e5b9-4ff9-b838-fdb036220c20,2026-01-10T13:15:05.101180+00:00,excel_import
Association De La Construction Du QuÉBec - Laval - Laurentides,training_provider,QC,Sainte-Thérèse,113-50 rue Sicard,J7E 5R1,(450) 420-9240,info@acq.org,https://www.acq.org/,Security,True,989d5f63-e994-42d5-b719-7522fa54a44c,2026-01-10T13:15:05.102396+00:00,excel_import
CollÈGe MassothÉRapie Rive-Nord,college,QC,Sainte-Thérèse,200-220 boul. Curé-Labelle,J7E 2X7,(450) 430-7007,,http://www.collegemassotherapie.com/,IT,True,66f3e2a0-ef93-4da7-9548-ee786b78cd8a,2026-01-10T13:15:05.103717+00:00,excel_import
Centre De Recrutement Et Enseignement Routier,training_provider,QC,Saint-Eustache,112 rue St-Laurent,J7P 5G1,(514) 707-5599,,http://crer.ca/,,True,000b35c6-a2aa-463c-815e-564aab515e90,2026-01-10T13:15:05.104951+00:00,excel_import
Centre De Formation Construc-Plus,training_provider,QC,Saint-Eustache,246 rue Allée du Golf,J7R 0L3,(450) 491-8416,construcplus@cssmi.qc.ca,https://construcplus.cssmi.qc.ca/,IT,True,da2b886a-7a59-410e-a350-9a1ae2737251,2026-01-10T13:15:05.106060+00:00,excel_import
Institut D'AromathÉRapie Scientifique,training_provider,QC,Saint-Félix-de-Valois,811 rang des Forges,J0K 2M0,(450) 889-4220,,https://aromascientifique.com/,Other,True,f01d8578-340a-4aa4-a4ab-78fab67ae64a,2026-01-10T13:15:05.107022+00:00,excel_import
Maison Des Cours D'Anglais Fragman Inc.,training_provider,QC,Saint-Flavien,1399 rang du Bois-de-l'Ail,G0S 2M0,(418) 728-4245,,https://www.anglaisfragman.com/,,True,ecaea2b6-7f45-48f4-b57a-6fef8921f095,2026-01-10T13:15:05.108281+00:00,excel_import
Grondin Transport Inc. O/S Grondair,training_provider,QC,Saint-Frédéric,2075 Route 112,G0N 1P0,(418) 426-2313,,,,True,10f06414-43a6-4b80-ac36-c7f0cc026594,2026-01-10T13:15:05.109470+00:00,excel_import
La Maison Du Coeur,training_provider,QC,Saint-Gabriel-de-Rimouski,290 Chemin des Écorchis,G0K 1M0,(418) 739-3172,,http://www.lamaisonducoeur.ca/,,True,2f024698-0ebc-4ce3-bb40-fe5007dabf76,2026-01-10T13:15:05.112130+00:00,excel_import
Centre ÉDen Inc.,training_provider,QC,Saint-Gabriel-de-Valcartier,175 boulevard St-Sacrement,G0A 4S0,(418) 521-8425,,http://www.expertsdeden.ca/,,True,ddd5dde3-0b1d-4385-a827-9235d8375c6e,2026-01-10T13:15:05.113333+00:00,excel_import
Centre De Formation Professionnelle Pozer,training_provider,QC,Saint-Georges,425 16e rue Ouest,G5Y 4W2,(418) 226-2685,cfp.pozer@cssbe.gouv.qc.ca,https://cfppozer.cssbe.gouv.qc.ca/,"Business, IT",True,f175e02a-a3c8-400d-9e3e-34d6572ea8a0,2026-01-10T13:15:05.114612+00:00,excel_import
Centre IntÉGrÉ De Mecanique Industrielle De La ChaudiÈRe (Cimic),training_provider,QC,Saint-Georges,1700 25e Avenue Est,G5Y 8B8,(418) 228-1993,cimic@csbe.qc.ca,https://cimic.cssbe.gouv.qc.ca/,Other,True,9d3897e2-9496-4c92-9798-4848a46a8376,2026-01-10T13:15:05.115938+00:00,excel_import
Centre De Formation En Montage De Lignes,training_provider,QC,Saint-Henri,42 route du Président-Kennedy,G0R 3E0,(418) 834-2463,,http://taformation.ca/cfml,Other,True,6f68ddab-e61b-4c7e-a03d-8633f64a5767,2026-01-10T13:15:05.117178+00:00,excel_import
ÉCole De Naturopathie Du QuÉBec,training_provider,QC,Saint-Hippolyte,250 59e Avenue,J8A 1N9,(514) 585-1991,infocsnq@videotron.ca,http://www.csnq.net/,Other,True,ecc9622a-63d6-4a3d-a7ad-61292bc7ac38,2026-01-10T13:15:05.118399+00:00,excel_import
Exact Air Inc.,training_provider,QC,Saint-Honoré,850 chemin du Volaire,G0V 1L0,(418) 673-3522,info@exactair.ca,https://exactair.ca/,,True,68a65733-1c4d-44be-9cb0-737202e941fd,2026-01-10T13:15:05.119586+00:00,excel_import
Le Yoga Centre,training_provider,QC,Saint-Hyacinthe,201-2954 boulevard Laframboise,J2S 4Z2,,info@leyogacentre.com,https://leyogacentre.com/,,True,5577d2d4-e653-47bb-8cb8-e0b1de805f02,2026-01-10T13:15:05.120766+00:00,excel_import
Institut International D'Anatotherapie,training_provider,QC,Saint-Hyacinthe,15625 avenue Roy,J2T 4B8,(450) 771-2067,,https://www.institut-anatotherapie.com/,,True,801828ab-508c-47db-8340-885f4c5b1efe,2026-01-10T13:15:05.121943+00:00,excel_import
AcadÉMie De L'Aviation De Saint-Hyacinthe Inc.,training_provider,QC,Saint-Hyacinthe,1125 avenue de l'Aéroport,J2S 9A6,(450) 252-8040,sylvainlussier@aash.ca,http://aash.ca/,,True,25543ce5-2243-4dfd-bf1d-bec5e49bcaba,2026-01-10T13:15:05.123098+00:00,excel_import
Groupe Alterna & Co. Inc.,training_provider,QC,Montée du comté,301,,(450) 802-7688,,https://www.groupealternamedic.com/?utm_medium=referral&utm_source=gmb&utm_campaign=lnk-gmb,,True,41bbd312-06ed-451f-977d-744e4feb7a80,2026-01-10T13:15:05.124327+00:00,excel_import
Centre De Formation Des Maskoutains,training_provider,QC,Saint-Hyacinthe,2495 boulevard Laframboise,J2S 4Y1,(450) 771-2930,,https://cea.csssh.gouv.qc.ca/,IT,True,ebbbbba2-5faf-4a78-9221-defb0c8200df,2026-01-10T13:15:05.125687+00:00,excel_import
Espace Ma Yoga S.E.N.C.,training_provider,QC,Saint-Hyacinthe,256 rue St Zotique Est,J2S 1L3,,info@espacemayoga.com,https://espacemayoga.com/,,True,48fe3505-b347-49c3-9f63-6b138132316b,2026-01-10T13:15:05.126955+00:00,excel_import
Institut Vidya,training_provider,QC,Saint-Hyacinthe,2375 avenue Saint Germain,J2S 4A7,(450) 281-1108,francinecauchy@yahoo.ca,http://institutvidya.org/,,True,9b4eb96c-8b22-4c53-86c0-c5e087c15a20,2026-01-10T13:15:05.128141+00:00,excel_import
Centre D'ÉTudes Professionnelles Saint-JÉRome,training_provider,QC,Saint-Jérôme,917 montée Saint-Nicholas,J5L 2P4,(450) 565-0006,,http://www.formationcep.com/,Other,True,0e44480a-651c-4457-b9e3-d1c0ce775cce,2026-01-10T13:15:05.129369+00:00,excel_import
ÉCole De Relations Humaines Et ÉTude Comportementale Du Quebec,training_provider,QC,Saint-Jérôme,2093 boul. Curé-Labelle,J7Y 1S7,(450) 565-0006,,http://www.formationcep.com/,Other,True,4db34041-c689-4722-81f9-fc570b853d18,2026-01-10T13:15:05.130580+00:00,excel_import
L'AcadÉMie De Coiffure Le 584,training_provider,QC,Saint-Jérôme,584 9e rue,J7Z 2Y9,(450) 304-0848,,http://salondecoiffure584.com/,,True,71a1c620-f2b7-4a5e-b481-dbc83ae8fb40,2026-01-10T13:15:05.131778+00:00,excel_import
Formation P.R.H. Inc.,training_provider,QC,Saint-Jérôme,100-227 rue Saint-Georges,J7Z 5A1,(450) 553-5045,,http://formationprh.ca/,Other,True,72af19be-0693-491c-a688-07f0904560b0,2026-01-10T13:15:05.132958+00:00,excel_import
AcadÉMie Conceptuelle,training_provider,QC,Saint-Jérôme,912  montée Ste-Thérèse,J5L 2L1,(514) 267-0236,marketing@podosense.ca,https://podosense.ca/categorie-de-produit/formations-academie-conceptuelle/,"IT, Arts",True,ffb58cf0-d629-43e5-a851-ce2bd50dddaa,2026-01-10T13:15:05.134245+00:00,excel_import
AcadÉMie De RÉFlexologie Corporelle,training_provider,QC,Saint-Jérôme,1007 rue Sylvain,J5L 2L4,(450) 602-7904,,http://reflexologie-corporelle.com/,,True,a9359b59-7156-49a1-9f2d-3c4cf67f958a,2026-01-10T13:15:05.135449+00:00,excel_import
AmÉLio ÉDucation Inc.,training_provider,QC,Saint-Jérôme,2351 boul. du Curé Labelle,J7Y 5E9,(866) 296-6861,,https://amelio.tv/,,True,6d703c06-5da6-4afe-a369-dbcf27fafd14,2026-01-10T13:15:05.136771+00:00,excel_import
Danielle Duceppe O/S ÉTudes FutÉEs,training_provider,QC,Saint-Jérôme,1034 rue de Chambord,J5L 2S7,(514) 842-2112,,https://duceppe.com/,IT,True,03b65ba8-a3d2-4270-9a00-c205b2819e7d,2026-01-10T13:15:05.138054+00:00,excel_import
Pro-Spec Vente Inc.,training_provider,QC,Saint-Jean-sur-Richelieu,C.P. 4001  600 rue Pierre-Caisse,J3A 2B1,(450) 359-3233,,https://prospecvente.com/,,True,9e8873d8-35a7-40a7-a278-95f483015825,2026-01-10T13:15:05.139251+00:00,excel_import
Piani,training_provider,QC,Saint-Jean-sur-Richelieu,240-86 boulevard Saint-Luc,J3A 1G1,(450) 348-0284,,https://piani.ca/,,True,a7790b16-1ac9-41b8-9fd4-5bdaaad27a29,2026-01-10T13:15:05.140429+00:00,excel_import
ÉCole Professionnelle Des MÉTiers - Cs Hautes-RiviÈRes,training_provider,QC,Saint-Jean-sur-Richelieu,100 rue Laurier,J3B 2Y5,(450) 347-3797,epm@cssdhr.gouv.qc.ca,http://epminfo.ca/,Other,True,7800f6f4-c9c3-495c-b027-be8eecf504c3,2026-01-10T13:15:05.141639+00:00,excel_import
Association De La Construction Du QuÉBec - MontÉRÉGie,training_provider,QC,Saint-Jean-sur-Richelieu,1060  rue Bernier,J2W 1X4,(450) 348-6114,info@acq.org,https://www.acq.org/,Security,True,7bd7b44d-bdf5-4675-9582-58bae8f110b4,2026-01-10T13:15:05.142977+00:00,excel_import
Exo Drone MontÉRÉGie,training_provider,QC,Saint-Jean-sur-Richelieu,20-45 chemin de l'Aéroport,J3B 7B5,(450) 664-0505,,http://www.exodrone.com/,Other,True,a36b8f37-3e69-4686-92bc-164f44c3093e,2026-01-10T13:15:05.144332+00:00,excel_import
Skynova Aviation Inc.,training_provider,QC,Saint-Jean-sur-Richelieu,22 chemin de l'Aéroport,J3B 7B5,(514) 633-7186,info@skynovation.com; info@skynovaaviation.com,https://skynovaaviation.com/,"Education, Healthcare, IT, Arts",True,5c768dc6-fe3d-4e8b-9360-29d4c3c6f4d0,2026-01-10T13:15:05.145578+00:00,excel_import
Centre De Formation Des BÃ£Â‚Tisseurs - Saint-Joseph,training_provider,QC,Saint-Joseph-de-Beauce,170 rue du Parc,G0S 2V0,(418) 386-5541 ext. 61300,,https://www.cfbatisseurs.ca/,"Community, Arts",True,6632ff27-4cec-4310-9c32-3101fbf600f9,2026-01-10T13:15:05.146908+00:00,excel_import
ÉCole Porter La Vie,training_provider,QC,Saint-Léonard-d'Aston,254 Rg du Petit-St-Esprit,J0C 1M0,(819) 399-2585,,http://porterlavie.com/,"Arts, Legal",True,724fb2f8-2956-4a44-92c0-c91f2518a688,2026-01-10T13:15:05.148135+00:00,excel_import
Formation J.F. Labrie Inc.,training_provider,QC,Saint-Léonard-d'Aston,254 Rg du Petit-St-Esprit,J0C 1M0,,,,,True,e5267283-f514-4e8f-828f-cfb8408d5dec,2026-01-10T13:15:05.149343+00:00,excel_import
La Maison Des Arts Rive-Sud,training_provider,QC,Saint-Lambert,117-1705 avenue Victoria,J4R 2T7,,,https://maisondesartsrivesud.org/,,True,c4c0d46d-5120-4fd4-a904-6be230f40863,2026-01-10T13:15:05.150531+00:00,excel_import
Luigi Burrogano O/S Centre De SantÉ Holiste Hito,training_provider,QC,Saint-Lambert,770 rue Green,J4P 1W2,(514) 802-4486,,,,True,c7ea578f-3dee-4c86-b319-daabb475f8b0,2026-01-10T13:15:05.151717+00:00,excel_import
Centre De Formation De Montcalm,training_provider,QC,Saint-Lin-Laurentides,570 côte Jeanne,J5M 1Y1,(450) 439-5777,,http://www.centremultiservice.ca/?p1=15,,True,e53debda-6e5a-451d-9555-1dd7dabbb747,2026-01-10T13:15:05.152892+00:00,excel_import
Foxair HÉLiservice-Helico Pro Inc.,training_provider,QC,Saint-Mathieu-de-Beloeil,2343 rue de l'Aéroport,J3G 0C9,(450) 536-0880,info@helicopro.com,http://www.helicopro.com/,"Beauty, Culinary",True,48639765-49ea-438a-95cd-e8f0c4ca8f5e,2026-01-10T13:15:05.154090+00:00,excel_import
A.L.M. Par Avion Inc.,training_provider,QC,Saint-Mathieu-de-Beloeil,2200  rue de l'Aéroport,J3G 0C9,(450) 339-4399,,http://www.almparavion.com/,IT,True,1dffdb54-0882-4324-8886-b70230c69363,2026-01-10T13:15:05.155276+00:00,excel_import
Koptr Image Inc,training_provider,QC,Saint-Mathieu-de-Beloeil,2330 rue de l' Aéroport,J3G 0C9,(450) 813-7733,,,,True,fd9bb095-b945-4707-8a55-54f70b973b65,2026-01-10T13:15:05.156457+00:00,excel_import
CollÈGe D'ÉTudes OstÉOpathiques-QuÉBec,college,QC,Saint-Nicolas,573 rue de Bernières,G7A 1E5,(418) 831-2992,,https://collegeosteo.com/quebec/,IT,True,f8233f3d-0b09-4c66-8314-475a86a24499,2026-01-10T13:15:05.157654+00:00,excel_import
Zone De Mieux En Mieux Inc. Faslrs AcadÉMie De Mieux En Mieux,training_provider,QC,Saint-Ours,3200 chemin Des Patriotes,J0G 1P0,,masso.nathalietouzin@gmail.com; madeleinechenier@gmail.com; elipepin@gmail.com; osteopathiemichelepepin@outlook.com; soniafortier@hotmail.com; helenemaheux3@gmail.com; nicolasmerel.finance@gmail.com,http://www.espacesantemieuxetre.com/,,True,5fb1c417-f243-4c77-be62-5ca659e0f1f6,2026-01-10T13:15:05.158851+00:00,excel_import
Centre D'Anglais Feddersen Inc.,training_provider,QC,Saint-Prosper,2350 24ième Rue,G0M 1Y0,(819) 752-2555,,,,True,b0942a90-6ea6-411a-983a-405654646a0d,2026-01-10T13:15:05.160074+00:00,excel_import
Lucie Gaudreau O/S Centre D'Hypnose ThÉRapeutique- Hypnosis,training_provider,QC,Salaberry-de-Valleyfield,2-2242 Boul. Bord de l'eau,J6S 0K1,,,http://www.luciegaudreau.com/,,True,7d964a8b-18a4-4bdf-9b42-ad7c69382075,2026-01-10T13:15:05.161260+00:00,excel_import
Centre De Formation Professionnelle A.-W. GagnÉ,training_provider,QC,Sept-Iles,9 rue de la Vérendrye,G4R 5E3,(418) 964-2875,,http://cfpsi.ca/,IT,True,8027cd01-e34a-4f74-b218-e236fd44511b,2026-01-10T13:15:05.162475+00:00,excel_import
Yoga SÉRÉNitÉ,training_provider,QC,Shawinigan,560 rue Broadway,G9N 1M3,(819) 944-5685,info@yogaserenite.com,http://www.yogaserenite.com/,,True,ca521856-df73-4706-913b-7e8628733dc0,2026-01-10T13:15:05.163641+00:00,excel_import
AcadÉMie De Formation Naturopathique L.G. Inc.,training_provider,QC,Shefford,72  rue Lafamme,J2M 1X9,(450) 378-1763,,https://centrecosmique.com/,,True,8f6ad986-bf22-41fd-a3af-b3800c9be24d,2026-01-10T13:15:05.164833+00:00,excel_import
Centre Du Mieux-ÊTre Ici Et Maintenant O/S ÉCole Des Cinq ÉLÉMents,training_provider,QC,Shefford,43 rue des Sentiers,J2M 1J5,(450) 812-9971,,,,True,4224a5a2-be81-4fc8-b43a-9ea523e45c84,2026-01-10T13:15:05.166026+00:00,excel_import
Centre De Formation Professionnelle 24-Juin,training_provider,QC,Sherbrooke,639 rue du 24-Juin,J1E 1H1,(819) 822-5420,ditomassoj@cssrs.gouv.qc.ca; 24juin@cssrs.gouv.qc.ca,http://centre24juin.ca/,Business,True,3569eb48-a3e9-4654-b97e-65137a894fa2,2026-01-10T13:15:05.167221+00:00,excel_import
Centre De Formation Professionnelle 24-Juin Pavillon Du Vieux Sherbrooke,training_provider,QC,Sherbrooke,164 rue Wellington Nord,J1H 5C5,(819) 822-5420,ditomassoj@cssrs.gouv.qc.ca; 24juin@cssrs.gouv.qc.ca,http://centre24juin.ca/,Business,True,8f458b87-43f5-42b0-8adc-286c8d6372ee,2026-01-10T13:15:05.168404+00:00,excel_import
Institut International D'Hypnose Spirituelle Inc.,training_provider,QC,Sherbrooke,902-915 rue Bellevue,J1J 3Z2,(819) 640-5552,info@ihgdq.com,https://www.ihgdq.com/,,True,0376c4d4-1cd8-495a-bf0c-74bbaf4ed748,2026-01-10T13:15:05.169567+00:00,excel_import
Centre De Formation Professionnelle 24-Juin Pavillon Des Techniques Industrielles,training_provider,QC,Sherbrooke,2965 boulevard de l'Université,J1K 2X6,(819) 822-5508,ditomassoj@cssrs.gouv.qc.ca; 24juin@cssrs.gouv.qc.ca,https://cssrs.gouv.qc.ca/ecoles-et-centres/formation-professionnelle/centre-de-formation-professionnelle-24-juin,Business,True,21dc30aa-cf08-46eb-a25f-590fb5bea99b,2026-01-10T13:15:05.170770+00:00,excel_import
Institut De Formation En Somato-Psychopedagogie Et Fasciatherapie Du Quebec Inc. - Sherbrooke,training_provider,QC,Sherbrooke,506 rue Bolduc,J1L 1M3,(819) 820-9959,,http://sppquebec.com/,,True,ba3f4a7d-52d1-4a30-b0e6-05a67d77fab6,2026-01-10T13:15:05.171941+00:00,excel_import
"AcadÉMie BeautÉ, Coiffure Et Design De Sherbrooke Inc.",training_provider,QC,Sherbrooke,540  rue Belvédère Sud,J1H 4B5,(819) 346-6666,,https://www.ecoledecoiffureleprive.com/,Beauty,True,489f05d9-e6e2-42c8-ad74-0ca9e63ed168,2026-01-10T13:15:05.173127+00:00,excel_import
Association De La Construction Du QuÉBec - Estrie-,training_provider,QC,Sherbrooke,2925  rue Hertel,J1L 1Y3,(819) 566-7077,info@acqestrie.org,https://www.acq.org/?regionid=966,,True,84584748-d560-46fb-8ef5-663c6dfec050,2026-01-10T13:15:05.174445+00:00,excel_import
Sherbrooke,training_provider,QC,Sherbrooke,2925  rue Hertel,J1L 1Y3,,,http://www.ville.sherbrooke.qc.ca/,,True,0295c264-2fb3-4d2f-9126-a87fa1627ddd,2026-01-10T13:15:05.175604+00:00,excel_import
B-Com Solutions Linguitiques-Marketing Direct,training_provider,QC,Sherbrooke,3845 Lucien-Bédard,J1N 0X9,(819) 566-4961,,https://ideacom.ca/,,True,00b3770c-dd9d-4b9e-b718-8bcc610a54fe,2026-01-10T13:15:05.176773+00:00,excel_import
Centre Libell-Rive Maryse Bergeron,training_provider,QC,Sherbrooke,404-920 rue Émile-Zola,J1L 0C6,(819) 446-1065,,http://www.libell-rive.com/,,True,a443bdd9-8ecd-401e-afdf-56e6a22b59ca,2026-01-10T13:15:05.177943+00:00,excel_import
Lennoxville Vocational Training Centre,training_provider,QC,Sherbrooke,1700 rue College,J1M 0C8,(819) 563-5627,infolvtc@etsb.qc.ca,http://www.lvtc.ca/,"Education, IT",True,471006a7-99af-4f9f-9e82-a81d0cff67c4,2026-01-10T13:15:05.179117+00:00,excel_import
RÉSeau Clic - Sherbrooke,training_provider,QC,Sherbrooke,2144 rue King Ouest #250,J1J 2E8,(819) 822-2542,info@clicserviceslinguistiques.com,http://www.clicserviceslinguistiques.com/,Arts,True,f59a5c9c-22c1-40ca-9c0c-e215781ebdb2,2026-01-10T13:15:05.180285+00:00,excel_import
Institut Coaching International Inc.,training_provider,QC,St-Bruno-de-Montarville,1691 Rue Montarville Suite 104,J3V 3T8,(514) 241-8731,info@icicoaching.com,https://icicoaching.com/,IT,True,5b3b3ed7-4607-4edf-b794-af0590fe50e0,2026-01-10T13:15:05.181469+00:00,excel_import
Yoga Lumiere,training_provider,QC,St-Bruno-de-Montarville,1691 Rue Montarville Suite 104,J3V 3T8,(450) 441-7089,centreyogalumiere@gmail.com,http://www.yogalumiere.com/,,True,dfc0fbf9-1ebd-46ca-8295-fd85071fd4b6,2026-01-10T13:15:05.182626+00:00,excel_import
"Ecole Traditionnelle De Yoga, Anouk Thibault",training_provider,QC,St-Raymond,211 Chemin du Lac Rita,G3L 3H2,(418) 337-2202,,http://www.vini-yoga.net/,,True,bfc8227a-3038-4b62-a6df-f1efa0744651,2026-01-10T13:15:05.183978+00:00,excel_import
Sois Yoga,training_provider,QC,Terrebonne,1550 rue Godard,J6X 2A3,(438) 763-3815,,https://soisyoga.com/,Other,True,86a605df-d0a0-4bb6-8fbb-34d1912dbb5a,2026-01-10T13:15:05.185244+00:00,excel_import
Centre De Formation 3L,training_provider,QC,Terrebonne,103-2500 boulevard des Entreprises,J6X 4J8,(514) 770-1156,info@centredeformation3l.ca; info@centredeformation3l.com,https://www.centredeformation3l.com/,,True,799f3629-7513-459c-b579-f51ea9f9414f,2026-01-10T13:15:05.186583+00:00,excel_import
Centre De Formation Professionnelle Des Moulins,training_provider,QC,Terrebonne,2525 boul. des Entreprises,J6X 4J9,(450) 492-3551,,https://www.cfpmoulins.qc.ca/,IT,True,cc5b1f6f-7afd-4b17-8a19-173d7bedc8e2,2026-01-10T13:15:05.188081+00:00,excel_import
Tandem Coaching,training_provider,QC,Terrebonne,300-1282 rue Rodrigue,J7M 0H2,(438) 883-9829,apicard1@me.com,https://www.asccoaching.com/,IT,True,e46d62e4-a0b6-4cb2-b2e8-38feb0f8deb6,2026-01-10T13:15:05.189456+00:00,excel_import
ÉCole De Formation Christina Sergi,training_provider,QC,Terrebonne,614 Croissant de la Seigneurie,J6W 3K5,,,,,True,bca48e11-1fd4-4eb0-954d-2ee8870f4383,2026-01-10T13:15:05.190793+00:00,excel_import
Studio Bhuta Yoga Inc.,training_provider,QC,Terrebonne,1341 rue Grande Allée #202,J6W 4E1,(450) 824-9642,,http://www.bhutayoga.ca/,,True,406e4e5f-749f-4c91-bf9d-0644f6b978fe,2026-01-10T13:15:05.192012+00:00,excel_import
Centre De Services Scolaire Des Appalaches O/S Centre De Formation Professionnelle Le Tremplin,training_provider,QC,Thetford Mines,650 rue Lapierre,G6G 7P1,(418) 335-2921,tremplincsa@csappalaches.qc.ca,http://www.cfpletremplin.com/,"Business, IT, Arts",True,0a3cb45e-656e-4c27-af34-afaf57b5f967,2026-01-10T13:15:05.193222+00:00,excel_import
Centre De Formation Professionnelle De Black Lake,training_provider,QC,Thetford Mines,499 rue St-Désiré,G6H 1L7,(418) 335-2921,tremplincsa@csappalaches.qc.ca,http://www.cfpletremplin.com/,"Business, IT, Arts",True,0edee6d3-2543-4387-a145-dd621c53c8a5,2026-01-10T13:15:05.194423+00:00,excel_import
Centre De Formation Professionnelle Qualitech,training_provider,QC,Trois-Rivières,500 rue des Érables,G8T 9S4,(819) 373-1422,,https://csscdr.gouv.qc.ca/formation-professionnelle-et-continue/formation-professionnelle-qualitech/,IT,True,8c7746dc-70ed-45e4-ba5d-a177a0a3c60a,2026-01-10T13:15:05.195662+00:00,excel_import
Synergie Plumes Et Poils,training_provider,QC,Trois-Rivières,1194 boul. Thibeau,G8T 9S6,(819) 841-2728,info@synergiepp.com,https://www.synergiepp.com/,Other,True,eba3ca4d-b352-41a6-a76d-6e531a37eee5,2026-01-10T13:15:05.196887+00:00,excel_import
Centre De Formation Professionnelle En Relation D'Aide De Trois-RiviÈRes,training_provider,QC,Trois-Rivières,1220 rue Lepage,G8V 1R3,(819) 371-9474,,,,True,e4c15693-ca1a-4dfa-bf04-31cd18288ad2,2026-01-10T13:15:05.198115+00:00,excel_import
Centre De Formation Professionnel Bel-Avenir,training_provider,QC,Trois-Rivières,1600 boulevard des Récollets,G8Y 0K4,(819) 691-3366,,https://csscdr.gouv.qc.ca/formation-professionnelle-et-continue/formation-professionnelle-bel-avenir/,IT,True,3635077a-6f29-4268-bdf9-4b2bdc1628a3,2026-01-10T13:15:05.199325+00:00,excel_import
Guy Duval Inc.,training_provider,QC,Trois-Rivières,7195 Boulevard des Forges,G8Y 1Y8,(819) 376-1545,,http://www.guyduval.com/,,True,39a815c5-93fa-4a57-8d1e-0e9ad6f8cc91,2026-01-10T13:15:05.200534+00:00,excel_import
RÉSeau Clic - Trois-RiviÈRes,training_provider,QC,Trois-Rivières,202-4825 boulevard des Forges,G8Y 4Z3,(877) 552-6483,hdeha@clicnetwork.com,https://clicnetwork.com/,IT,True,9ac39cef-5ca4-4ac1-bfe3-0673fec1f2e0,2026-01-10T13:15:05.201820+00:00,excel_import
College Lafleche,college,QC,Trois-Rivières,1687 boulevard du Carmel,G8Z 3R8,(819) 375-7346,college@clafleche.qc.ca; isabelle.boies@clafleche.qc.ca,https://www.clafleche.qc.ca/,IT,True,80202c64-275d-4b52-9b04-37ca27d2978e,2026-01-10T13:15:05.202927+00:00,excel_import
ÉCole Du Routier G.C. Inc.,training_provider,QC,Trois-Rivières,2220 rue Louis Allyson,G8Z 4P3,(819) 379-9209,coordonnatrice@ergc.ca,http://www.ergc.ca/,Education,True,79efa974-3998-4cbe-a1ea-011354997e16,2026-01-10T13:15:05.204318+00:00,excel_import
Ecole De Pilotage Evolution Inc.,training_provider,QC,Trois-Rivières,3005 rue Lindbergh,G9B 2N9,(819) 500-3912,info@pilotageevolution.com,http://www.pilotageevolution.com/,,True,72f293d2-7927-4875-919a-d60b914e1d69,2026-01-10T13:15:05.205603+00:00,excel_import
QuÉBec Yoga Mandiram,training_provider,QC,Trois-Rivières,6-10301 chemin Ste-Marguerite,G9B 6M6,(819) 377-1315,info@quebecyogamandiram.com,http://www.quebecyogamandiram.com/,Education,True,e4453506-1587-4600-be57-c02331264c32,2026-01-10T13:15:05.206840+00:00,excel_import
Association De La Construction Du QuÉBec - Mbfl Centre Du QuÉBec,training_provider,QC,Trois-Rivières,100-2575  rue de l'Industrie,G8Z 4T1,(819) 374-1465,info@acq.org,https://www.acq.org/,Security,True,e87b448b-cede-4f94-98ab-bc9c9f9b95ea,2026-01-10T13:15:05.208044+00:00,excel_import
Attraction Pnl,training_provider,QC,Trois-Rivières,2929 boulevard des Forges,G8Z 1V3,(819) 696-1044,,http://www.attraction-pnl.com/,Other,True,533fdd86-b966-4059-a4ea-731c5fe1d856,2026-01-10T13:15:05.209236+00:00,excel_import
Centre De Services Scolaire Du Chemin-Du-Roy,training_provider,QC,Trois-Rivières,41 Rue Bellerive,G8T 6J4,(819) 379-6565,,https://csscdr.gouv.qc.ca/,IT,True,0e827052-3889-49ec-8ac7-9351a0a8947e,2026-01-10T13:15:05.210463+00:00,excel_import
Coop L'Anglais À La Carte,training_provider,QC,Trois-Rivières,320-835 boulevard des Récollets,G8Z 3W6,(819) 698-7223,,,,True,e8d433b5-d342-4a9e-9f23-d67abfa65ac0,2026-01-10T13:15:05.211641+00:00,excel_import
ÉCole Professionnelle D'Hypnose ThÉRapeutique Et MÉDicale Du Canada,training_provider,QC,Trois-Rivières,3481 rue Ludger-Duvernay,G8Z 1K6,(819) 665-0299,,http://www.ecolehypnose.ca/,Other,True,f038e58d-345d-4c49-8ebd-ea329b6428bd,2026-01-10T13:15:05.212894+00:00,excel_import
FÉDÉRation QuÉBÉCoise Des MunicipalitÉS (Fqm),training_provider,QC,Trois-Rivières,3481 rue Ludger-Duvernay,G8Z 1K6,(418) 651-3343,info@fqm.ca,https://fqm.ca/,IT,True,1f329f76-5e16-4f32-94cf-e16d3f8a76ba,2026-01-10T13:15:05.214081+00:00,excel_import
Centre De Formation Professionnelle Val-D'Or,training_provider,QC,Val-d'Or,700 Boulevard des Pins,J9P 0M4,(819) 825-6366,,https://cfpvaldor.ca/,Other,True,f113f2a7-d1ac-4eed-bb18-25c50a6c3f6a,2026-01-10T13:15:05.215271+00:00,excel_import
ÉCole De Pilotage De L'Abitibi-TÉMiscaminque Inc.,training_provider,QC,Val-d'Or,2-42 7 Rue,J9P 4P6,(819) 797-6010,,https://www.ecoleaviation.com/,,True,5b38a036-e693-4926-bf3d-39da43260246,2026-01-10T13:15:05.216465+00:00,excel_import
ÉCole De MassothÉRapie Coeur De L'Abitibi,training_provider,QC,Val-d'Or,146 rue Marcoux,J9P 6L2,(819) 856-9015,billrej@hotmail.com,http://ecolemassotherapieabitibi.ca/,IT,True,33709b4a-dd85-465b-9213-e0c8247490ac,2026-01-10T13:15:05.217649+00:00,excel_import
AcadÉMie Arts & Beaux-Arts,training_provider,QC,Varennes,102-2100  boulevard René-Gaultier,J3X 1P1,(450) 652-3533,,,,True,988abf37-de5c-4e92-83c8-97e9cd04012a,2026-01-10T13:15:05.218835+00:00,excel_import
Centre De Formation Professionnelle Paul-GÉRin-Lajoie,training_provider,QC,Vaudreuil-Dorion,Pavillon B  400 avenue St-Charles,J7V 6B1,(514) 477-7020,,https://csstl.gouv.qc.ca/paul-gerin-lajoie/,IT,True,81a6fe08-8605-43f7-bd3c-df568ab72155,2026-01-10T13:15:05.220021+00:00,excel_import
AcadÉMie De RÉFlexologie Cranio-SacrÉE QuÉBec,training_provider,QC,Vaudreuil-Dorion,1-100  boulevard Harwood,J7V 1X9,(450) 218-1911,izreflex@videotron.ca,https://izreflex.ca/,"Education, IT",True,c32016f7-de9d-41b8-aa36-bc6e8f0155d9,2026-01-10T13:15:05.221210+00:00,excel_import
ÉCole De Voyage La Valise À Florence,training_provider,QC,Verchères,500 rue Marie-Victorin,J0L 2R0,(450) 849-1489,,http://voyagesflorence.com/,,True,c4c4290e-29ba-44d7-afb2-062d16881732,2026-01-10T13:15:05.222415+00:00,excel_import
Centre De Formation Professionnelle Vision 2020 - Victoriaville,training_provider,QC,Victoriaville,595 rue Notre-Dame Est,G6P 4B2,(819) 751-2020,admissionfp@csbf.qc.ca,http://tondep.com/,Healthcare,True,2e9fd2ba-c22b-4f01-9c12-aced1604c08b,2026-01-10T13:15:05.223623+00:00,excel_import
Centre RÉGional De Formation De Victoriaville,training_provider,QC,Victoriaville,175 boul. des Bois-Francs Sud,G6P 4S5,(819) 752-7676,trecarre@cssbf.gouv.qc.ca,https://www.cssbf.gouv.qc.ca/ecole/centre-de-formation-professionnelle-le-trecarre/,IT,True,5709bc5c-1ce6-431b-a7e1-340941ffee9f,2026-01-10T13:15:05.224832+00:00,excel_import
CollÈGe D'OstÉOpathie De Sherbrooke,college,QC,Victoriaville,89 Dunant,G6P 1Z6,(819) 993-7721,,http://collegeosteopathiesherbrooke.com/,Other,True,166f6954-606c-4bf5-a8b7-cabe29a06b59,2026-01-10T13:15:05.226088+00:00,excel_import
Centre Psycho-Solutions,training_provider,QC,Wendake,415 rue Chef Maurice-Sébastien,G0A 4V0,(418) 843-2970,,http://www.psycho-solutions.qc.ca/,,True,3a61dae4-5d3d-499c-9d55-7e01788ed6a4,2026-01-10T13:15:05.227300+00:00,excel_import
FÉDÉRation Des MÉDecins Omnipraticiens Du QuÉBec,training_provider,QC,Westmount,2000-3500 boul. de Maisonneuve Ouest,H3Z 3C1,(514) 878-1911,,http://www.fmoq.org/,"IT, Security, Legal",True,15222a61-3d3d-4c58-8d8c-ec9f99f592a6,2026-01-10T13:15:05.228496+00:00,excel_import
Ics Canada Operations Ltd.,training_provider,QC,Westmount,610-245 Victoria Avenue,H3Z 2M6,(514) 482-6951,,https://www.icslearn.ca/,"Education, Healthcare, Business, IT",True,2739f47c-9516-448d-a7e9-7f6c62488a8f,2026-01-10T13:15:05.229705+00:00,excel_import
18-Wheels Training Services,training_provider,SK,Regina,435 Longman Crescent,S4N 6G3,(306) 352-1818,admin.18wheels@sasktel.net,http://18-wheels.ca/,"Education, IT, Logistics",True,dd42ebd0-e461-41fe-8f48-ff1736d1cfb6,2026-01-10T13:15:05.230623+00:00,excel_import
Academy Of Learning College - North Battleford,college,SK,North Battleford,1492-105 Street,S9A 1T3,(306) 480-4190,,http://www.academyoflearning.com/locations_saskatchewan_north_battleford.html,"Education, Healthcare, Business, IT",True,ff22e2f9-dbaf-4323-be11-acd4956636a8,2026-01-10T13:15:05.231543+00:00,excel_import
Ace Truck Driver Training Ltd.,training_provider,SK,Saskatoon,2189 Easthill Street,S7J 3C8,(306) 374-8464,admin@acetruck.ca,http://www.acetruck.ca/,"Education, IT, Logistics",True,1f67cb9d-f83b-402f-935e-758e9e88e0af,2026-01-10T13:15:05.232448+00:00,excel_import
Advanced 1A Training Center,training_provider,SK,Swift Current,811 Chaplin Street East,S9H 1J6,(306) 774-4557,,http://advanced1a.ca/,,True,8740ff46-cdfc-44ec-a553-0396ba30d848,2026-01-10T13:15:05.234887+00:00,excel_import
Overdrive Truck Driver Training,training_provider,SK,Saskatoon,RR #2 Station Main,S7K 3J5,(306) 222-7485,info@overdrivetraining.ca,https://www.overdrivetraining.ca/,"Education, Healthcare, IT, Logistics",True,922d6cc5-34c6-4f73-85c3-c690fa8e8db2,2026-01-10T13:15:05.235826+00:00,excel_import
Axiom Career College Inc.,college,SK,Saskatoon,1-2345 Avenue C North,S7L 5Z5,(306) 952-0509,admin@axiomcareercollege.com,https://www.axiomcareercollege.com/,"Education, Healthcare, Community, Business, IT, Beauty",True,f9c53e67-58af-4d69-8cbd-fa77e35e6ffc,2026-01-10T13:15:05.236750+00:00,excel_import
Class 1A Safety Instruction Center Ltd.,training_provider,SK,Saskatoon,2324 Faithfull Ave,S7K 1V1,(306) 933-2676,class1a@shaw.ca; class1aadmin@shaw.ca,https://www.class1a.ca/,"Education, Healthcare, IT, Logistics",True,42b24e22-b8f1-47db-bbda-6254619ff47d,2026-01-10T13:15:05.237689+00:00,excel_import
Dance Class Saskatoon,training_provider,SK,Saskatoon,137-825 Heritage Green,S7h 5S7,(306) 381-4710,,https://dancedynamicsyxe.wordpress.com/,,True,972abe5b-629c-43e8-a8b1-d8c3cefae3e7,2026-01-10T13:15:05.238570+00:00,excel_import
Ds 1A Training,training_provider,SK,Humboldt,36342 Range Road 2211,S0K 2A0,(306) 369-7901,emaurri@qode.com; topnotch1a@sasktel.net,https://topnotch1atraining.com/,"Education, IT",True,4dbd47d8-cedc-47a2-8966-e4ec918e3174,2026-01-10T13:15:05.239476+00:00,excel_import
Elite Hairstyling & Esthetics Training Center,training_provider,SK,Moose Jaw,228 2nd Avenue NW,S6H 7R1,(306) 972-9001,,http://www.elitetrainingcenter.ca/,"Education, IT, Beauty, Arts",True,ec6475fd-fad7-4967-b019-a22cf49c5171,2026-01-10T13:15:05.240360+00:00,excel_import
Eternal Beauty Corp,training_provider,SK,Regina,1221 Osler Street,S4R 1W4,(306) 757-8239,,https://eternalbeautysk.ca/,"Education, Healthcare, IT, Beauty, Arts",True,7dac7437-ff67-4afd-ae2d-dc2c6bad7ab9,2026-01-10T13:15:05.241235+00:00,excel_import
Global Infobrokers Inc.,training_provider,SK,Saskatoon,131 Wall Street,S7K 6C2,(306) 664-0500,info@globalinfobrokers.ca,https://praxisschools.ca/entrepreneurship/,"Education, Healthcare, Business, IT, Arts",True,d9bd6b9f-d502-47fb-9d1e-36ddd4eae6b3,2026-01-10T13:15:05.242202+00:00,excel_import
Globe Theatre Conservatory,training_provider,SK,Regina,1801 Scarth Street,S4P 2G9,(306) 525-6400,,http://globetheatrelive.com/,"Education, IT, Arts",True,990563d8-0861-49da-8972-6fea453eec6f,2026-01-10T13:15:05.243213+00:00,excel_import
High Grade Truck Driving Ltd.,training_provider,SK,Battleford,P.O. Box 1078,S0M 0E0,(306) 441-9650,highgradetruckdriving@hotmail.ca,https://www.highgradetruckdriving.ca/?utm_source=google&utm_medium=gmb,"Education, Healthcare, IT, Logistics",True,0511f8ea-e92a-49f6-a90c-3e0ea0d3e86b,2026-01-10T13:15:05.244335+00:00,excel_import
Hopfe Training Centre Inc.,training_provider,SK,Lang,400 Victoria Street,S0G 2W0,(306) 552-9199,Office.HopfeTC@gmail.com; hopfetc@gmail.com,https://www.hopfetrainingcentre.ca/,"Education, IT, Logistics, Arts",True,dd628dd9-7b74-44d0-84c7-89ea5eece760,2026-01-10T13:15:05.245553+00:00,excel_import
Ignite Adult Learning Corporation,training_provider,SK,Regina,103 - 1112 Winnipeg Street,S4R 1J6,(306) 522-4493,info@ignite.ca,http://www.ignite.ca/,"Education, IT",True,ab2dd307-b6ba-48ed-b7ad-1d075dd76d7f,2026-01-10T13:15:05.246772+00:00,excel_import
Maximum Training For The Trucking Industry Ltd.,training_provider,SK,Saskatoon,400 Cory Road,S7K 3J7,(306) 931-7638,,http://maximumtraining.ca/,"Education, Business, IT, Arts",True,37ecea00-a20e-460c-a808-e983f7afb055,2026-01-10T13:15:05.247931+00:00,excel_import
Miccar Aerial Ltd.,training_provider,SK,Yorkton,1 Airport Drive,S3N 2V6,(306) 786-3345,,http://miccaraerial.com/,"Education, IT",True,1f58ece0-5991-4aa3-81d2-90f04cdd5338,2026-01-10T13:15:05.249122+00:00,excel_import
Battlefords Air,training_provider,SK,North Battleford,Box 1330 Station Main,S9A 3L8,(306) 445-3099,accounting@batairspray.com,http://www.batairspray.com/,"Education, IT",True,4336f2b2-22d9-40c1-8a83-57c61b90c595,2026-01-10T13:15:05.250267+00:00,excel_import
Neway Driving School Ltd.,training_provider,SK,Regina,2624 Makowsky Cres,S4X 0M8,(306) 316-0535,info@newaydrivingschool.ca,https://www.newaydrivingschool.ca/,"Education, Healthcare, IT, Arts",True,370f02d9-42fc-4db1-9a95-029e79dc24cd,2026-01-10T13:15:05.251415+00:00,excel_import
Practicum Training Institute Inc.,training_provider,SK,Saskatoon,1624-33rd Street West,S7L 7M6,(306) 955-0079,ptiheotraining@outlook.com,http://www.practicumtraininginstitute.ca,"Education, IT, Manufacturing",True,6b95157e-4f3e-4f19-a550-9f20486c1d2a,2026-01-10T13:15:05.252565+00:00,excel_import
Professional Institute Of Massage Therapy,training_provider,SK,Saskatoon,485 - 1st Avenue North,S7K 1X5,(306) 955-5833,saskatoon@pimtmassage.com,https://pimtmassage.com/,"Education, IT, Beauty",True,aa7e2bab-16d5-4586-95b6-caf95ec45a52,2026-01-10T13:15:05.253752+00:00,excel_import
Saskatchewan Apprenticeship & Trade Certification Commission,training_provider,SK,Regina,2140 Hamilton Street,S4P 2E3,(306) 787-2444,,https://saskapprenticeship.ca/,"Education, Trades, IT",True,68dadcb2-f2f4-4dac-b4d9-3b1ac9e58e37,2026-01-10T13:15:05.254959+00:00,excel_import
Saskatchewan Food Industry Development Centre Inc.,training_provider,SK,Saskatoon,2335 Schuyler Steet,S7M 5V1,(306) 933-7555,info@foodcentre.sk.ca,https://foodcentre.sk.ca/,"Education, IT, Culinary",True,34d24ff3-52a7-42d4-a1a8-7c9092b90571,2026-01-10T13:15:05.256119+00:00,excel_import
Skate Regina,training_provider,SK,Regina,4927 Helmer Place,S4X 4R8,(306) 780-9245,,https://skatecanadasaskatchewan.com/,Other,True,40c8d078-9b6a-457a-ba98-09c6577b5b6f,2026-01-10T13:15:05.257286+00:00,excel_import
Skyways Truck Driving School,training_provider,SK,Zehner,2110 Winnipeg St. North,S0G 5K0,(306) 999-1777,info@skywaystrucking.ca,http://www.skywaystrucking.ca/,"Education, Business, IT, Logistics",True,80fd4209-7f65-4d7f-a814-e6ce3b86f8df,2026-01-10T13:15:05.258432+00:00,excel_import
Supply Chain Management Association Saskatchewan,training_provider,SK,Saskatoon,208-3521 8th Street East,S7H 0W5,(306) 653-8899,,http://supplychaincanada.com/,"Education, Healthcare, IT, Logistics, Arts",True,72ce8976-9a02-47fa-a461-7d63ba1ce838,2026-01-10T13:15:05.259612+00:00,excel_import
Susan Kesler'S Make-Up Academy,training_provider,SK,Saskatoon,243 Perreault Crescent,S7K 6B1,(306) 382-8076,,http://www.susankesler.com/,,True,ad894390-8fa8-4658-b91f-13d1a7b07921,2026-01-10T13:15:05.260737+00:00,excel_import
The Institute Of Chartered Professional Accountants Of Sk,training_provider,SK,Regina,101-4581 Parliament Avenue,S4W 0G3,(306) 359-0272,info@cpask.ca,https://www.cpask.ca/,"Education, Trades, Business, IT",True,c488fc03-cbcc-4939-858f-a59ad9e9bc1f,2026-01-10T13:15:05.261869+00:00,excel_import
The Lung Association Of Saskatchewan Inc.,training_provider,SK,Saskatoon,2308 Arlington Avenue,S7J 3L3,(306) 343-9511,info@lungsask.ca; mediainquiries@lungsask.ca,http://www.lungsask.ca/,"Education, Community, IT",True,23f58b9f-e554-436d-b65c-1a5ba847e3f3,2026-01-10T13:15:05.263048+00:00,excel_import
The Recording Arts Institute Of Saskatoon,training_provider,SK,Saskatoon,1926 Alberta Avenue,S7K 1R9,(306) 292-6744,,https://rais.ca/,"Education, IT, Arts",True,74107bdb-1a34-4507-a7e5-f5fab082c137,2026-01-10T13:15:05.264218+00:00,excel_import
Timeless Instruments,training_provider,SK,Tugaske,341 Bison Street,S0H 4B0,(888) 884-2753,david@timelessinstruments.com,http://www.timelessinstruments.com/,"Education, IT, Arts",True,97b30299-75c0-451e-90ec-71e0c2f67962,2026-01-10T13:15:05.265355+00:00,excel_import
Total Truck Training,training_provider,SK,Rosthern,908 Roth Terrace,S0K 3R0,(306) 232-9077,totaltraining@sasktel.net,http://www.totaltrucktraining.com/,"Education, IT, Logistics",True,a7caf450-b2a2-45a7-b68e-798af16cd7e9,2026-01-10T13:15:05.266486+00:00,excel_import
U-Drive Tractor/Trailer Training Ltd.,training_provider,SK,Yorkton,23 Stewart Crescent,S3N 3J4,(306) 786-6600,,,,True,ef5d5b4e-695c-4734-a036-b922b906c574,2026-01-10T13:15:05.267677+00:00,excel_import
Western Academy Broadcasting College Ltd.,college,SK,Saskatoon,1222 Alberta Avenue,S7K 1R4,(306) 665-1771,wabc@shaw.ca,http://www.wabcwesternacademy.com/,"Education, IT, Manufacturing",True,98d758cc-b93f-4d0f-aaff-1bc6908d43aa,2026-01-10T13:15:05.268809+00:00,excel_import
Apex Academy Of Professional Grooming And Animal Arts,training_provider,SK,Regina,1180 Winnipeg Street,S4R 1J6,(306) 533-9155,zzgroom@sasktel.net,https://www.zoomzoomgroom.com/,"Education, IT",True,69fa12ca-8822-4214-afc7-b6bcd08e6507,2026-01-10T13:15:05.269931+00:00,excel_import
National Helicopters Inc.,training_provider,ON,Kleinburg,11339 Albion Vaughan Road,L0J 1C0,(905) 893-2727,,http://nationalhelicopters.com/index.html,,True,25f06747-faa8-486c-9b74-7c38658e79ca,2026-01-10T13:15:05.271043+00:00,excel_import
National Helicopters Inc.,training_provider,ON,Kleinburg,11339 Albion Vaughan Road,L0J 1C0,(905) 893-2727,,http://nationalhelicopters.com/index.html,,True,493c278c-3db9-466d-84bc-0a2b7858ef68,2026-01-10T13:15:05.272145+00:00,excel_import
Vital Ki Institute Inc.,training_provider,ON,Kleinburg,33 Nashville Road,L0J 1C0,,,http://www.vitalki.com/,"Education, Healthcare, IT, Manufacturing",True,c836a7b1-cc83-4876-be82-ee0519eb6c85,2026-01-10T13:15:05.273272+00:00,excel_import
"5Th Wheel Training Institute Inc. - New Liskeard, On",training_provider,ON,New Liskeard,536 Brazeau Boulevard,P0J 1P0,888-818-4487,,https://5thwheeltraining.com/,"Education, IT, Childcare, Logistics, Manufacturing",True,ff5f8c40-6413-419e-8edf-b3014af44b19,2026-01-10T13:15:05.274421+00:00,excel_import
Ontario Fire Academy,training_provider,ON,Orangeville,207239 Highway 9,L9W 6J1,(519) 943-1224,,https://ontariofireacademy.com/,"Education, IT, Childcare",True,d012d8cf-fb64-4a24-9c75-f89bf0ba58e8,2026-01-10T13:15:05.275554+00:00,excel_import
Zavcor Training Academy,training_provider,ON,Stevensville,3650 Eagle Street,L0S 1S0,(289) 273-5863,,http://www.zavcortrainingacademy.com/,"Education, IT, Logistics",True,37be3abe-6d58-4df1-b8e2-05daee34358e,2026-01-10T13:15:05.276660+00:00,excel_import
"H&R Block Canada Inc., Yonge St., Thornhill",training_provider,ON,Thornhill,8199 Yonge Street,L3T 2C6,(905) 707-7785,,https://www.hrblock.ca/stores/8199-yonge-st/,,True,ed328e20-eb90-4af9-b1e5-b185450e202f,2026-01-10T13:15:05.277782+00:00,excel_import
Pureland International Qi Gong,training_provider,ON,Thornhill,355-8171 Yonge Street,L3T 2C6,,info@trilliumcollege.ca,https://purelandqigong.com/,"Education, Healthcare, IT, Arts",True,5358f937-6a43-4562-ae88-5f084e2be09d,2026-01-10T13:15:05.278923+00:00,excel_import
Tricare Academy Inc.,training_provider,ON,Thornhill,202-72 Steeles Avenue West,L4J 1A1,(905) 889-3216,,http://www.tricareacademy.com/,"Education, IT",True,0b721fd4-e344-4267-897b-f6454e3ff652,2026-01-10T13:15:05.280046+00:00,excel_import
Canadian Technology College,college,ON,Toronto,305-2727 Steeles Avenue West,M3J 3G9,14166630665,tta@cogeco.net; trucktrainingacademy@cogeco.net,https://www.canadianctb.ca/,"Education, Business, IT, Security",True,f0c0b92e-f405-455b-a35c-efbaff413069,2026-01-10T13:15:05.281165+00:00,excel_import
Toronto Truck Driving School - Toronto,training_provider,ON,Toronto,225 Claireport Crescent,M9W 6P7,(416) 675-7500,,https://www.torontotruckdrivingschool.com/,"Education, Healthcare, IT, Arts",True,cd41fb1c-9ac1-4ce1-85e6-c487677a27d9,2026-01-10T13:15:05.282296+00:00,excel_import
Canadian Beauty College - Vaughan,college,ON,Vaughan,205-2700 Steeles Avenue West,L4K 3C8,14169019422,,http://www.canadianbeautycollege.com/toronto-campus/?,"Education, Healthcare, IT, Beauty",True,db818fa5-f031-4adf-aa24-6a778c26eb07,2026-01-10T13:15:05.283423+00:00,excel_import
Mearie Management Inc.,training_provider,ON,Vaughan,1100 - 3700 Steeles Avenue West,L4L 8K8,(905) 265-5300,info@smart285.ca,https://secure3.mearie.ca/contact-us,"Education, Trades, IT, Real Estate",True,4d8d804a-9d2b-49e5-9613-e7c1989cd471,2026-01-10T13:15:05.284576+00:00,excel_import
Professional Director Inc.,training_provider,ON,Acton,243 Main Street,L7J 1W7,(519) 853-3500,,http://www.pflcpa.ca/,,True,551fc581-967f-4480-9e7a-8bb559ca3dd3,2026-01-10T13:15:05.285680+00:00,excel_import
Professional Golfers' Association Of Canada (Pga),training_provider,ON,Acton,13450 Dublin Line,L7J 2W7,(519) 853-5450,,http://www.pgaofcanada.com/,Education,True,8146302d-1b62-4f5a-bc99-e0e556a5b78e,2026-01-10T13:15:05.286773+00:00,excel_import
Erptek Consulting Inc.,training_provider,ON,Ajax,2357 Greenwood Road,L1T 4S5,416-855-4042,InfoLine@payroll.ca,https://www.erptek.com/,"Education, Business, IT",True,d82424bb-7659-49c6-8365-45dd794efdf7,2026-01-10T13:15:05.287704+00:00,excel_import
Institute Of Municipal Assessors,training_provider,ON,Aurora,205-16 Industrial Parkway South,L4G 0R4,(905) 884-1959,,https://theima.ca/,,True,3d3db30b-1c61-4ddb-8e52-606507566132,2026-01-10T13:15:05.288562+00:00,excel_import
Tri-County Vocational Driver Training Schools Inc.,training_provider,ON,Ayr,480 Waydom Drive,N0B 1E0,(519) 653-1700,,,,True,ba20744e-8a60-4371-a185-d66ebeef4461,2026-01-10T13:15:05.289410+00:00,excel_import
Mariposa School Of Skating Ltd.,training_provider,ON,Barrie,190 Bayview Drive,L4M 4T7,(705) 721-1223,info@scholarsdental.com,https://skatemariposa.com/,"Education, Business, IT, Arts",True,243afd0c-6e1f-46a9-a5e0-9467eb141ff9,2026-01-10T13:15:05.290262+00:00,excel_import
Progressive Training College Of Buisiness & Health,college,ON,Barrie,106-136 Bayfield Street,L4M 3B3,(888) 711-3271,iit@iitravel.com,http://www.ptcollege.com/,"Education, Healthcare, Business, IT, Arts",True,d2a811c9-4844-4000-8ee8-d3e254e0c72b,2026-01-10T13:15:05.291132+00:00,excel_import
Transport Training Centres Of Canada Inc. - Barrie,training_provider,ON,Barrie,40 Alliance Boulevard,L4M 5K3,(705) 734-1172,,https://ttcc.ca/barrie,"Education, Healthcare, IT, Logistics",True,cb60b4ad-e1d6-42f8-8d02-e5f75590ede4,2026-01-10T13:15:05.291982+00:00,excel_import
Loyola Community Learning Centre - Belleville,training_provider,ON,Belleville,250 Sidney Street,K8P 3Z3,(613) 966-9210,support@remic.ca,http://www.loyolalearning.ca/,"Education, Healthcare, Community, IT",True,81c53016-622e-4145-872b-532f0078b2af,2026-01-10T13:15:05.293033+00:00,excel_import
Quinte Ballet School Of Canada,training_provider,ON,Belleville,196 Palmer Road,K8P 4E1,(613) 962-9274,,http://www.quinteballetschool.com/,"Education, IT, Arts",True,abd699a9-44a3-449d-8def-6c236993a91f,2026-01-10T13:15:05.294103+00:00,excel_import
Transport Training Centres Of Canada Inc. - Belleville,training_provider,ON,Belleville,312-100 Bell Blvd,K8P 5L2,(613) 771-0973,,http://www.ttcc.ca/belleville,"Education, Healthcare, IT, Logistics",True,26ad5495-8026-4951-9573-66e8cea64a17,2026-01-10T13:15:05.295055+00:00,excel_import
Holt Reflexology School Inc.,training_provider,ON,Bolton,99 Taylorwood Avenue,L7E 1J3,(905) 857-5454,info@olservice.ca,https://olservice.ca,,True,6ed7815d-07e0-4a04-8ee3-bd326848c4fb,2026-01-10T13:15:05.296142+00:00,excel_import
Aitas Japanese Language School,training_provider,ON,Toronto,202 - 112 Elizabeth St. at CES Toronto,,416-926-0712,,https://www.aitas.ca/,,True,f5a6322f-2a48-4e59-9525-5d266b76d251,2026-01-10T13:15:05.297020+00:00,excel_import
Best Canadian Truck And Forklift Training Centre,training_provider,ON,Brampton,B-27 Edvac Drive,L6S 5X8,19057997333,,http://www.bestcanadiantraining.com/,"Education, IT, Logistics",True,985d832e-b706-413d-ac62-29e4454c77d2,2026-01-10T13:15:05.297902+00:00,excel_import
Tony Bosco School Of Machining,training_provider,ON,Brampton,87 Glidden Road,L6T 2H8,905.625.5941,privacy@berlitz.ca,https://www.absmachining.com/,"Education, Trades, IT, Arts, Manufacturing",True,21293c9a-8f1a-4f66-8746-581ff9f0bcfa,2026-01-10T13:15:05.298759+00:00,excel_import
National Institute Of Hairstyling & Advanced Aesthetics Inc.,training_provider,ON,Brampton,"7955 Torbram RD Unit 16,",L6T 5B9,19054632006,,https://www.nationalinstitute.ca/,"Education, Healthcare, Community, IT, Beauty, Arts",True,b4bcdb3d-81e1-4d31-a16b-71d5d14c9a5f,2026-01-10T13:15:05.299598+00:00,excel_import
Advise Trucking Academy Inc.,training_provider,ON,Brampton,124-2 Automatic RD.,L6S 6K9,16472341191,info@bythemoon.ca,http://www.advisetrucking.com/,"Education, IT, Logistics, Arts",True,e360369f-c0f5-4ca3-a1ec-cf927686c488,2026-01-10T13:15:05.300433+00:00,excel_import
Bella'S Beauty Academy,training_provider,ON,Brampton,158 Kennedy Road,L6W 3G7,+1 905-457-6500,info@montessori-institute.ca,https://bellasbeautyacademy.com/,"Education, IT, Beauty",True,47a44bc6-28ae-481a-aa8c-1235d68f8601,2026-01-10T13:15:05.301273+00:00,excel_import
Glow College Of Artistic Design,college,ON,Brampton,6-350 Rutherford Rd South,L6W 3P6,905-453-9456,,https://glowcollegecanada.ca/,"Education, Healthcare, Community, Business, IT, Beauty, Arts",True,a24a0f07-1d66-4d20-96af-44e3dfcd7611,2026-01-10T13:15:05.302125+00:00,excel_import
Canadian Institute Of Certified Executor Advisors (Cicea Inc.),training_provider,ON,Brampton,4-2131 Williams Parkway,L6S 5Z4,647-258-9668,mississauga@ginascollege.com; ottawa@ginascollege.com; waterloo@ginascollege.com,https://www.cicea.ca/,,True,a0f03cc7-135e-4f38-a853-0d7212609e4a,2026-01-10T13:15:05.303160+00:00,excel_import
Academy Of Learning Career College,college,ON,Brampton,8740 The Gore Rd,L6P 0B1,905-508-5791,,https://aolbrampton.ca/,"Education, Healthcare, Community, Business, IT, Security",True,6150aec0-2b60-4172-adea-d38b3ebb9955,2026-01-10T13:15:05.304336+00:00,excel_import
Clarkridge Career Institute,training_provider,ON,Brampton,204-14 Nelson Street West,L6X 1B7,ÃƒÂ‚Ã‚Â +1 (416)635-7190,info@ljpskills.ca,https://college.clarkridge.com/,"Education, Healthcare, Community, IT, Security",True,67f878e2-deb9-4d10-a9b5-31755c4434d4,2026-01-10T13:15:05.305576+00:00,excel_import
College Of Health Studies,college,ON,Brampton,79 Leander Street,L6S 3N5,19054528139,contact@llinstitute.com,https://collegeofhealthstudies.com/,,True,7309729a-9232-4986-bf53-cdd3dfb32c93,2026-01-10T13:15:05.306733+00:00,excel_import
Global Truck Academy Ltd,training_provider,ON,Brampton,302-255 Rutherford Road South,L6W 4N7,12895051000,info@northstartruckdrivingschool.com,http://globaltruckacademy.com/,"Education, IT, Logistics, Arts",True,d1d5f6b5-b9be-4577-98da-9b7a80a7526e,2026-01-10T13:15:05.308077+00:00,excel_import
International Institute Of Marketing Professionals,training_provider,ON,Brampton,24-185  499 Ray Lawson Blvd.,L6Y 4E6,416-477-8591,jarmanosteopathy@gmail.com,http://www.theiimp.org/,"Education, Business, IT, Arts",True,603b2499-6751-4f74-8b9f-4017e52807d6,2026-01-10T13:15:05.309273+00:00,excel_import
Jc Truck Driving School,training_provider,ON,Brampton,215-1300 Steeles Avenue East,L6T 1A2,19052305200,,http://www.jctrucksdrivingschool.com/,"Education, IT, Logistics",True,aa5cb120-5197-4852-bc65-1c03d3a31e24,2026-01-10T13:15:05.310488+00:00,excel_import
Jyot'S Aesthetics Academy,training_provider,ON,Brampton,3-900 Peter Robertson Blvd,L6R 1A2,ÃƒÂ‚Ã‚Â 905-792-9090,,https://www.jyotsacademy.ca/,"Education, Healthcare, IT, Childcare, Beauty",True,e5528feb-c1cf-4d03-932f-5bbf6ff496aa,2026-01-10T13:15:05.311753+00:00,excel_import
National Institute,training_provider,ON,Brampton,16-7955 Torbram Road,L6T 5B9,(905) 463-2006,admin@stratfordchef.com,https://www.nationalinstitute.ca/,"Education, Healthcare, Community, IT, Beauty, Arts",True,7a6acf1a-514e-4f06-af2f-1fdf1726e334,2026-01-10T13:15:05.312729+00:00,excel_import
Progressive Training Centre Inc.,training_provider,ON,Brampton,8 Nelson Street West,L6X 4J2,(416) 402-7436,,https://www.ptcollege.com/,"Education, Healthcare, Business, IT, Arts",True,cdd1150e-0c5a-4b4e-9504-edf829034011,2026-01-10T13:15:05.313757+00:00,excel_import
Automotive Training Institute,training_provider,ON,Toronto,152 Norseman,M4Z 2R4,18004587473,,http://www.autotrainingcentre.com/,"Education, Healthcare, Trades, IT, Logistics",True,c003dae5-b5b1-461f-82ed-cc6b7e57fb73,2026-01-10T13:15:05.314678+00:00,excel_import
Quality Leadership & Management (International) Inc.,training_provider,ON,Brampton,4 Oldham Crescent,L6Z 1W3,(905) 789-5570,,http://www.qmm.com/,,True,7df63519-2e30-430f-b4ff-a0fd8fe751dc,2026-01-10T13:15:05.315550+00:00,excel_import
Sara Canadian Academy - Local 3351 (Cpmdq),training_provider,ON,Brampton,4-10 Lormel Gate,L7A 2K7,(905) 904-2032,,https://www.saraca.ca/,"Education, Healthcare, Business, IT",True,383c2214-a6e6-49e2-bfaf-283b201d90fb,2026-01-10T13:15:05.316431+00:00,excel_import
Top Truck Driving School,training_provider,ON,Brampton,2 Finley Road,L6T 1A9,(647) 615-9003,,http://www.toptruckdrivingschool.com/,"Education, IT, Logistics",True,791ab1f0-fcac-4673-a894-8965cd8a1832,2026-01-10T13:15:05.317330+00:00,excel_import
Universal Hair & Aesthetics Academy Inc.,training_provider,ON,Brampton,5-30 Melanie Dr.,L6T 4L4,(905) 791-9800,,http://www.universalacademy.ca/,,True,6f36cad2-1509-4d9b-a821-aa50dbe6523f,2026-01-10T13:15:05.318211+00:00,excel_import
Yogavision Inc.,training_provider,ON,Brampton,31 Lollard Way,L6Y 2C9,(905) 866-2485,,https://www.indianyoga.ca/,"Education, Healthcare, IT",True,a86a964c-b6da-4c35-a2a8-71baca49e3a6,2026-01-10T13:15:05.319106+00:00,excel_import
Shallow Creek Academy Of Hair Design,training_provider,ON,Brantford,207 Greenwich Street,N3S 2X7,226-227-1000,,https://shallowcreek.ca/,,True,5a17720e-7376-4095-8b24-a167b3ff635c,2026-01-10T13:15:05.320015+00:00,excel_import
Ontario Truck Driving School - Brantford,training_provider,ON,Brantford,459 Paris Road,N3T 5L8,(519) 751-4111,,http://www.otds.com/,"Education, IT, Logistics",True,c642675a-6d63-4b08-af51-9187269b0e07,2026-01-10T13:15:05.320977+00:00,excel_import
Great Lakes Helicopter Corporation,training_provider,ON,Breslau,12 - 4881 Fountain Street North,N0B 1M0,(519) 650-4542,oakvilleballet@gmail.com,https://www.greatlakeshelicopter.ca/,"Education, IT, Arts",True,9a2a4a20-4229-4811-b782-05e2cee0db0b,2026-01-10T13:15:05.321875+00:00,excel_import
Waterloo Wellington Flight Centre,training_provider,ON,Breslau,3-4881 Fountain Street North,N0B 1M0,(519) 648-2213,,https://www.wwfc.ca/,"Education, IT, Arts",True,f52efa36-c48e-444f-87a0-cd2a327947a7,2026-01-10T13:15:05.322741+00:00,excel_import
Canadian Welding Skills Inc.,training_provider,ON,Bridgenorth,576 Robinson Road,K0L 1H0,(705) 292-0494,,https://weldingskills.com/,"Education, Trades, IT",True,6b3f20c3-dcfd-45b3-ac4f-73fdb85a3df1,2026-01-10T13:15:05.323587+00:00,excel_import
Transport Training Centres Of Canada Inc. - Brockville,training_provider,ON,Brockville,8 - 1415 California Avenue,K6V 5Y6,(613) 930-2446,,http://ttcc.ca/brockville,"Education, Healthcare, IT, Logistics",True,1f90525a-0927-4c76-a852-2322e6979f0c,2026-01-10T13:15:05.324535+00:00,excel_import
Chrysalis Yoga Inc.,training_provider,ON,Burlington,11-4040 Palladium Way,L7M 0V6,9053199111,info@chrysalisyoga.ca,https://chrysalis-yoga-burlington.burlingtondirect.ca/,,True,35384577-7307-4199-94c6-6816b83341d7,2026-01-10T13:15:05.325439+00:00,excel_import
Hypnosis Training Canada Inc.,training_provider,ON,Burlington,4373 Mainway,L7L 5N9,(800) 971-5774,info@osl.org,https://www.hypnosistrainingcanada.com/,"Education, Business, IT",True,f921d005-2b9a-411e-b8e1-5971eb5c1eb1,2026-01-10T13:15:05.326309+00:00,excel_import
Spectrum Airways,training_provider,ON,Burlington,5296 Bell School Line,L7M 0P1,(905) 336-4010,info@woodbridgedance.com,http://www.spectrumairways.com/,"Education, IT",True,537c4483-b305-4a26-a775-19764da4c0e9,2026-01-10T13:15:05.327193+00:00,excel_import
Team-1 Academy Inc.,training_provider,ON,Burlington,2-1040 Sutton Drive,L7L 6B8,(905) 827-0007,,https://team1academy.com/,"Education, Healthcare, IT",True,4b0dbe05-f57c-45dc-ba1e-cd41ba8f0e2c,2026-01-10T13:15:05.328170+00:00,excel_import
The Fitness Firm Inc.,training_provider,ON,Burlington,15 Plains Road W,L7T 1E8,(905) 637-9220,,http://www.thefitnessfirm.ca/,"Education, Healthcare, IT",True,d5dc2e93-3c90-4ed8-98b5-de08548c0039,2026-01-10T13:15:05.329256+00:00,excel_import
Brantford Flight Centre,training_provider,ON,Brantford,110 Aviation Avenue,J3T 5L7,(519) 753-2521,info@centralhealthinstitute.com; chi@centralhealthinstitute.com,http://www.flybfc.com/,"Education, Healthcare, IT",True,73e28d79-344f-4a41-82da-ff83f967b435,2026-01-10T13:15:05.330284+00:00,excel_import
Kim Richardson Transportation Specialist Inc. (Krts),training_provider,ON,Caledonia,39 Argyle Street N,N3W 1B8,(905) 765-3445,pvdriving@live.com,http://www.krway.com/,"Education, Business, IT, Childcare, Beauty, Logistics, Manufacturing",True,233ece9f-71dd-40ff-ad45-270f176ff952,2026-01-10T13:15:05.331205+00:00,excel_import
Canada Heavy Equipment College,college,ON,Cambridge,1425 Bishop Street N.,N1R 6J9,(519) 650-6040,,http://www.chectraining.com/,"Education, Trades, IT, Logistics, Arts, Manufacturing",True,ec860ee9-257e-45fc-8985-e13f42a7436c,2026-01-10T13:15:05.332080+00:00,excel_import
Canadian Automotive And Trucking Institute,training_provider,ON,Cambridge,25 Fleming Drive,N1T 2A9,(519) 220-1650,,http://www.cati.ca/,"Education, IT",True,6d45db50-ea16-4f4e-ad32-579c122c8da3,2026-01-10T13:15:05.332954+00:00,excel_import
Challenger Transportation Training Academy,training_provider,ON,Cambridge,300 Maple Grove Road,N3E 1B7,(519) 653-7651,,http://challengertraining.ca/,"Education, IT, Logistics",True,7cea9c5a-9c99-498a-8a32-7007fadc137f,2026-01-10T13:15:05.333901+00:00,excel_import
The Yoga Loft Cambridge,training_provider,ON,Cambridge,1221 King Street East,N3H 3Z8,(226) 218-8251,,http://theyogaloftcambridge.ca/,"Education, Business, IT",True,0abb632f-59cc-40c1-8cb7-ef8622ced4d6,2026-01-10T13:15:05.334837+00:00,excel_import
Toronto Truck Driving School - Cambridge,training_provider,ON,Cambridge,2290 Thompson Drive,N1T 2E3,(226) 782-3702,,https://cambridge.torontotruckdrivingschool.com/,"Education, Healthcare, IT, Logistics, Arts",True,8bef520b-1307-40ce-b0a1-befe63a6f46e,2026-01-10T13:15:05.335726+00:00,excel_import
Empower Me Yoga,training_provider,ON,Carleton Place,201 Michael Street,K7C 0G6,(613) 795-8372,,http://amfstudio.ca/,,True,69d2b3aa-f134-441c-b1ff-b60cfbb60e12,2026-01-10T13:15:05.336578+00:00,excel_import
Transport Training Center Of Canada,training_provider,ON,Chatham,91 Heritage Road,N7M 5W7,(905) 560-2782,,https://ttcc.ca/,,True,40ef0e73-f160-4af6-926e-238a1889ae0c,2026-01-10T13:15:05.339223+00:00,excel_import
Ontario Truck Driving School - Chatham,training_provider,ON,Chatham,1005 Richmond Street,N7M 5J5,(519) 355-0077,,http://www.otds.com/,"Education, IT, Logistics",True,70fa7f74-0d75-44ec-a1ff-0381e881dafc,2026-01-10T13:15:05.340214+00:00,excel_import
Transport Training Centres Of Canada Inc. - Chatham,training_provider,ON,Chatham,2-91 Heritage Road,N7M 5W7,(519) 354-4951,,http://www.ttcc.ca/chatham,"Education, Healthcare, IT, Logistics",True,7a2e4ab8-1da0-4e4b-aded-b5a179da7525,2026-01-10T13:15:05.341237+00:00,excel_import
Brampton Flight Centre,training_provider,ON,Cheltenham,13691 Mclaughlin Road,L7C 3L7,(905) 838-1400,,https://www.bramptonflightcentre.com/,,True,c9915d30-7642-4746-9149-eaebffbce281,2026-01-10T13:15:05.342184+00:00,excel_import
Osteopathic Lyceum,training_provider,ON,Cobourg,493 Concession Street,K9A 1C1,(416) 716-1743,,https://www.osteopathiclyceum.com/,,True,f18a39b4-d278-469e-8d8d-aff606947c30,2026-01-10T13:15:05.343100+00:00,excel_import
Canadian Association Of Snowboard Instructors,training_provider,ON,Collingwood,201-186 Hurontario Street,L9Y 4T4,(705) 444-1617,,http://www.nsa.on.ca/,"Education, Healthcare, IT",True,9eb88699-d5be-44c0-a817-ba3fb18ae8e9,2026-01-10T13:15:05.344030+00:00,excel_import
C & C Professional Truck Training Of Canada Ltd.,training_provider,ON,Cornwall,1916 Pitt Street #13,K6J 5H3,(613) 933-7882,,http://protrucktraining.com/,,True,65958602-4112-4300-aebc-abd7e7edf6c4,2026-01-10T13:15:05.344951+00:00,excel_import
Transport Training Centres Of Canada Inc. - Cornwall,training_provider,ON,Cornwall,109-120 Tollgate Road West,K6J 5M3,(613) 930-2446,,http://www.ttcc.ca/cornwall,"Education, Healthcare, IT, Logistics",True,ef546b57-e27a-467a-9e2a-c849f811f2e5,2026-01-10T13:15:05.345883+00:00,excel_import
AcadÃ£ÂƒÂÂ‰Mie Shanthaly Inc.,training_provider,ON,Embrun,924 rue Notre Dame CP # 996,K0A 1W0,16134432291,,http://www.academieshanthaly.com/,Other,True,3cae8390-60b1-486b-951c-5b3aadd23797,2026-01-10T13:15:05.346809+00:00,excel_import
Liberty Tax Service,training_provider,ON,Fergus,6-100 MacQueen Boulevard,N1M 3T8,(519) 843-2829,,https://www.libertytaxcanada.ca/70701,,True,42cd6bcd-4607-4d66-954a-bd98d89f86dd,2026-01-10T13:15:05.347963+00:00,excel_import
Transport Training Centres Of Canada Inc. - Sault Ste- Marie,training_provider,ON,Garden River,201-815 Great Northern Road,P6A 5K7,(705) 254-4383,,https://ttcc.ca/sault-ste-marie/,"Education, Healthcare, IT, Logistics",True,a28c06e2-8d4b-485a-873d-92830f45c4ce,2026-01-10T13:15:05.348971+00:00,excel_import
Norcat Inc.,training_provider,ON,Greater Sudbury,1545 Maley Drive,P3A 4R7,(705) 521-8324,,https://www.norcat.org/,"Education, Healthcare, IT",True,76d093ef-6c3d-43ec-a2a7-642a1c8e6132,2026-01-10T13:15:05.349897+00:00,excel_import
Northern Academy Of Transportation Training,training_provider,ON,Greater Sudbury,25 Vagnini Court,P3Y 1K8,(705) 692-9222,,http://www.northernacademy.ca/,"Education, Healthcare, IT, Logistics",True,65ed550c-81f5-4a87-834b-00000deee5b3,2026-01-10T13:15:05.350873+00:00,excel_import
"Transport Training Centres Of Canada - Sudbury, On",training_provider,ON,Greater Sudbury,2565 Kingsway Boulevard,P3B 2G1,(705) 521-1157,,https://ttcc.ca/sudbury,"Education, Healthcare, IT, Logistics",True,0f2c21d9-5199-4f82-9b96-76f6fabe6201,2026-01-10T13:15:05.351870+00:00,excel_import
Transport Training Centres Of Canada Inc. - Cambridge,training_provider,ON,Greater Sudbury,2565 Kingsway Blvd,P3B 2G1,(705) 521-1157,,https://ttcc.ca/sudbury,"Education, Healthcare, IT, Logistics",True,a11a493d-561d-4bec-b21f-66410db48b96,2026-01-10T13:15:05.353098+00:00,excel_import
Aviation Solutions,training_provider,ON,Guelph,3 Cherrywood Drive,N1K 1R8,226.780.4990,info@aviationsolutions.net,https://www.aviationsolutions.net/,,True,f9d08583-63e4-4246-85ad-8480b06a8267,2026-01-10T13:15:05.354420+00:00,excel_import
"La Luma Inc. - Guelph, On",training_provider,ON,Guelph,16 Douglas Street,N1H 3S9,(519) 821-6700,,http://www.lalumasalon.com/,,True,ec5649a4-29ed-4b67-8d1c-dcc47c64869e,2026-01-10T13:15:05.355658+00:00,excel_import
Ljp Skills Training,training_provider,ON,Guelph,120 Malcolm Rd,N1K 1B1,(519) 837-9381,Support@PurelandQiGong.com,http://ljpskills.ca/,"Education, Trades, IT",True,a02197d2-69af-428b-bd79-ca63eb9fba77,2026-01-10T13:15:05.356880+00:00,excel_import
Professional Highway Driving School,training_provider,ON,Guelph,355 Elmira Rd N,N1K 1S5,(519) 994-3743,,https://phdschool.ca/,"Education, IT, Logistics",True,162ba124-8bca-448c-a05e-f72d36428c40,2026-01-10T13:15:05.358146+00:00,excel_import
Cindott Inc.,training_provider,ON,Halton Hills,22 Rosset Valley Court,L7G 5E1,(416) 451-9293,,https://tdotroofers.ca/,,True,7b084c35-9959-4ceb-a2f2-0c1559b4b9a7,2026-01-10T13:15:05.359256+00:00,excel_import
Bruno'S School Of Hair Design,training_provider,ON,Hamilton,1915 King Street East,L8K 1V9,(905) 528-0428,cttagroup@challenger.com,https://brunoschools.com/,"Education, IT, Childcare, Beauty, Arts",True,5e571326-d614-42b4-9427-ce81a78e7d51,2026-01-10T13:15:05.360291+00:00,excel_import
Canadian Academy Of Osteopathy,training_provider,ON,Hamilton,66 Ottawa Street North,L8H 3Z1,(866) 320-9898,reception@concordia-seminary.ca,https://www.canadianosteopathy.ca/,"Education, IT",True,1cfa3437-5a35-496f-8e66-d5cf4b913d40,2026-01-10T13:15:05.361263+00:00,excel_import
Canadian Society For Medical Laboratory Science,training_provider,ON,Hamilton,33 Wellington Street N,L8R 1M7,(905) 528-8642,info@internationaldriving.ca; al@genrev.ca,https://www.csmls.org/,"Education, Healthcare, Community, Business, IT",True,4b221111-a17c-4667-9771-eebafc131ba1,2026-01-10T13:15:05.362328+00:00,excel_import
Central Health Institute Inc.,training_provider,ON,Hamilton,346 Main Street E,L8N 1J1,(905) 524-0440,,http://www.centralhealthinstitute.com/,"Education, Healthcare, Community, IT, Culinary, Pharmacy",True,3cac4b6e-d54f-4149-a7e6-6e22c04c9ba5,2026-01-10T13:15:05.363325+00:00,excel_import
Grand Health Academy,training_provider,ON,Hamilton,760 King Street East,L8M 1A6,(905) 671-9999,info@nuwaveschool.com,https://www.cimtcollege.com/,,True,8b1b664f-391e-489e-a161-dbb00c5c4242,2026-01-10T13:15:05.364328+00:00,excel_import
Hamilton Institute For Health Personnel,training_provider,ON,Hamilton,25 Main Street West,L8P 1H1,(905) 529-4507,,https://www.hamiltonhealthpersonnel.ca/,"Education, Healthcare, IT",True,6616d2c6-a956-41a3-a249-f1a14a464c65,2026-01-10T13:15:05.365298+00:00,excel_import
Heaven On Earth Yoga Institute,training_provider,ON,Hamilton,188 Green Mountain Road East,L8J 3A4,(905) 664-9099,info@ochm.ca,http://www.heaven-onearth.ca/,"Education, Healthcare, IT, Culinary",True,1ad998aa-54cf-4e21-84d1-b370d9d6290c,2026-01-10T13:15:05.366233+00:00,excel_import
Truck Training Academy Of Stoney Creek,training_provider,ON,Hamilton,1-298 Grays Road,L8E 1V5,(905) 573-0882,,http://www.trucktrainingacademy.ca/,"Education, Healthcare, IT, Logistics",True,94dd3dd3-3ec8-48c1-b709-d5695f46d54b,2026-01-10T13:15:05.367171+00:00,excel_import
Modern Training Ontario Inc.,training_provider,ON,Hamilton,308 Kenora Avenue,L8E 2W2,(905) 573-9675,info@spectrumairways.com,https://moderntraining.com/,"Education, Healthcare, IT, Logistics",True,fc9594f0-51ff-4cef-832e-9eb4120358b6,2026-01-10T13:15:05.368091+00:00,excel_import
National Institute Of Esthetics,training_provider,ON,Hamilton,4-26 Legend Court,L9K 1J3,(647) 424-3569,,https://nainstitute.ca/,"Education, Healthcare, IT, Beauty",True,f359df0d-223e-48bf-afb0-a3e23708c641,2026-01-10T13:15:05.369039+00:00,excel_import
Ontario Association Of Medical Radiation Sciences,training_provider,ON,Hamilton,75 Blake Street,L8M 2S7,(289) 674-0034,,http://www.oamrs.org/,"Education, Healthcare, IT",True,0d77dfb3-89d4-4d0a-81a2-b6b766515319,2026-01-10T13:15:05.369972+00:00,excel_import
Ontario College Of Health & Technology,college,ON,Hamilton,1040 South Service Road,L8E 6G3,(905) 643-8778,,http://www.ocht.ca/,"Education, Healthcare, IT, Beauty, Logistics",True,883651ae-1e6f-41c2-915d-6b1fb65b9821,2026-01-10T13:15:05.371401+00:00,excel_import
Professional Career Development Institute (Pcdi),training_provider,ON,Hamilton,G100-1 Hunter Street East,L8N 3W1,(800) 535-1613,,https://www.pcdi.ca/,"Education, IT",True,abe788f6-f477-4444-a859-858484770908,2026-01-10T13:15:05.372786+00:00,excel_import
Robar Centre For Transport Training Inc.,training_provider,ON,Hamilton,"600 Nebo Road, North Side of the Building",L0R 1P0,(866) 993-9962,,http://www.robarcentre.ca/,"Education, Healthcare, IT, Manufacturing",True,7dabdddd-ac48-4f22-98f2-5a05a6116ed5,2026-01-10T13:15:05.374088+00:00,excel_import
Soutern Ontario Dental College,college,ON,Hamilton,100-201 Wilson Street East  Level 1,L9G 2B8,(905) 304-4706,,http://www.sodentalcollege.com/,,True,ca0e58a3-d89e-4914-ae32-15ae75292ce7,2026-01-10T13:15:05.375282+00:00,excel_import
Transport Training Centres Of Canada Inc. - Hamilton,training_provider,ON,Hamilton,101-400 Grays Road,L8E 3J6,(905) 561-4575,,https://ttcc.ca/hamilton,"Education, Healthcare, IT, Logistics",True,9b5c3f0f-24ae-4e12-9430-a68ef565a3f0,2026-01-10T13:15:05.376304+00:00,excel_import
"United Brotherhood Of Carpenters And Joiners Of America
- Local 18",training_provider,ON,Hamilton,1342 Stonechurch Road East,L8W 2C8,(905) 522-0752,,https://local18.ca/,"Education, Trades, IT",True,eefaae05-2431-4e9d-979d-c3e1d3aaccab,2026-01-10T13:15:05.377352+00:00,excel_import
Canadian Montessori Teacher Education Institute - Front St.,training_provider,ON,Harrowsmith,4978 Road 38,K0H 1V0,(416) 458-8970,training@himark.ca,https://www.montessori-institute.ca/,"Education, IT, Childcare, Arts",True,63ed70c8-a8b3-4127-b80f-e249e989aee5,2026-01-10T13:15:05.378344+00:00,excel_import
Canadian Montessori Teacher Education Institute - Markham,training_provider,ON,Harrowsmith,4978 Road 38,K0H 1V0,(416) 458-8970,training@himark.ca,https://www.montessori-institute.ca/,"Education, IT, Childcare, Arts",True,5e65db66-8568-41ec-b2d4-16571c3f74b0,2026-01-10T13:15:05.379358+00:00,excel_import
"Canadian Montessori Teacher Education Institute -
Mississauga",training_provider,ON,Harrowsmith,4978 Road 38,K0H 1V0,(416) 458-8970,training@himark.ca,https://www.montessori-institute.ca/,"Education, IT, Childcare, Arts",True,9719fc55-2615-4778-9926-ad8d571fe989,2026-01-10T13:15:05.380391+00:00,excel_import
Canadian Montessori Training Centre Inc. -Oakville,training_provider,ON,Harrowsmith,4978 Road 38,K0H 1V0,(416) 458-8970,,https://www.montessori-institute.ca/,"Education, IT, Childcare, Arts",True,8ceca723-1175-4ae9-93d5-3a2d9947508e,2026-01-10T13:15:05.381341+00:00,excel_import
Carpenters Local 93 Training Centre Association,training_provider,ON,Kanata,8650 Campeau Drive,K2T 0N7,(613) 745-1513,,http://local93.org/,"Education, Healthcare, Trades, IT",True,a25ee98c-ab32-481b-9a5b-878e9370d24c,2026-01-10T13:15:05.382265+00:00,excel_import
Transport Training Centres Of Canada - Ottawa West/Carp,training_provider,ON,Kanata,8650 Campeau Drive,K2T 0N7,(613) 244-3444,,https://ttcc.ca/ottawa-east,"Education, Healthcare, IT, Logistics",True,7d928ef5-c83a-4c2f-8db3-633cb37638b9,2026-01-10T13:15:05.383172+00:00,excel_import
Bowen Training Academy,training_provider,ON,Kingston,1429-993 Princess St.,K7L 1H3,(613) 848-2083,,https://www.bowentrainingacademy.com/,"Education, Healthcare, IT",True,47fab3a8-bc9e-4d0f-b939-50a2fcafd00c,2026-01-10T13:15:05.384192+00:00,excel_import
Eastern Ontario Staff Development Network,training_provider,ON,Kingston,Room B137  115 Union Street,K7M 5R7,(613) 533-6223,,http://eosdn.on.ca/,"Education, Healthcare, Community, Business, IT",True,56e497f5-5621-4835-ad22-0d10ceeb2f2f,2026-01-10T13:15:05.385207+00:00,excel_import
Janati Yoga School,training_provider,ON,Kingston,96 Regent Street,K7L 4J8,(613) 507-5550,christine@yogatherapyottawa.com,http://janatiyoga.com/,"Education, Healthcare, IT",True,8475994b-5fe9-4318-8736-b6f302c38fee,2026-01-10T13:15:05.386155+00:00,excel_import
Loyola Community Learning Centre - Kingston,training_provider,ON,Kingston,1440 Princess Street,K7M 3E5,(613) 544-3361,,http://www.learningatloyola.ca/,"Education, Healthcare, Community, IT",True,b8430a4a-fe7e-4cdd-956f-f052da22f941,2026-01-10T13:15:05.387139+00:00,excel_import
North American Transport Driving Academy,training_provider,ON,Kingston,598 Cataraqui Woods Drive,K7P 1T8,(613) 888-6477,,https://nadrivers.com/,Education,True,d9bef50d-8afb-4838-a9f3-c6c43fd35d2c,2026-01-10T13:15:05.388072+00:00,excel_import
Studio 330,training_provider,ON,Kingston,330 Princess Street,K7L 1B6,,,http://studio330.ca/,Education,True,927d33ba-0c50-452e-bee8-2a02edfcb216,2026-01-10T13:15:05.388974+00:00,excel_import
Transport Training Centres Of Canada Inc. - Kingston,training_provider,ON,Kingston,101-751 Dalton Ave,K7M 8N6,(613) 777-2811,,http://ttcc.ca/kingston,"Education, Healthcare, IT, Logistics",True,6dcd296b-e109-442d-a86e-4859032326c9,2026-01-10T13:15:05.389884+00:00,excel_import
International Driving School Inc.,training_provider,ON,Kitchener,41 River Road E,N2B 2G3,(519) 894-6726,,http://www.internationaldriving.ca/,"Education, IT, Logistics, Culinary",True,60063ef8-c8c9-432e-8466-518f3e81fc15,2026-01-10T13:15:05.390840+00:00,excel_import
Ontario Truck Driving School - Kitchener,training_provider,ON,Kitchener,625 Wabanaki Drive Unit 1,N2C 2G3,(519) 933-4028,,http://otds.com/,"Education, IT, Logistics",True,2516f4d0-9f8b-4f29-99a0-df0dead9ae94,2026-01-10T13:15:05.391753+00:00,excel_import
Ontario Truck Driving School - London,training_provider,ON,Kitchener,625 Wabanaki Drive Unit 1,N2C 2G3,(519) 858-9338,info.dsi@utoronto.ca,http://www.otds.com/,"Education, IT, Logistics",True,87d0c6d5-f892-4540-8af8-66acf8c9e4a0,2026-01-10T13:15:05.392642+00:00,excel_import
The Branches,training_provider,ON,Kitchener,9 Samuel Street,N2H 1N9,,trontario@gmail.com,https://thebranchesyoga.com/,"Education, Healthcare, Community, IT, Beauty",True,3086147b-3054-4028-b518-5b6182f8cc44,2026-01-10T13:15:05.393539+00:00,excel_import
Voila Institute School Of Hair Design,training_provider,ON,Kitchener,72-74 King Street West,N2G 1A6,(519) 743-8892,,http://www.voilainstitute.com/,"IT, Beauty, Arts",True,041699a5-4956-4458-81a1-0bdd3484345e,2026-01-10T13:15:05.394575+00:00,excel_import
Alphalogic Career College,college,ON,London,200-920 Commissioners RD E,N5Z 3J1,(519) 858-0010,,http://www.alphalogic.ca/,"Education, Healthcare, Business, IT",True,ea235aa1-9c78-4f4f-b6cb-062b6e244374,2026-01-10T13:15:05.395631+00:00,excel_import
Commercial Driving Institute Of Canada,training_provider,BC,Kelowna,"1884 Ambrosi Road,",V1Y 4R9,(250) 861-1848,vern@commercialdivinginstitute.com,https://www.commercialdivinginstitute.com/,,True,6a4add35-aa48-4caa-bb43-56f17bb583cd,2026-01-10T13:15:05.396559+00:00,excel_import
Diamond Flight Centre,training_provider,ON,London,2530 Blair Boulevard,N5V 3Z9,(519) 457-5777,info@metroc.ca,http://dfclondon.com/,"Education, IT, Arts",True,e5fe1215-ee2b-4555-b292-94b227dc730c,2026-01-10T13:15:05.397437+00:00,excel_import
Elegance Schools Inc.,training_provider,ON,London,77A-301 Oxford Street W,N6H 1S6,(519) 434-1181,,https://eleganceschools.on.ca/,"Education, IT, Beauty, Arts",True,800bebb4-3f96-4456-8920-6085a063840d,2026-01-10T13:15:05.398326+00:00,excel_import
Carefirst Vocational Training Centre,training_provider,ON,Scarborough,300 Silver Star Boulevard,M1G 0V2,416-502-2323,info@kmaster.ca,https://carefirstontario.ca/,"Education, Healthcare, IT, Logistics",True,28cbf542-1b35-45df-926d-57567bb4734b,2026-01-10T13:15:05.399303+00:00,excel_import
Hi-Mark Occupational Skills Training Centre Ltd. - London,training_provider,ON,London,2520 Trafalgar St.,N6M 1G9,(519) 455-5757,,http://www.himark.ca/,"Education, Healthcare, Trades, Business, IT, Childcare, Arts",True,40378954-6668-4331-bdc9-929067548c49,2026-01-10T13:15:05.400332+00:00,excel_import
Ivey School Of Business Foundation,training_provider,ON,London,1255 Western Road,N6G 0N1,(519) 661-3206,,https://www.ivey.uwo.ca/,"Business, IT, Childcare, Arts",True,59fb09d6-4d85-4334-949a-0dab91eab0ca,2026-01-10T13:15:05.401342+00:00,excel_import
London College Of Animal Osteopathy,college,ON,London,380 Wellington Street  Tower B,N6A 5B5,(833) 201-3456,info@qmm.com,https://animalosteopathycollege.com/,"Education, Healthcare, IT",True,d6f6a723-94f8-44b9-97f0-14fd523d150d,2026-01-10T13:15:05.402353+00:00,excel_import
London College Of Osteopathy,college,ON,London,380 Wellington Street,N6A 5B5,(519) 266-6871,info@thebranchesyoga.com,https://www.lcocanada.com/,"Education, Healthcare, IT, Arts",True,374b4cb8-26a2-4c18-bddb-01115fe61c9e,2026-01-10T13:15:05.403262+00:00,excel_import
London Language Institute,training_provider,ON,London,183 Central Avenue,N6A 1M6,(226) 377-7290,info@quinteballetschool.com,https://llinstitute.com/,"Education, Business, IT, Childcare, Arts",True,84ab8769-2658-444e-9481-cfa785492bee,2026-01-10T13:15:05.404180+00:00,excel_import
Savy International Inc.,training_provider,ON,London,LL-2 190  Wortley Road,N6C 4Y7,(519) 701-2609,,https://savy-international.com/,"Education, IT, Childcare, Arts",True,d8fe8c85-8169-441b-b367-ed3c54f89344,2026-01-10T13:15:05.405128+00:00,excel_import
Windhurst Riding Training Centre,training_provider,ON,Lowbanks,1033 Wainfleet-Dunnville Townline Road,N0A 1K0,(905) 899-3780,,http://www.thehorsesmartway.ca/,"Education, IT, Arts",True,7eb4b55c-2919-4880-9689-f3471c850c5d,2026-01-10T13:15:05.406046+00:00,excel_import
Chartered Professional Accountants (Cpa) On,training_provider,ON,Toronto,3400-130 King Street West,,(519) 474-0829,scarborough@safespace.ca; vaughan@safespace.ca,https://www.ngtax.ca/,"Education, Healthcare, IT",True,a68e7b6e-0e7c-4073-9060-ae14d1875b97,2026-01-10T13:15:05.406992+00:00,excel_import
Advanced Physical Therapy Education Institute,training_provider,ON,Markham,44 Sea Island Path,L3T 3A4,ÃƒÂ‚Ã‚Â 905-707-0819,info@brunoschools.com,https://www.aptei.ca/,Education,True,19ca9b24-0c6c-44e1-a62c-bdc6151f56c3,2026-01-10T13:15:05.407948+00:00,excel_import
Canadian Business Skills College Of Technology,college,ON,Markham,200-80 Acadia Avenue,L3R 9V1,(905) 477-6667,,http://www.cbscollege.ca/,"Education, Community, Business, IT, Arts",True,78524548-84e9-4d8b-95fe-dac94b5c36e4,2026-01-10T13:15:05.408986+00:00,excel_import
Canadian College Of Food And Health,college,ON,Markham,311-80 Acadia Avenue,L3R 9V1,14166404067,,http://www.ccofah.org/,"Education, Healthcare, IT, Culinary",True,1fa3e2ea-6198-4bb8-8a6f-50430ba89234,2026-01-10T13:15:05.409915+00:00,excel_import
Canadian Fire Alarm Association,training_provider,ON,Markham,85 Citizen Court,L6G 1A8,905.944.0030,,https://cfaa.ca/,"Education, IT, Arts",True,ed8e3da9-b2ae-46ea-b7b1-5f97a738054a,2026-01-10T13:15:05.410809+00:00,excel_import
Canadian Scitech College,college,ON,Markham,100-80 Acadia Avenue,L3R 9V1,14168337666,info@ctcmpao.on.ca,http://www.cstcollege.ca/,"Education, IT",True,7c5c41d5-47a7-4854-a85f-a59096bfa953,2026-01-10T13:15:05.411744+00:00,excel_import
Elite College Of Business And Health Care,college,ON,Markham,101-20 Main Street North,L3P 1X2,19055548882,nationalballroomacademy@gmail.com,https://elitecollege.school/,"Education, Healthcare, Community, Business, IT, Beauty, Arts",True,11a893be-f88e-4f13-9c14-4ea84f59bf75,2026-01-10T13:15:05.412645+00:00,excel_import
Liberty Tax Services Inc.,training_provider,ON,Markham,16-110 Riviera Drive,L3R 5M1,,paul@pflcpa.ca,https://www.libertytaxcanada.ca/income-tax-preparation-locations/on-markham-16-110-riviera-dr.html,,True,396442f5-029c-4011-a0d5-0f016ff2d4e1,2026-01-10T13:15:05.413678+00:00,excel_import
National Ballroom Academy,training_provider,ON,Markham,39 Glen Cameron Road #1,L3T 1P1,(905) 763-2623,,https://www.nationalballroomacademy.com/,,True,f18752a0-1783-42db-b605-c2c062d1c839,2026-01-10T13:15:05.414676+00:00,excel_import
Ontario College Of Traditional Chinese Medicine,college,ON,Markham,7130 Warden Ave,L3R 1S2,(905) 477-8855,office@torontocheder.org,http://www.octcm.com/,"Education, Healthcare, IT",True,8157190e-134a-45d3-bce2-6a254586fc99,2026-01-10T13:15:05.415590+00:00,excel_import
Prepformula Inc.,training_provider,ON,Markham,365-8171 Yonge Street,L3T 2L6,(416) 825-3006,support@prepformula.com,https://prepformula.com/,,True,47ab7acc-75a1-4487-9fe6-b929cae50a9e,2026-01-10T13:15:05.416516+00:00,excel_import
The Academy Of Nail Design,training_provider,ON,Meaford,97 Pollard Drive,N4L 1A6,,,https://taond.com/,"Education, Healthcare, IT, Beauty",True,038e93a2-bd16-41cf-bb61-bc1a6533c0cd,2026-01-10T13:15:05.417520+00:00,excel_import
Canadian College Of Educators,college,ON,Mississauga,203-1370 Dundas Street East,L4Y 4G4,19058960000,info@alphalogic.ca,http://canadiancollegeofeducators.ca/,,True,62e19114-beaa-4733-99f4-de1697dd1c31,2026-01-10T13:15:05.418709+00:00,excel_import
College Of International Holistic Studies,college,ON,Ingersoll,220 Wonham St. N,N5C 4E,1 (905) 864 Â– 8694,,https://naturalmedicinecollege.ca/,,True,6c128b9f-f6f6-47d8-b020-b3f9022d94af,2026-01-10T13:15:05.420035+00:00,excel_import
First Canadian Truck And Forklift Training Centre,training_provider,ON,Mississauga,11-7050 Telford Way,L5S 1V7,19056727889,,http://firstcan.ca/,,True,3d2984e8-1027-4f15-b1b5-f6e4907e76d3,2026-01-10T13:15:05.421238+00:00,excel_import
"A1-Global College Of Health, Business & Technology",college,ON,Mississauga,2960 Drew Road,L4T 0A5,19056722277,,https://a1globalcollege.ca/,"Education, Business, IT, Arts",True,7595cb5c-6744-4107-8736-a8afbc5d0c07,2026-01-10T13:15:05.422580+00:00,excel_import
Academy Of Locksmithing Inc.,training_provider,ON,Mississauga,6070 Farmstead Lane,L5N 2Z4,14163212220,,https://www.academyoflocksmithing.ca/,"Education, IT",True,1ff5e5f9-6838-40fe-b7ac-c70a39cf8ab1,2026-01-10T13:15:05.423847+00:00,excel_import
Consultation Linguistique Inc.,training_provider,ON,OTTAWA,A-697 King Edward Avenue,K1W 7N9,(905) 896-8428,,https://www.languagemarketplace.com/,Arts,True,daeb4358-d8e7-45ea-a226-4697def11569,2026-01-10T13:15:05.425127+00:00,excel_import
Berlitz Canada,training_provider,ON,Mississauga,212-6660 Kennedy Road,L5T 2M9,(647) 352-2075,,https://www.berlitz.com/,"Education, Healthcare, IT, Childcare",True,77bcbea9-0253-4850-b23f-79acbf5048c7,2026-01-10T13:15:05.426425+00:00,excel_import
Biztech Institute Inc.,training_provider,ON,Mississauga,205-5170 Dixie Road,L4W1E3,905 212 9039,cwsinfo@weldingskills.com,https://biztechcollege.com,"Education, Healthcare, IT, Childcare, Security",True,08b6b6ce-7368-48df-af0f-11ebe6daa425,2026-01-10T13:15:05.427673+00:00,excel_import
Canadian Academy Of Traditional Chinese Medicine Inc.,training_provider,ON,Mississauga,"1048 Matheson Blvd E,",L4W 2v2,905-606-0062,info@languagemarketplace.com,https://cctcm.ca/,"Education, Healthcare, IT",True,f0f6a78d-5305-4cf7-b4c3-1a90a5082797,2026-01-10T13:15:05.428901+00:00,excel_import
Canadian College For Leadership And Management Inc.,college,ON,Mississauga,3055 Tacc Drive,L5M 0A9,647-560-8760,,https://www.cclmcanada.org/,"Education, IT",True,b0d76c05-673a-4b3b-aff3-7e50401d40a1,2026-01-10T13:15:05.430095+00:00,excel_import
Canadian Institute Of Telecommunications Inc.,training_provider,ON,Mississauga,7200 Goreway Drive,L4T 2T7,19056719999,,http://www.cimtcollege.com/,,True,056c6470-b051-460a-9abf-f49826e182de,2026-01-10T13:15:05.431363+00:00,excel_import
Canadian Integration By Dental Education Inc. Cide,training_provider,ON,Mississauga,D-4560  Dixie Road,L4W 1N2,16478790860,,http://www.cideonline.ca/,"Education, Healthcare, Dental",True,69f29e96-8827-4923-bb52-e3b8d4b680ab,2026-01-10T13:15:05.432577+00:00,excel_import
Canadian Measurement Metrology Inc.,training_provider,ON,Mississauga,2433 Meadowvale Boulevard,L5N 5S2,905.819.6886,,https://www.cmmxyz.com/cmm-training/,"Education, IT",True,2b00cf09-42ca-4726-9e96-f323e478da0c,2026-01-10T13:15:05.433785+00:00,excel_import
Canadian Truck Training Centre - Mississauga,training_provider,ON,Mississauga,7270 Torbram Road,L4T 3Y7,19056737200,,https://canadiantrucktraining.com/,"Education, IT, Logistics, Arts",True,1b4fb6e4-687f-4f77-819c-6ac986da7328,2026-01-10T13:15:05.434968+00:00,excel_import
Chellsey Institute Of Beauty & Health Inc.,training_provider,ON,Mississauga,1900 Dundas Street East,L4X 2Z4,19052320884,rwilliams@glassratner.com; UvaroLHL@glassratner.com; eklein@glassratner.com,http://www.chellseyinstitute.ca/,Beauty,True,f6cad15c-adbb-4a0d-b0c6-2cddca93656d,2026-01-10T13:15:05.436162+00:00,excel_import
Commercial Heavy Equipment Training Ltd.,training_provider,ON,Mississauga,2421 Cawthra Road,L5A 2W7,19052754545,,http://www.chet.ca/,,True,12f48292-3efe-4ede-8852-7fc80b67cb41,2026-01-10T13:15:05.437330+00:00,excel_import
Chef School,training_provider,ON,Mississauga,5732 Kennedy Road,L4Z 1T1,19052735588,,http://www.chefschool.ca/,"IT, Culinary",True,4d593c44-c409-40ef-a691-a9aecb97f486,2026-01-10T13:15:05.438508+00:00,excel_import
Dr. Kshitij'S Academia Of Excelence Inc.,training_provider,ON,Mississauga,1-4540 Dixie Road,L4W 1N2,16478334596,,https://acecourses.ca/,"Education, Healthcare, IT, Arts, Dental",True,ffe146bb-35c1-40b9-8f49-f9c068a624c8,2026-01-10T13:15:05.439711+00:00,excel_import
Education Edge Canada Inc.,training_provider,ON,Mississauga,203-120 Matheson Boulevard East,L4Z 1X1,647 620 9490,,https://www.educationedge.ca/,"Education, Business, IT, Arts",True,b0d4022d-98ca-415a-8534-70373780af22,2026-01-10T13:15:05.440888+00:00,excel_import
Epic College Of Technology,college,ON,Mississauga,100-5670 McAdam Road,L4Z 1T2,19052032500,,http://www.epiccollege.ca/,"Education, IT, Security",True,1f447ff9-3204-4aab-ac4f-0b32dcce34e2,2026-01-10T13:15:05.442055+00:00,excel_import
Epic Educational Program Innovations Center Inc.,training_provider,ON,Mississauga,100-5670 McAdam Road,L4Z 1T2,18883119976,,https://epictraining.ca/,,True,d6f77f68-c1af-4734-b5bf-2aade2953d82,2026-01-10T13:15:05.443205+00:00,excel_import
Executive Language Consultants,training_provider,ON,Mississauga,255-251 Queen Street S.,L5M 1L7,19058287840,,https://elc-canada.com/contact-us/,,True,db1b9ffd-6cb5-49f9-a412-a2ec27c72f78,2026-01-10T13:15:05.446113+00:00,excel_import
Fox College Of Business,college,ON,Mississauga,4192 Viburnum Crt.,L5C 3V5,,,https://foxcollege.ca/,,True,60779e9c-6402-4d6f-8554-ec44be010576,2026-01-10T13:15:05.447380+00:00,excel_import
Gina'S College Of Advanced Aesthetics Corporation,college,ON,Mississauga,3045 Southcreek Road Suite 7,L4X 2X6,19056028891,bol@nadrivers.com,https://www.ginascollege.com/,"Education, Healthcare, IT, Beauty",True,6822eb44-f3cb-4c44-8aea-1344a78c9e0b,2026-01-10T13:15:05.448683+00:00,excel_import
Gtaa Fire And Emergency Services Training Institute,training_provider,ON,Mississauga,2025 Courtneypark Drive,L5P 1B2,14167765997,info@oliverslearning.com,https://festi.ca/,"Education, IT",True,c8f349d5-911e-439e-be16-03d3354776ac,2026-01-10T13:15:05.449982+00:00,excel_import
Ifse Institute Of Financial Services Education Inc.,training_provider,ON,Mississauga,601-50 Burnhamthorpe Road W,L5B 3C2,905-803-1110,info@ospe.on.ca; pd@ospe.on.ca,https://www.ifse.ca/,"Education, Community, IT",True,5950a719-5e52-4398-a674-7222120408e8,2026-01-10T13:15:05.451215+00:00,excel_import
Toronto Innovation College,college,ON,Mississauga,5975 Whittle Road #220,L4Z 3N1,9052680958,,https://www.iibs.ca,"Education, Healthcare, Business, IT, Security, Arts",True,9617d409-93d5-44ab-937a-44dad2ff3695,2026-01-10T13:15:05.452613+00:00,excel_import
Institute Of Machine Tool Technology,training_provider,ON,Mississauga,B&C-3687 Nashua Drive,L4V 1V5,19059082355,,http://www.imttcanada.com/,"Education, IT, Arts, Manufacturing",True,1bcf0071-05f6-445d-aa8e-76205f606466,2026-01-10T13:15:05.453871+00:00,excel_import
International Beauty Institute Inc.,training_provider,ON,Mississauga,100-2085 Hurontario Street,L5A4G1,1416-438-3863,,https://www.intlbeautyinstitute.com/,"Education, Healthcare, IT, Childcare, Beauty",True,99fcdd30-ffe8-477c-817d-bb07c7d7c504,2026-01-10T13:15:05.455112+00:00,excel_import
J.A.D.E. - Jai'S Academy For Dental Education,training_provider,ON,Mississauga,320 Matheson Blvd W #105 & 106,L5R 1R1,18888845233,osao.info@artottawa.ca; info@artottawa.ca,http://www.jade.courses/,"Education, IT, Childcare, Arts",True,5f2bab59-9906-420c-9ae9-640d86340d5f,2026-01-10T13:15:05.456338+00:00,excel_import
Kmaster Electronics College Of Technology,college,ON,Mississauga,20-2386 Haines Rd.,L4Y 1Y6,416-831-5257,pims.library@utoronto.ca,https://cellphonerepairtraining.ca/,"Education, Healthcare, Community, IT, Childcare, Arts",True,8f5f9e5e-c9ad-4da4-b355-9526e62bc00c,2026-01-10T13:15:05.457638+00:00,excel_import
Maple Leaf College Of Business And Technology,college,ON,Mississauga,5865 McLaughlin Road,L5R 3V5,833-652-2655,admissions@mlccollege.com,https://mlc-college.com/,,True,fc732723-dd9d-4b2d-a095-9d281c043716,2026-01-10T13:15:05.458957+00:00,excel_import
Marie Ann Longlade School Of Dancing,training_provider,ON,Mississauga,205-1650 Dundas Street East,L4X 2Z3,(905) 276-7471,info@suci2.ca; training@suci2.ca,http://www.marieannlongladeschoolofdance.com/,,True,dd705c4e-d8b9-4e3b-95dc-b573ca812cde,2026-01-10T13:15:05.460170+00:00,excel_import
Metalworks Institute Of Sound & Music Production,training_provider,ON,Mississauga,3611 Mavis Road,L5C 1T7,(905) 279-4000,,https://metalworksinstitute.com/,"Education, Business, IT, Childcare, Arts, Manufacturing",True,cc171a47-0fe5-4227-8572-e2be570db450,2026-01-10T13:15:05.461389+00:00,excel_import
"Mlc College Of Business, Technology & Healthcare",college,ON,Mississauga,101-3173 Erindale Station Road,L5C 1Y5,(905) 507-8200,,http://www.mlccollege.com/,"Education, Healthcare, Community, Business, IT, Beauty",True,6c915206-beaf-4f6f-ac2d-03c5b82acf52,2026-01-10T13:15:05.462632+00:00,excel_import
Olympic Truck Training Centre,training_provider,ON,Mississauga,1121 Derry Road East,L5T 1P3,(647) 280-5000,,http://olympictrucktrainingcentre.com/,,True,93c843c4-c21b-46ca-86c0-f3c85719cadc,2026-01-10T13:15:05.463869+00:00,excel_import
Ontario Catholic Supervisory Officers' Association - Ocsoa,training_provider,ON,Mississauga,730 Courtneypark Drive West,L5W 1L9,(905) 564-8206,,https://ocsoa.ca/,"IT, Arts",True,5f2af5e1-13e6-494a-b645-3c430f9250ac,2026-01-10T13:15:05.465087+00:00,excel_import
Ontario Safety League,training_provider,ON,Mississauga,2595 Skymark Avenue,L4W 4L5,(905) 625-0556,,https://ontariosafetyleague.com/,"Education, IT, Logistics",True,41fac576-5a01-4b7c-8e9f-a6e0fa3880fc,2026-01-10T13:15:05.466327+00:00,excel_import
Peel College Of Professional Studies,college,ON,Mississauga,101-1450 Meyerside Drive,L5T 2N5,(647) 222-8940,,https://peelcollege.ca/,"Education, Healthcare, Business, IT, Culinary, Arts",True,625345ef-2b6c-4b76-9d7e-8691d7f8d077,2026-01-10T13:15:05.467570+00:00,excel_import
Peel District School Board - Adult Education Centre South,training_provider,ON,Mississauga,1490 Ogden Avenue,L5E 2H8,(905) 270-6000,,https://www.peelschools.org/,,True,87d190ab-4c3b-48ec-a141-b9a465aa5eb5,2026-01-10T13:15:05.468781+00:00,excel_import
Phs Truck & Training Services Ltd.,training_provider,ON,Mississauga,3&4-7150 Torbram Road,L4T 3Z8,(905) 671-2933,,http://www.phstraining.ca/,"Education, IT, Logistics",True,bf5abe96-0b25-4272-8d81-74d6e1ddd6f2,2026-01-10T13:15:05.469994+00:00,excel_import
Prep Doctors Corp.,training_provider,ON,Mississauga,200-1515 Matheson Blvd. E.,L4W 2P5,(855) 397-7737,,https://prepdoctors.ca/,"Education, Healthcare, IT, Manufacturing, Dental",True,fb4c4e25-b9d4-4076-8243-82b765ecf3a4,2026-01-10T13:15:05.471230+00:00,excel_import
Scholars Dental Education Inc.,training_provider,ON,Mississauga,Suite 501-77 City Centre East Tower,L4W 0A5,(647) 247-6390,kwvi@golden.net,https://www.scholarsdental.com/,"Education, Healthcare, Dental",True,59f67f3d-5862-4bc9-9621-0712967c6faf,2026-01-10T13:15:05.472458+00:00,excel_import
Skills Development Centre (Ihsa),training_provider,ON,Mississauga,5345 Creekbank Road,L4W 5L5,(416) 674-2726,,http://www.ihsa.ca/,"Education, Healthcare, IT",True,26619953-e3e8-4ccc-a5bf-93459b20b3e7,2026-01-10T13:15:05.473682+00:00,excel_import
Southern Ontario College Of Osteopathy,college,ON,Mississauga,1020 Johnson's Lane,L5J 2P7,(905) 916-7626,info@beyondyogaottawa.com,http://www.clinicalosteopathy.com/,,True,85f21850-008e-4701-a237-be6785b20d22,2026-01-10T13:15:05.474903+00:00,excel_import
Thai Massage Toronto,training_provider,ON,Mississauga,200-268 Lakeshore Road East,L5G 1H1,(416) 833-6506,,http://www.thaimassagetoronto.com/,"Education, Healthcare, IT, Beauty",True,a07615ec-41c0-4106-b769-8cb109047a1d,2026-01-10T13:15:05.476129+00:00,excel_import
The Bowen Institute,training_provider,ON,Mississauga,6855 Meadowvale Town Centre Circle #300,L5N 2Y1,(905) 813-8852,,http://www.boweninstitute.ca/,"Education, IT",True,f93838c7-f135-4602-8a0b-d63f6ab8cb26,2026-01-10T13:15:05.477350+00:00,excel_import
Tnt Truck & Forklift Training Centre Ltd.,training_provider,ON,Mississauga,7150 Tranmere Drive,L5S 1L9,(905) 676-7575,,https://www.truckservicez.com/,,True,7ef06c5a-a688-4b49-996d-e0b4d96c366b,2026-01-10T13:15:05.478560+00:00,excel_import
Vm Truck Academy Inc.,training_provider,ON,Mississauga,7370 Bramalea Road #14,L5S 1N6,(647) 292-6362,,http://www.vmtruckacademy.ca/,,True,e89ce2f0-7c48-4a46-83c7-613c3cbe0cf3,2026-01-10T13:15:05.479771+00:00,excel_import
Weldtech Training Inc.,training_provider,ON,Mississauga,6-1705 Argentia Road,L5N 3A9,(905) 567-1388,,http://www.weldtechtraining.com,"Education, Trades, IT",True,cd7169d8-0a6f-4528-8128-e2a5ec6629c2,2026-01-10T13:15:05.480980+00:00,excel_import
Operating Engineers Training Institute Of Ontario,training_provider,ON,Morrisburg,12580 County Road 2,K0C 1X0,(613) 543-2911,,http://www.oetio.com/,"Education, Healthcare, Trades, IT, Logistics",True,cd243be9-dac8-4f9a-9586-1263e2874ffc,2026-01-10T13:15:05.482204+00:00,excel_import
Simcoe County District School Board,training_provider,ON,Newmarket,1170 Highway 26,L3X 1N6,(705) 728-7570,,http://www.scdsb.on.ca/,"Education, Healthcare, Childcare, Arts",True,759a0790-ca95-4ed4-8444-abce9a312729,2026-01-10T13:15:05.483434+00:00,excel_import
Transitions College Of Business & Career Studies,college,ON,Niagara Falls,4687 Queen Street,L2E 2L9,(905) 358-7760,info@transitionscollege.ca,https://www.facebook.com/InfoTransitions/,,True,ff08ba92-6333-40ac-9b6f-7bcabd77adf9,2026-01-10T13:15:05.484642+00:00,excel_import
Ontario Truck Driving School - Niagara-On-The-Lake,training_provider,ON,Niagara-on-the-Lake,281 Queenston Road,L0S 1J0,(905) 685-1117,,http://www.otds.com/,"Education, IT, Logistics",True,a90024cf-3edb-4232-b4e0-0a8915ab7b1c,2026-01-10T13:15:05.485883+00:00,excel_import
St. Catharines Flying Club,training_provider,ON,Niagara-on-the-Lake,468 Niagara Stone Road,L0S 1J0,(905) 684-9447,,http://www.stcatharinesflyingclub.com/,,True,2f8c5177-9370-4780-b7fd-52e5976c6c53,2026-01-10T13:15:05.487083+00:00,excel_import
Willowbank,training_provider,ON,Niagara-on-the-Lake,14487 Niagara Parkway PO Box 212,L0S 1L0,(905) 262-1239,,http://www.willowbank.ca/,IT,True,18adce1b-f61b-47f0-aba1-d124607e4483,2026-01-10T13:15:05.488287+00:00,excel_import
Transport Training Centres Of Canada Inc. - Ste Catharines,training_provider,ON,Niagara-on-the-Lake,SS4 - 360 York Road,L0S 1J0,(905) 687-8462,,https://ttcc.ca/st-catharines,"Education, Healthcare, IT, Logistics",True,e1493023-6299-4d7c-a69b-4c71a774b07c,2026-01-10T13:15:05.489511+00:00,excel_import
Willowbank,training_provider,ON,Niagara-on-the-Lake,14487 Niagara Parkway,L0S 1L0,(905) 262-1239,,http://www.willowbank.ca/,IT,True,6fa5243b-62c1-4c5b-ade9-9bf54db290e6,2026-01-10T13:15:05.490725+00:00,excel_import
Helicopters Canada Flight Training School,training_provider,ON,North Bay,8-50 Terminal Street,P1B 8G2,(705) 494-4354,,http://www.helicopterscanada.com/,"Education, Healthcare, IT, Arts",True,eac7e6dd-8498-4307-9ad4-1aede96422e6,2026-01-10T13:15:05.491936+00:00,excel_import
Modern College Of Hairstyling & Esthetics- North Bay,college,ON,North Bay,10-1495 Seymour Street,P1A 0C5,(705) 474-1490,,http://www.moderncollege.ca/,"Education, IT, Childcare, Beauty",True,c6b88918-ab15-4fab-b24d-f66340b2452f,2026-01-10T13:15:05.493154+00:00,excel_import
Modern College Of Hairstyling And Esthetics - Barrie,college,ON,North Bay,10-1495 Seymour Street,P1A 0C5,(705) 393-1200,,http://www.moderncollege.ca/,"Education, IT, Childcare, Beauty",True,1d4f11d0-ea44-467e-ba38-1a5aa42f5743,2026-01-10T13:15:05.494364+00:00,excel_import
Modern College Of Hairstyling And Esthetics - Sudbury,college,ON,North Bay,10-1495 Seymour Street,P1A 0C5,(705) 671-9000,,http://www.moderncollege.ca/,"Education, IT, Childcare, Beauty",True,3d21a2ed-fb70-4f79-9577-49d18b0ee10b,2026-01-10T13:15:05.495578+00:00,excel_import
Transport Training Centres Of Canada - North Bay,training_provider,ON,North Bay,17 Willow Street,P1B 8Z4,(705) 840-1176,,http://www.ttcc.ca/north-bay,"Education, Healthcare, IT, Logistics",True,2f27d035-51ec-4bba-b26b-edd6116ce157,2026-01-10T13:15:05.496822+00:00,excel_import
Javelin Technologies Inc.,training_provider,ON,Oakville,4-585 Michigan Drive,L6L 0G1,19058151906,,https://www.javelin-tech.com/,"Education, Community, IT, Arts",True,5d8fce27-f143-4156-abe4-1d8757fddb8c,2026-01-10T13:15:05.498051+00:00,excel_import
Hi* Mark Occupational Skills Training Centre Ltd. - Cambridge,training_provider,ON,Cambridge,3-427 Dundas Street N.,N1R 5R,(519) 621-2620,admissions@octcm.com; toronto@octcm.com; markham@octcm.com,https://himark.ca/,"Education, Healthcare, Trades, Business, IT, Childcare, Arts",True,ae8bc9f8-7837-4358-b30d-9f887c0cbfdd,2026-01-10T13:15:05.499271+00:00,excel_import
Liaison College - Oakville,college,ON,Oakville,2273 Royal Windsor Drive,L6J 7X8,(905) 842-4336,info@primeinternationalcollege.com,http://www.liaisoncollegeoakville.com/,,True,40f1329b-03f6-4ab5-aa8a-883ffaddf9b9,2026-01-10T13:15:05.500459+00:00,excel_import
Oakville School Of Classical Ballet,training_provider,ON,Oakville,136 Church Street,L6J 1M9,(905) 302-5383,,http://www.oakvilleballet.com/,"Education, IT, Childcare, Arts",True,9fcffe94-49b2-4470-afb2-f12fc6a60d36,2026-01-10T13:15:05.501676+00:00,excel_import
Ontario Good Roads Association,training_provider,ON,Oakville,1525 Cornwall Road,L6J 0B2,(289) 291-6472,,https://goodroads.ca/,"Education, Healthcare, IT, Childcare",True,d4c01b20-ee5a-4b39-9144-07e3be7b59ea,2026-01-10T13:15:05.503077+00:00,excel_import
Hi* Mark Occupational Skills Training Centre Ltd. - Oro,training_provider,ON,Oro,2938 Highway 11 S,L0L 2X0,(705) 487-1393,,http://www.himark.ca/,"Education, Healthcare, Trades, Business, IT, Childcare, Arts",True,7af49d63-6641-48f8-a958-97f31ceaf8fb,2026-01-10T13:15:05.504331+00:00,excel_import
"Crossroads Truck Training Academy - Barrie, On",training_provider,ON,Oro Station,2493 HWY 11 N,L0L 2E0,(705) 719-2419,,http://www.crossroadsbarrie.ca/,"Education, IT, Logistics",True,d4dfd937-99e6-41ad-9473-6c535f04413a,2026-01-10T13:15:05.505576+00:00,excel_import
Huron-Superior Catholic District School Board,training_provider,ON,Sault Ste. Marie,90 Ontario Ave.,P6G 6G7,(705) 945-5400,,https://www.hscdsb.on.ca/,"Education, Community, IT, Childcare",True,9dd9d053-cdc1-40ca-a1c1-027cdee637ea,2026-01-10T13:15:05.506805+00:00,excel_import
Ontario Truck Training Academy,training_provider,ON,Oshawa,Oshawa,L1H 3V6,18007532284,,https://otta.ca,"Education, IT, Logistics",True,2920682f-aa98-4408-8e1b-6d26b2c35b3b,2026-01-10T13:15:05.508022+00:00,excel_import
Ibt College,college,ON,North York,500-47 Sheppard Ave. E.,M2N 7E7,+1 416.963.1211,oscadesk@gmail.com,https://ibtcollege.com/,"Education, Healthcare, Community, Business, IT, Arts",True,d4b84504-9a91-4ffd-8ac7-142d5d5fff26,2026-01-10T13:15:05.509240+00:00,excel_import
Art & Technique Academy Of Hairstyling And Esthetics,training_provider,ON,Oshawa,15 Simcoe Street S,L1H 4G1,905-728-5372,,https://artandtechnique.com/,"Education, Healthcare, IT, Beauty",True,d5009be0-fff5-440b-8896-65fc6b83cb84,2026-01-10T13:15:05.510462+00:00,excel_import
Art & Technique Academy Of Hairstyling And Esthetics - Cornwall,training_provider,ON,Oshawa,15 Simcoe St S.,L1H 4G1,905-728-5372,info@artandtechnique.com,https://www.artandtechnique.com/,,True,e5a774e0-2f9b-4414-aa87-640ccdf6769f,2026-01-10T13:15:05.511668+00:00,excel_import
Health Recovery Professionals,training_provider,ON,Oshawa,27-1100 Oxford Street,L1J 6G4,416-953-7633,ocsoa@ocsoa.ca,https://www.healthrecovery.ca/,"Education, Healthcare, Business, IT",True,1e180d21-e73d-4b5f-98c1-4d2c15ddb704,2026-01-10T13:15:05.512938+00:00,excel_import
Ottawa School Of Embodied Yoga Therapy Inc.,training_provider,ON,Oshawa,220 Chadburn St.,L1H 5V6,(416) 721-8529,,https://yogatherapyottawa.com/,"Education, Community, IT",True,32f43ef1-337a-4522-af6e-67cfb8a47af0,2026-01-10T13:15:05.514181+00:00,excel_import
Karma Yoga Academy,training_provider,ON,Oshawa,4703 Thornton Road North,L1H 7K4,,,http://www.karmayogabrooklin.com/,"Education, IT",True,ec658b45-3142-4b23-8426-86eb9ddc9d6f,2026-01-10T13:15:05.515424+00:00,excel_import
Toronto Airways Inc.,training_provider,ON,Oshawa,1250 Airport Blvd.,L1J 8P5,(905) 404-9252,,https://torontoairways.com/,"Education, IT",True,b0f908c2-51b1-415a-a9e9-2da6683c7d8e,2026-01-10T13:15:05.516648+00:00,excel_import
Transport Training Centres Of Canada Inc. - Whitby/Oshawa,training_provider,ON,Oshawa,B4- 200 John Street,L1J 2B4,(905) 668-4211,,http://www.ttcc.ca/oshawa,"Education, Healthcare, IT, Logistics",True,a2363650-c02e-4d33-89cf-9fdfe40da748,2026-01-10T13:15:05.518053+00:00,excel_import
Trillium College - Oshawa,college,ON,Oshawa,100-419 King Street West,L1J 2K5,(855) 234-2008,,https://www.trilliumcollege.ca/,"Education, Healthcare, Community, Business, IT, Beauty",True,a05b75dd-f4b1-4647-87eb-3bb06915880a,2026-01-10T13:15:05.519409+00:00,excel_import
Commercial Truck Training Centre Inc.,training_provider,ON,Ottawa,53 Gemstone Cove,K2P 1M2,(204) 291-8471,info@cttc.ca,http://www.cttc.ca/,"Education, Healthcare, IT, Logistics, Arts",True,2c54b9b0-c167-4af5-bdfc-0b120d49b7d4,2026-01-10T13:15:05.520631+00:00,excel_import
Aboriginal Financial Officer Association Of Canada,training_provider,ON,Ottawa,301-1066 Somerset Street W,K1Y 4T3,613-722-5543,,https://afoa.ca/,,True,68b003ee-50b5-4371-a17e-4a2227a788a0,2026-01-10T13:15:05.521836+00:00,excel_import
Academie De Dessin De Mode Richard Robinson Academy Of Fashion Design Inc.,training_provider,ON,Ottawa,419 Sussex Drive,K1N 9M6,613-241-5233,info@beyondyogaottawa.com,https://www.richardrobinson.com/,"Education, Arts",True,378fa5f7-c693-43c1-b772-9d155815b9e1,2026-01-10T13:15:05.523054+00:00,excel_import
Algonquin Careers Academy,training_provider,ON,Ottawa,1830 Bank Street,K1V 7Y6,613.722.7811,info@cameratamusic.ca,http://www.algonquinacademy.com/,"Education, Healthcare, IT, Childcare, Arts",True,338b520f-14c6-44a2-9d5c-e36745dca45f,2026-01-10T13:15:05.524101+00:00,excel_import
Alliance FranÃ£ÂƒÂÂ‡Aise De La RÃ£ÂƒÂÂ‰Gion De La Capitale Nationale Du Canada Inc.,training_provider,ON,Ottawa,352 rue MacLaren,K2P 0M6,613-234-9470,info@chectraining.com,https://www.af.ca/,,True,f322f096-9c99-4ee6-b03d-4a91c106621f,2026-01-10T13:15:05.525173+00:00,excel_import
Arthur Murray Dance Studio,training_provider,ON,Ottawa,1175 Wellington Street W #5,K1Y 2Y9,(613) 233-7911,,https://arthurmurrayottawa.ca/,"Education, Community, IT, Childcare, Arts",True,c85efe0a-d8bf-4a3a-b707-84ec8125b738,2026-01-10T13:15:05.526270+00:00,excel_import
Association Des Directions Et Directions Adjointes Des ÃƒÂƒÂÂ‰Coles Franco-Ontariennes,training_provider,ON,Ottawa,12-5480  chemin Canotek,K1J 9H6,(613) 789-1998,info@cchap.ca,http://adfo.org/,Other,True,5616857e-87b8-468f-83d6-4e5cca43e744,2026-01-10T13:15:05.527277+00:00,excel_import
Association Des Gestionnaires De L'Education Franco- Ontarienne,training_provider,ON,Ottawa,435 rue Donald Bureau 340,K1K 4X5,(613) 741-5107,,http://www.afeseo.ca/,,True,cee1bda0-b35a-4460-9195-5d4226df0c32,2026-01-10T13:15:05.528236+00:00,excel_import
Audio Recording Academy,training_provider,ON,Ottawa,1540 Raven Avenue,K1Z 7Y9,(613) 798-0070,,http://tara.ca/,Other,True,b1264d70-c72c-4d55-b894-6ada1501757a,2026-01-10T13:15:05.529188+00:00,excel_import
"Berlitz Canada  - Sparks St., Ottawa",training_provider,ON,Ottawa,350 Sparks Street,K1R 7S8,(613) 234-8686,,https://www.berlitz.com/en-ca/,"Education, Healthcare, Business, IT, Beauty",True,67f93497-1e0c-4745-919a-249b83f85ff1,2026-01-10T13:15:05.530159+00:00,excel_import
Beyond Yoga Studio & Wellness Centre Inc.,training_provider,ON,Ottawa,3-66 Hearst Way,K2L 2P4,(613) 591-9642,,http://www.beyondyogaottawa.com/,"Education, IT",True,95c435e7-1e3b-41ec-b1bc-24adf0e2773b,2026-01-10T13:15:05.531119+00:00,excel_import
Camerata Music,training_provider,ON,Ottawa,300-1716 Woodward Drive,K2A 0P8,(613) 728-1195,,http://www.cameratamusic.ca/,,True,ddd47b4d-83ad-4ede-8f6e-57ba52d6d250,2026-01-10T13:15:05.532053+00:00,excel_import
Canadian Association Of Medical Radiation Technologists,training_provider,ON,Ottawa,1300-180 Elgin Street,K2P 2K3,(613) 234-0012,,https://www.camrt.ca/,"Education, Healthcare, Business, IT",True,099f9c2d-7826-41b4-ad25-64fd877adfbd,2026-01-10T13:15:05.533002+00:00,excel_import
Canadian Association Of Optometrists,training_provider,ON,Ottawa,234 Argyle Avenue,K2P 1B9,(613) 235-7924,inquiries@cttca.ca,https://opto.ca/,,True,4a8200b9-4658-4a2b-8166-ed11b3029b27,2026-01-10T13:15:05.533954+00:00,excel_import
Canadian Bar Association,training_provider,ON,Ottawa,1200-66 Slater Street,K1P 5H1,(613) 237-2925,,https://www.cba.org/,Healthcare,True,c4031b7b-28af-4ee5-a092-e0443b0f0f51,2026-01-10T13:15:05.534887+00:00,excel_import
Canadian National Institute Of Health Inc.,training_provider,ON,Ottawa,303 Dalhousie Street,K1N 7E8,(613) 726-2644,frontdesk@hscdsb.on.ca,https://www.cnih.ca/,"Education, Healthcare, IT, Childcare, Dental",True,8661dadb-b19b-4153-8a3b-10d239b0e9ca,2026-01-10T13:15:05.535830+00:00,excel_import
Canadian Psychological Association,training_provider,ON,Ottawa,702-141 Laurier Avenue West,K1P 5J3,(888) 472-0657,,http://www.cpa.ca/,"Education, Healthcare, IT, Arts",True,d1a1da61-fec0-4c94-acc7-aa175af67e82,2026-01-10T13:15:05.536768+00:00,excel_import
Canadian Society Of Customs Brokers,training_provider,ON,Ottawa,55 Murray Street,K1N 5M3,(613) 562-3543,,https://cscb.ca/en,,True,7ca02649-0c69-48f9-98d2-452d0a7544b6,2026-01-10T13:15:05.537681+00:00,excel_import
Cartier Language School,training_provider,ON,Ottawa,358 Meilleur Private,K1L 0A2,,info@lakeheadschools.ca,http://www.cllc.ca/,"Education, IT, Childcare",True,a811ca64-f639-4c09-a84a-1828dde9d4a5,2026-01-10T13:15:05.538609+00:00,excel_import
Centre Franco-Ontarien De Ressources PÃ£ÂƒÂÂ‰Dagogiques,training_provider,ON,Ottawa,435  Donald St,K1K 4X5,(877) 742-3677,,http://www.lecentrefranco.ca/,"Community, IT",True,c93821e7-031b-4c22-860e-ee94453684ff,2026-01-10T13:15:05.539539+00:00,excel_import
Cornerstone Academy Of Biblical Studies Inc.,training_provider,ON,Ottawa,1196 Wellington Street,K1Y 2Z5,(613) 725-1432,,http://cabsinc.ca/,"Education, Business, Childcare",True,826419f3-2da1-4bb9-be6f-b9bca9a77739,2026-01-10T13:15:05.540604+00:00,excel_import
"Crossroads Truck & Career Academy - Ottawa, On",training_provider,ON,Ottawa,200-1392 Cyrville Road,K1B 3L9,(866) 529-1113,,http://cttca.ca/trucktraining/home/,"Education, IT",True,36491407-5a1e-4127-ba7d-da483fbecdec,2026-01-10T13:15:05.541685+00:00,excel_import
Versailles Academy Of Make-Up Arts & Esthetics,training_provider,ON,Ottawa,1930 Bank Street #1,K1V 7Z8,(613) 521-4155,admissions@maxthemutt.com; info@maxthemutt.com,http://www.versaillesacademy.com/,"Healthcare, IT, Beauty",True,0d7aa509-d873-4428-92dc-7ec6f6d5a289,2026-01-10T13:15:05.542652+00:00,excel_import
Crossroads Truck And Career Academy - Ottawa,training_provider,ON,Ottawa,"1392 Cryville Road, 2nd floor",K1B 3L9,(613) 742-7499,inquiries@cttca.ca,https://www.cttca.ca/,,True,8d0e0e0d-9da1-4bef-9d9e-3f24e4113cad,2026-01-10T13:15:05.543599+00:00,excel_import
Elevate Yoga,training_provider,ON,Ottawa,298 Elgin Street,K2P 1M3,(613) 237-7447,info@nationalacademyofosteopathy.com; drali@osteo-rehab.ca,https://elevateyoga.ca/,,True,5ba01ee9-6057-4bac-b6ab-e21820cd5d59,2026-01-10T13:15:05.544538+00:00,excel_import
Gina'S College Of Advanced Aesthetics Corporation,college,ON,Ottawa,215 Dalhousie Street,K1N 7C9,(613) 789-7875,,https://www.ginascollege.com/,"Education, Healthcare, IT, Beauty",True,6c96e5a7-ea03-4efa-84a3-0929902b9946,2026-01-10T13:15:05.545507+00:00,excel_import
Healthcarecan / SoinssantÃ£ÂƒÂÂ‰Can,training_provider,ON,Ottawa,100-17 York Street,K1N 5S7,(613) 241-8005,,http://www.healthcarecan.ca/,"Education, Healthcare",True,ab478420-5a80-4d1d-8d75-36afe5256d39,2026-01-10T13:15:05.546463+00:00,excel_import
Hi* Mark Occupational Skills Training Centre Ltd. - Ottawa,training_provider,ON,Ottawa,2508 Del Zotto Avenue,K1T 3V7,(613) 822-0188,,http://www.himark.ca/,"Education, Healthcare, Trades, Business, IT, Childcare, Arts",True,fc0820e8-76a0-4032-aa34-1ef88b951d3c,2026-01-10T13:15:05.547422+00:00,excel_import
Institute Of Professional Management,training_provider,ON,Ottawa,1081 Ambleside Drive,K2B 8C8,(613) 721-5957,,https://www.workplace.ca/,"Education, Business, IT",True,e2ba7c97-3bee-4904-b455-982ed0b4bd83,2026-01-10T13:15:05.548365+00:00,excel_import
Le Cordon Bleu Ottawa Culinary Arts Institute,training_provider,ON,Ottawa,453 Laurier Avenue East,K1N 6R4,(613) 236-2433,info@prepdoctors.ca,https://www.cordonbleu.edu/ottawa/en,"Education, Business, IT, Culinary, Arts",True,26c78629-1fac-451c-8280-40d101c6a158,2026-01-10T13:15:05.549309+00:00,excel_import
LycÃ£ÂƒÂÂ‰E Claudel,training_provider,ON,Ottawa,1635 Lycee Place,K1G 0E5,(613) 733-8522,info@rccmt.com,http://www.claudel.org/,IT,True,10952d79-e5f3-4378-b2e0-24de28ef5b8d,2026-01-10T13:15:05.550241+00:00,excel_import
Mentoru Inc.,training_provider,ON,Ottawa,1716 Bellechasse Pl.,K1C 6W3,,info@mentoru.ca,https://mentoru.ca/,,True,a0fdc58f-674b-4bb4-9c7c-cf9f3c134237,2026-01-10T13:15:05.551153+00:00,excel_import
"Nurses Specialized In Wound, Ostomy And Continence Canada",training_provider,ON,Ottawa,66 Leopolds Drive,K1V 7E3,(888) 739-5072,info@thefitnessfirm.ca,http://memberscaet.ca/,,True,e1671072-1a55-4e8f-8337-623e1b697df3,2026-01-10T13:15:05.552075+00:00,excel_import
Ottawa College Of Homeopathy,college,ON,Ottawa,210 McGillivray Street,K1S 1L2,(613) 241-0005,admin@ttdschool.com,http://www.ochomeopathy.ca/,"Education, Business, IT",True,cc6e057a-ba36-49f9-9aad-2887933b5580,2026-01-10T13:15:05.552999+00:00,excel_import
Ottawa Flying Club,training_provider,ON,Ottawa,20 Lindbergh Private,K1V 1H7,(613) 523-2142,info@spiritgrows.ca,http://ofc.ca/,"Education, Healthcare, IT, Arts",True,f50adf36-feeb-4697-9f0c-75acc88693d0,2026-01-10T13:15:05.553921+00:00,excel_import
Ottawa Japanese Language School,training_provider,ON,Ottawa,Unit B16-2285 St. Laurent Blvd.,K1G 4Z5,(613) 981-9296,,http://ojls.ca/en/location,,True,f1985385-23e3-4825-b02d-132deb6cbe6a,2026-01-10T13:15:05.554853+00:00,excel_import
Ottawa School Of Art,training_provider,ON,Ottawa,35 George Street,K1N 8W5,(613) 241-7471,,https://www.artottawa.ca/,"Education, Community, Childcare, Arts",True,f30566ff-b2d7-473b-8ad3-f8076d82ad81,2026-01-10T13:15:05.555999+00:00,excel_import
Pranashanti Yoga Centre,training_provider,ON,Ottawa,950 Gladstone Avenue,K1Y 3E6,(613) 761-9642,,https://pranashanti.com/,"Education, IT",True,125364be-3105-4802-a485-483174f98cf5,2026-01-10T13:15:05.557168+00:00,excel_import
Qc Quality Of Course Inc.,training_provider,ON,Ottawa,38 McArthur Avenue,K1L 6R2,(833) 600-3751,info@trilliumcollege.ca,http://www.qcdesignschool.com/,"Education, IT, Arts",True,efa48eaf-7013-491e-841f-609c7b712746,2026-01-10T13:15:05.558174+00:00,excel_import
Rockcliffe Flying Club (1961),training_provider,ON,Ottawa,1495 Sir George-Etienne Cartier,K1K 4Y5,(613) 746-4425,,http://www.rfc.ca/,"Education, IT, Logistics",True,32dce693-fe86-4e26-ae42-a9f6b6cb95ae,2026-01-10T13:15:05.559345+00:00,excel_import
School Of The Photographic Arts: Ottawa,training_provider,ON,Ottawa,77 Pamilla Street,K1S 3K7,(613) 562-3824,info@wwfc.ca,http://www.spao.ca/,"Healthcare, Community, Beauty",True,23844f74-4bdb-48b8-a6be-5e44a8c775b4,2026-01-10T13:15:05.561917+00:00,excel_import
Success Language School & Translation Services,training_provider,ON,Ottawa,7888 Decarie Drive,K1C 2K3,(613) 795-5773,,http://www.successlanguageschool-ecolesucces.com/,,True,f9eb962e-f6be-4601-864b-6f8d08a66531,2026-01-10T13:15:05.562953+00:00,excel_import
The School Of Dance,training_provider,ON,Ottawa,200 Crichton Street,K1M 1W2,(613) 238-7838,,http://www.theschoolofdance.ca/,"Education, Healthcare, IT, Arts",True,700caadc-9fb7-411f-9e0f-9d0bbae53cd3,2026-01-10T13:15:05.563970+00:00,excel_import
Toronto Truck Driving School - Ottawa,training_provider,ON,Ottawa,940 Belfast Rd Suite 204,k1G 4A2,(613) 730-7500,ottawa@torontotruckdrivingschool.com,https://www.ttdsottawa.com/,,True,be1e1c58-2f53-4c3e-907c-f35e03d22694,2026-01-10T13:15:05.564978+00:00,excel_import
Transport Training Centres Of Canada - Ottawa,training_provider,ON,Ottawa,1540 Star Top Road,K1B 3W6,(613) 244-3444,,https://ttcc.ca/ottawa-east,"Education, Healthcare, IT, Logistics",True,9f5fdfd5-424d-40b0-9e03-2b6ad510aef7,2026-01-10T13:15:05.565964+00:00,excel_import
Vanessa Plettell Dance Inc.,training_provider,ON,Ottawa,8-1501 Sieveright RD,K1G 1M5,(613) 730-3066,,https://www.vanessaplettelldance.com/,"Education, IT, Arts",True,82f98670-688f-4619-9f8c-45fa5cd73c53,2026-01-10T13:15:05.566984+00:00,excel_import
Vendange Institute,training_provider,ON,Ottawa,C108-440 Albert Street,K1R 5B5,(613) 562-7840,,http://www.vendangeinstitute.com,"Education, Community, IT, Culinary, Environment",True,45102ada-65a2-46d3-ae33-a3cfbac422dd,2026-01-10T13:15:05.568055+00:00,excel_import
Victor Avila Piano Studio,training_provider,ON,Ottawa,246 Dale Ave,K1G 0H5,(873) 353-5896,,http://www.victoravilapianostudio.com/,,True,1abf18b5-437e-45b7-b2f1-932da7f04689,2026-01-10T13:15:05.569082+00:00,excel_import
Wishingtree Yoga Centre,training_provider,ON,Ottawa,72 McClintock Way,K2L 2A2,(613) 591-9642,,http://www.beyondyogaottawa.com/,"Education, IT",True,1ee44107-c47e-490f-aad8-a889ac5e7891,2026-01-10T13:15:05.570101+00:00,excel_import
Yoga & Tea Studio Inc.,training_provider,ON,Ottawa,181 Hidden Lake Crescent,K0A 1L0,(613) 304-6320,,http://www.yogaandtea.com/,"Education, IT",True,f18caa7c-ac45-4421-9a4b-1a9dc3625b60,2026-01-10T13:15:05.571118+00:00,excel_import
Metro College Of Technology,college,ON,North York,500-789 Don Mills Road,M3C 1TS,(416) 585-9880,info@skilledtradescollege.ca,https://metroc.ca/,"Education, Business, IT",True,bfa046c5-014d-4086-b724-cf312d8f14f8,2026-01-10T13:15:05.572104+00:00,excel_import
Yogatown,training_provider,ON,Ottawa,300 Preston Street 2nd Floor,K1R 7R6,(613) 234-9642,,http://myyogatown.com/,,True,3ffe52b6-75c1-4028-ae6b-ed441828673c,2026-01-10T13:15:05.573080+00:00,excel_import
Ontario Truck Driving School - Owen Sound,training_provider,ON,Owen Sound,1051 2nd Ave E,N4K 2H8,(519) 376-0444,,http://www.otds.com/,"Education, IT, Logistics",True,c95c1ac7-ecd8-4435-9829-d4e8001a6e8b,2026-01-10T13:15:05.574069+00:00,excel_import
Transport Training Centres Of Canada Inc. - Owen Sound,training_provider,ON,Owen Sound,1717 Second Avenue East,N4K 6V4,(519) 371-6512,,http://www.ttcc.ca/owen-sound,"Education, Healthcare, IT, Logistics",True,61f0cffa-03c0-4166-a59f-770e37dccf92,2026-01-10T13:15:05.575058+00:00,excel_import
Trillium Healing Arts,training_provider,ON,Owen Sound,235 9th Street E,N4K 1N8,(519) 372-9212,,http://trilliumhealingarts.ca/,,True,d5a9085e-22d6-4333-a924-21c85d45abc1,2026-01-10T13:15:05.576018+00:00,excel_import
Word Of Life Fellowship Canada Inc.,training_provider,ON,Owen Sound,617796 Grey Road 18,N4K 5W4,(519) 376-3516,,http://www.wol.ca/,IT,True,44dfef0c-2663-42ee-a9b3-22a7553f4d7a,2026-01-10T13:15:05.576990+00:00,excel_import
Asta Hairstyling School,training_provider,ON,Peterborough,856 Chemong Road,K9H 5Z8,(705) 743-9938,,http://www.astahairstylingschool.net/,"Education, Community, IT, Beauty",True,761f8a38-b638-4778-b633-ea16cbe5d54a,2026-01-10T13:15:05.578067+00:00,excel_import
Ontario Truck Training Academy - Peterborough On,training_provider,ON,Peterborough,365 Lansdowne Street E #3,K9L 2A3,(705) 743-1888,elainekopman@rogers.com,http://www.otta.ca/,"Education, IT, Logistics",True,60336f59-8191-4c49-b18b-7ab2f231d9d4,2026-01-10T13:15:05.579159+00:00,excel_import
Transport Training Centres Of Canada Inc. - Peterborough,training_provider,ON,Peterborough,6B-724 Erskine,K9J 5T9,(705) 741-4518,,http://www.ttcc.ca/peterborough,"Education, Healthcare, IT, Logistics",True,f07ced41-9045-470c-b32a-7d506d39eb91,2026-01-10T13:15:05.580215+00:00,excel_import
Beauty Institute Canada,training_provider,ON,Pickering,1970 Brock Road,L1V 1Y3,19056740100,info@montessori-institute.ca,https://beautyinstitutecanada.com/,,True,d8d3f7ea-1ada-4195-b65b-7b43e1d3b6f0,2026-01-10T13:15:05.581217+00:00,excel_import
Durham Truck & Forklift Driving School Ltd.,training_provider,ON,Pickering,244-1099 Kingston Road,L1V 1B5,19054927500,,http://www.durhamtrucktraining.com/,,True,5f5b29ce-ca0e-45b1-a5c2-594ea3f9c247,2026-01-10T13:15:05.582188+00:00,excel_import
Canadian Language Learning College Cllc Ottawa,college,ON,Port Stanley,207 Queen Street,N5L 1A1,,info@healthcarecan.ca; chalearning@healthcarecan.ca,http://www.cllc.ca/,"Education, IT, Childcare",True,703fa42f-aaee-4e88-9a4b-74cd538b06a3,2026-01-10T13:15:05.583173+00:00,excel_import
Loyola Community Learning Centre - Trenton,training_provider,ON,Quinte West,91 Creswell Drive,K8V 5E3,(613) 965-5840,,http://www.learningatloyola.ca/,"Education, Healthcare, Community, IT",True,5d27f8cf-6fea-41e5-bf71-e9348251540d,2026-01-10T13:15:05.584200+00:00,excel_import
Canadian College Of Holistic Health,college,ON,Richmond Hill,205-13085 Yonge Street,L4E 3S8,12892349141,,https://cchh.org/,"Education, Healthcare, Business, Arts",True,79ea3d51-6f96-4b48-bc5b-1a4cf90ec9cb,2026-01-10T13:15:05.585171+00:00,excel_import
Ddsmasters,training_provider,ON,Richmond Hill,305-330 Highway 7 East,L4B 3P8,18664965080,admissions@metalworksinstitute.com; jade@metalworksinstitute.com; mark@metalworksinstitute.com,https://ddsmasters.com/,,True,42c42f65-c124-4a0c-b9a4-0916ce76f192,2026-01-10T13:15:05.586131+00:00,excel_import
Newborough Teacher Training Institute,training_provider,ON,Richmond Hill,11181 Yonge Street,L4S 1L2,(416) 639-7311,info@ttgtraining.org,http://newboroughschool.com/,"Education, Healthcare, IT, Childcare, Arts",True,90166b40-d362-4e71-931e-41991c04d5e3,2026-01-10T13:15:05.587133+00:00,excel_import
The Canadian College Of Health Care,college,ON,Richmond Hill,9040 Leslie Street,L4B 3M4,(289) 234-9141,,http://www.cchh.org/,"Education, Healthcare, Business, Arts",True,7f3dce12-2654-465c-9f1f-be921125bc8d,2026-01-10T13:15:05.588833+00:00,excel_import
Trillium Esthetic And Hair Technology College,college,ON,Richmond Hill,175 West Beaver Creek Road,L4B 3M1,(855) 234-2008,,https://www.trilliumcollege.ca/,"Education, Healthcare, Community, Business, IT, Beauty",True,93786cb6-90d4-4c5d-80a5-db596a3053fc,2026-01-10T13:15:05.590016+00:00,excel_import
Wellsprings College Of Massage Therapy & Esthetics,college,ON,Richmond Hill,205-13085 Yonge Street,L4E 3S8,(905) 884-9141,,,,True,4543cd81-5c35-4bb4-a136-becc31d82801,2026-01-10T13:15:05.591035+00:00,excel_import
Can - Weld Training & Testing Centre,training_provider,ON,Sarnia,3-1392 Plank Road,N7T 7H3,(519) 344-9222,info@theccat.ca,http://canweldsarnia.com/,"Education, Trades, IT",True,98edf23b-3053-4190-b546-6e495e0e30a3,2026-01-10T13:15:05.592016+00:00,excel_import
On Edge Academy Of Hair And Cosmetology,training_provider,ON,Sarnia,316 Talfourd Street,N7T 7T1,(519) 383-3148,info@lefca.org,https://www.facebook.com/TaylorsDesigns/,,True,b5f9e6ed-26cc-4b49-aff2-950d493672eb,2026-01-10T13:15:05.592989+00:00,excel_import
Ontario Truck Driving  School- Hamilton,training_provider,ON,Sarnia,1392 Plank Road #3,N7T 7H3,(519) 332-8778,,http://www.otds.com/,"Education, IT, Logistics",True,ff675e28-d0b4-4907-834e-f49725090f1a,2026-01-10T13:15:05.594251+00:00,excel_import
Ontario Truck Driving School,training_provider,ON,Sarnia,1392 Plank Road #3,N7T 7H3,(519) 332-8778,admissions@bayc.ca,http://www.otds.com/,"Education, IT, Logistics",True,89f5c212-0f56-434c-b8c4-bda031091ef0,2026-01-10T13:15:05.595491+00:00,excel_import
Van Goozen Music,training_provider,ON,Sarnia,115 Mitton Street South,N7T 3C5,(519) 344-2319,,http://www.vangoozenmusic.com/,,True,65f76f99-5a1d-4ee4-9b0e-6a16d5a30be7,2026-01-10T13:15:05.596640+00:00,excel_import
"A.P.R. Welding Academy - Sault Ste Marie, On",training_provider,ON,Sault Ste. Marie,566 Second Line East,P6B 4K1,17052545581,-astahairstylinschool@gmail.com; astahairstylingschool@gmail.com; astahairstylinschool@gmail.com,http://www.aprweldingacademy.com/,"Education, Trades, IT, Logistics",True,2dc5025a-9923-4c68-88ab-04f36dedc48f,2026-01-10T13:15:05.597741+00:00,excel_import
Crossroads Truck And Career Academy - Smiths Falls,training_provider,ON,Smiths Falls,10-12 Maple Avenue,K7A 1Z5,(613) 742-7499,inquiries@cttca.ca,https://www.cttca.ca/,,True,e873b155-1b3a-4185-9e21-24c546a97fca,2026-01-10T13:15:05.599496+00:00,excel_import
Canadian Flight Trainers,training_provider,ON,Smithville,8088 Twenty Road,L0R 2A0,(877) 687-7271,,https://flighttrainers.ca/,"Education, Healthcare, IT, Manufacturing",True,617921e3-f2ae-4c39-a4ed-9b15607c7dda,2026-01-10T13:15:05.600585+00:00,excel_import
Cappa School Of Hairstyling & Aesthetics Inc.,training_provider,ON,St. Catharines,56 St. Paul Street West,L2S 2C2,(905) 688-1175,,https://www.cappacollege.ca/,"Education, Healthcare, Trades, IT, Beauty, Arts",True,32c01dc5-b3ec-4727-a4fe-6c6f0746f492,2026-01-10T13:15:05.601640+00:00,excel_import
Concordia Lutheran Theological Seminary - Ontario,training_provider,ON,St. Catharines,470 Glenridge Avenue,L2T 4C3,(905) 688-2362,,https://concordia-seminary.ca/,"Education, Healthcare, IT",True,dd8e2d2f-4dc4-4253-bac2-e8d7d69dd9ac,2026-01-10T13:15:05.602639+00:00,excel_import
Adult & Community Education,training_provider,ON,St. Catharines,535 Lake Street,L2N 4H7,(905) 641-1550,,https://www.dsbn.org/,"Healthcare, Arts",True,e67742a7-a0da-4e1d-9236-3d0821368fe5,2026-01-10T13:15:05.603624+00:00,excel_import
Niagara Catholic District School Board,training_provider,ON,St. Catharines,145 Niagara Street,L2R 4L7,(905) 735-0240,association@ttmac.com; lisa@ttmac.com,https://www.niagaracatholic.ca/,"Education, Healthcare, Arts",True,d9f84714-f1d0-4cd9-9b92-7aee8bbe9504,2026-01-10T13:15:05.604619+00:00,excel_import
Niagara Skilled Trades Academy,training_provider,ON,St. Catharines,227 Bunting Road,L2M 3Y2,(905) 685-9393,,https://getatrade.com/,"Education, Healthcare, Trades, IT, Arts",True,a163a201-8cee-40b3-a033-281f2056d243,2026-01-10T13:15:05.605599+00:00,excel_import
St. Thomas Flight Centre,training_provider,ON,St. Thomas,44989 Talbot Line,N5P 3S7,(519) 637-8359,,http://www.maplewingsflight.ca/,,True,32916d07-5faf-4db7-ade8-67cbf1e87463,2026-01-10T13:15:05.606566+00:00,excel_import
Genesis Flight College,college,ON,Stayner,1973 Concession Road 6 North,L0M 1S0,(705) 300-1469,,https://flygenesis.ca/,"Education, IT, Manufacturing",True,07702823-5c9d-4c52-a196-2cc1067d5157,2026-01-10T13:15:05.607567+00:00,excel_import
Festival School Of Hairstyling,training_provider,ON,Stratford,4 McFarland Street,N5A 1P7,(519) 271-9551,info@newboroughschool.com,http://www.festivalhairschool.com/,"Education, IT, Childcare, Beauty",True,317e7eab-35db-4100-985b-e719142b4d6b,2026-01-10T13:15:05.608554+00:00,excel_import
Stratford Air Services Ltd.,training_provider,ON,Stratford,R.R. 1 - 3022 Line 40,N5A 6S2,(519) 271-4881,,http://www.stratfordairservicesltd.ca/,"Education, Arts",True,925ec5f0-79e6-498d-82d4-23c0ccde9b93,2026-01-10T13:15:05.609562+00:00,excel_import
Stratford Chefs School,training_provider,ON,Stratford,192  Ontario Street,N5A 3H4,(519) 271-1414,info@breatheyogastudio.com,http://www.stratfordchef.com/,"Education, Trades, Business, IT, Culinary, Arts",True,9fdb232b-f242-4ecb-8863-304ce36a3628,2026-01-10T13:15:05.610548+00:00,excel_import
Technical Training Group,training_provider,ON,Stratford,202-617 Douro Street,N5A 0B5,(519) 801-8641,,https://www.technicaltraininggroup.org/,"Education, Trades, IT, Childcare, Arts",True,704c6d5c-2410-4408-b7ce-8074fc075547,2026-01-10T13:15:05.611538+00:00,excel_import
Cornwall Aviation (1979) Ltd.,training_provider,ON,Summerstown,19403 Airport Road,K0C 2E0,(613) 931-3311,admissions@lft.ca,http://www.cornwallaviation.com/,"Education, Healthcare, IT",True,a012b1c2-1cb4-4a1e-b426-ebee7567e04d,2026-01-10T13:15:05.612515+00:00,excel_import
Evolve Physiotherapy Educational Institute,training_provider,ON,Thunder Bay,B-385 Hebert Street,P7A 4H1,(807) 577-3525,,http://www.evolvephysiotherapy.ca/,"Education, IT",True,253cc556-f4ac-44e2-916c-62efa3f44760,2026-01-10T13:15:05.613495+00:00,excel_import
Lakehead District School Board,training_provider,ON,Thunder Bay,2135 Sills Street,P7E 5T2,(807) 625-5100,email@address.com,http://www.lakeheadschools.ca/,"Education, Healthcare, IT",True,855e9cf0-d353-44be-b626-67558f043453,2026-01-10T13:15:05.614463+00:00,excel_import
Nu-Wave School Of Hair Design,training_provider,ON,Thunder Bay,1526 Victoria Avenue,P7C 1C5,(807) 623-6666,,http://www.nuwaveschool.ca/,"Education, IT, Beauty, Arts",True,9b6714e0-b85d-42a8-900e-709e03dc0737,2026-01-10T13:15:05.615463+00:00,excel_import
Transport Training Centres Of Canada - Thunder Bay,training_provider,ON,Thunder Bay,195 East Gore Street East,P7E 3R2,(807) 622-1152,,http://www.ttcc.ca/thunder-bay,"Education, Healthcare, IT, Logistics",True,7fd2a599-d22e-4dd6-a071-72cf80550eea,2026-01-10T13:15:05.617082+00:00,excel_import
Transport Training Centres Of Canada Inc. - Timmins,training_provider,ON,Timmins,2-3820 Hwy 101 West,P4R 0E4,(705) 267-2199,,http://www.ttcc.ca/timmins,"Education, Healthcare, IT, Logistics",True,9a29a20f-ee14-491c-8f52-6b669b21bc83,2026-01-10T13:15:05.618079+00:00,excel_import
Protégé College,college,ON,Toronto,3390 Midland Avenue,M1V 5K3,14167549866,Canada@protegeschool.com,https://www.protegeschool.com/,"Education, Healthcare, IT, Beauty, Arts",True,54baea11-8949-45b1-9fb2-6f02245917ab,2026-01-10T13:15:05.619061+00:00,excel_import
Abc Access Business College,college,ON,Toronto,5 Nipigon Avenue 2nd Floor,M2M 2V7,14165102739,,https://abccollege.ca/,"Education, Business, IT",True,2d80806a-c0a1-4a33-96b3-828e0ff05785,2026-01-10T13:15:05.620032+00:00,excel_import
The Toronto Art Therapy Institute,training_provider,ON,Toronto,8 Prince Arthur Avenue 2nd Floor #200,M5R 1A9,1416 9246221,,https://tati.on.ca/,"Education, Healthcare, IT, Arts",True,a22769ac-e198-456e-b1bb-b002932d7154,2026-01-10T13:15:05.621002+00:00,excel_import
Ciet (Canadian Institute For Energy Training),training_provider,ON,Toronto,"100 King Street West, Suite 5600",M5X 1C9,+1(416) 255-2004,,https://cietcanada.com/,"Education, Business, IT",True,869ea83b-8dbd-4713-957f-c2055bdced24,2026-01-10T13:15:05.621986+00:00,excel_import
A+ Academy Of Advancement,training_provider,ON,Toronto,2425 Eglinton Avenue E #200,M1K 5G8,16478892164,info@tara.ca,https://www.aplusacademy.ca/,"Education, Healthcare, Business, IT, Arts",True,77eac72d-d1a2-4f0c-a093-0430ddff34bc,2026-01-10T13:15:05.622955+00:00,excel_import
Ontario School Counsellors' Association,training_provider,ON,Erin,1 Mountainview Crescent,K0B 1T0,(705) 351-1184,Info@tbcollege.com,https://www.osca.ca/,"Education, Healthcare, Trades, IT",True,0d9ae67b-9939-4ed1-93a8-cd602ad6e511,2026-01-10T13:15:05.623940+00:00,excel_import
Ability Learning Network,training_provider,ON,Toronto,274 Geary Avenue,M6H 2C5,(416) 350-2331,,https://www.facebook.com/AbilityLearningNetwork/about,,True,706c9c8f-a2fe-4f4d-a70d-7870cbeed462,2026-01-10T13:15:05.624924+00:00,excel_import
Academy Of Applied Pharmaceutical Sciences,training_provider,ON,Toronto,885 Sheppard Avenue W,M3H 2T4,905.691.9263,example@gmail.com,https://www.aaps.ca/,"Education, Healthcare, IT, Childcare, Pharmacy",True,5d96b7ba-2a86-4fa2-851f-3c4e16e91b79,2026-01-10T13:15:05.625941+00:00,excel_import
Alpha International Academy,training_provider,ON,Toronto,3405 Kennedy Road,M1V 4Y3,(416) 640-0161,,http://www.alphacollege.ca/,"Education, Healthcare, Community, IT",True,69601390-15f8-4b4d-896b-7778051f335d,2026-01-10T13:15:05.627314+00:00,excel_import
Alpine Truck Driver Training,training_provider,ON,Toronto,10-595 Middlefield Road,M1V 3S2,14168691222,info@camrt.ca,https://www.alpinetruckdrivertraining.com/,"Education, IT",True,ad6ce168-c93c-41df-9e37-b277121c2e2f,2026-01-10T13:15:05.628829+00:00,excel_import
"Anderson College Of Health, Business And Technology",college,ON,Toronto,400-180 Bloor Street West,M5S 2V6,+1 833-787-1885,jjones@nsa.on.ca; info@nsa.on.ca; kstegenga@nsa.on.ca; zbensdira@nsa.on.ca; aprocenko@nsa.on.ca; rmcintosh@nsa.on.ca; pparenteau@nsa.on.ca; dgagnon@nsa.on.ca; mkawamura@nsa.on.ca; wgyles@nsa.on.ca; hgrant@nsa.on.ca; ctolles@nsa.on.ca; lflorjancic@nsa.on.ca; twalsh@nsa.on.ca; alove@nsa.on.ca; rpierce@nsa.on.ca; jwilkinson@nsa.on.ca; wvancise@nsa.on.ca,https://www.andersoncollege.com/,"Education, Healthcare, Community, Business, IT",True,702db069-2db4-4b78-8fb7-c061efb05ec8,2026-01-10T13:15:05.630118+00:00,excel_import
Aplus Institute - Toronto,training_provider,ON,Toronto,4950 Yonge Street,M2N 6K1,(416) 222-0500,,https://aplusinstitute.ca/,"Education, Healthcare, IT, Arts, Dental",True,c47504da-b754-42ba-b206-3bfd2182e122,2026-01-10T13:15:05.631379+00:00,excel_import
Avola College Of Hairstyling And Esthetics,college,ON,Toronto,282 Dundas Street East,M5A 1Z9,14169671800,info@montessori-institute.ca,http://avolacollege.com/,"Education, Healthcare, IT, Beauty",True,939724e5-c82a-4882-8678-7410f35a7c3e,2026-01-10T13:15:05.632646+00:00,excel_import
Beta College Of Business And Technology,college,ON,Toronto,301-2347 Kennedy Road,M1T 3T8,19058485050,info@csmls.org; Info@csmls.org,https://mybeta.ca/,"Education, Healthcare, Community, Business, IT, Arts",True,1ec166d6-b96a-40c6-b29c-adbb6b33c0d5,2026-01-10T13:15:05.633933+00:00,excel_import
Bitmaker General Assembly,training_provider,ON,Toronto,200-220 King Street West,M5H 1K4,18449694669,learn@canctb.ca,https://generalassemb.ly/,"Education, Business, IT, Manufacturing",True,29b2d5f5-5cdb-4708-b31b-646fc8cc35d7,2026-01-10T13:15:05.635196+00:00,excel_import
Body Harmonics Pilates Inc.,training_provider,ON,Toronto,406 - 672 Dupont Street,M6K 1Z6,416.482.4884 ext. 2,,https://www.bodyharmonics.com/,"Education, Healthcare, IT",True,694fa80c-5304-45fe-a276-9891574596df,2026-01-10T13:15:05.636451+00:00,excel_import
Bomi Education Canada,training_provider,ON,Toronto,400-229 Yonge Street,M5B 1N9,647-256-1438,info@cappacollege.ca,http://bomicanada.ca/,"Education, Business, Real Estate",True,355c638c-c98c-447a-9318-53b0c419ae28,2026-01-10T13:15:05.637709+00:00,excel_import
"Brainstation Inc. - King St., Toronto",training_provider,ON,Toronto,482 Front Street West,M5V 0W1,(800) 903-5159,,https://brainstation.io/hiring-partners,"Education, Business, IT, Childcare",True,2c2cf147-643a-4ddd-93d0-776ac3a54b66,2026-01-10T13:15:05.638972+00:00,excel_import
Brighton Launch,training_provider,ON,Toronto,150 Wynford Dr. 2nd Floor,M3C 1K6,416-200-4268,,https://www.brightonlaunch.ca/,"Education, IT",True,de1f2c69-864f-4d19-844e-a0f31c031565,2026-01-10T13:15:05.640244+00:00,excel_import
Business And Finance Institute Of Canada / 1000607078 Ontario Inc,training_provider,ON,Toronto,1400-18 King Street East,M5C 1C4,1 (800) 558-9796,,https://courses.businessandfinanceinstitute.com/,"Education, Arts",True,2fc0db27-cd72-497b-ab75-78de776d302e,2026-01-10T13:15:05.641504+00:00,excel_import
Business And Technical Training College Inc.,college,ON,Toronto,411-1280 Finch Avenue West,M3J 3K6,14164833567,,http://www.bttcollege.com/,"Education, Business, IT, Arts",True,7495101e-dfe9-461e-ace5-0e372dfe2320,2026-01-10T13:15:05.642782+00:00,excel_import
Canada College Of Education,college,ON,Toronto,180 Bloor Street W # 1102,M5S 2V6,416-926-0540,,https://ccet.ca/,,True,947a216a-5c3e-4ae5-86d1-2a82a4692391,2026-01-10T13:15:05.644031+00:00,excel_import
Canadian All Care College,college,ON,Toronto,300A-240 Alton Towers Circle,M1V 3Z3,416-661-0888,,http://www.canadianallcare.com/,Business,True,d69b8962-d29a-4015-9da8-e36366d47f46,2026-01-10T13:15:05.645291+00:00,excel_import
Canadian Care Academy Inc.,training_provider,ON,Toronto,315-200 Finch Avenue West,M2R 3W4,14167332096,,https://canadiancareacademyinc.com/,"Healthcare, Community",True,7928ab53-0dd2-43a6-a4af-7df997b37b8f,2026-01-10T13:15:05.646458+00:00,excel_import
"Canadian Centre For Language & Cultural Studies, Inc. (Cclcs)",training_provider,ON,Toronto,635 Markham Street,M4C 3M8,1.416.588.3900,,http://cclcs.ca/,"Education, IT, Arts",True,acbe2b39-cd7d-4c03-b562-cfe559deba6e,2026-01-10T13:15:05.647556+00:00,excel_import
"Canadian College Of Business, Science & Technology",college,ON,Toronto,5001 Yonge Street #305,M2N 6R6,647-691-0485,,https://ccbst.ca/,"Education, Healthcare, Community, Business, IT, Security, Legal",True,b71491a6-0d0c-4c7f-b298-8b4acb65c73a,2026-01-10T13:15:05.648713+00:00,excel_import
Canadian College Of Healthcare And Pharmaceutics,college,ON,Toronto,201-5481 Dundas Street West,M9B 1B5,(416) 233-7869,,http://www.cchap.ca/,"Education, Healthcare, Community, Business, IT",True,2d629ffd-dc66-45bf-9032-036419503daa,2026-01-10T13:15:05.649738+00:00,excel_import
Canadian College Of Homeopathic Medicine,college,ON,Toronto,500-1881 Yonge Street,M4S 3C4,14169662350,,https://homeopathycanada.com/#&gid=1&pid=1,"Education, Healthcare, IT, Arts",True,a2471087-4ac1-4a57-8a3b-d6a3fde45d77,2026-01-10T13:15:05.650750+00:00,excel_import
Canadian Consilium Of Natural Health Inc.,training_provider,ON,Toronto,150 Eglinton Avenue East,M4P 1E8,(416) 482-3772,,https://csnn.ca/,"Education, Healthcare, Business, IT",True,f5e4a144-7ec3-4e5e-81dc-71db1e69f7e7,2026-01-10T13:15:05.651751+00:00,excel_import
Canadian Film Centre,training_provider,ON,Toronto,2489 Bayview Avenue,M2L 1A8,416.445.1446,,http://www.cfccreates.com/,"Education, Business, IT",True,b52866a4-c451-44e3-a54d-75edb7d6c751,2026-01-10T13:15:05.652723+00:00,excel_import
Canadian Gemmological Association,training_provider,ON,Toronto,55 Queen Street E #105,M5C 1R6,16474662436,mississauga@ginascollege.com; ottawa@ginascollege.com; waterloo@ginascollege.com,http://canadiangemmological.com/,"Education, IT, Arts",True,cff24959-de93-4f4d-bbe5-c6abd6bb14a4,2026-01-10T13:15:05.653683+00:00,excel_import
Canadian Institute Of Floral Design,training_provider,ON,Toronto,3-2794a Lakeshore Blvd. W,M8V 1H5,14167339968,,https://www.cifd.ca/,"Education, Business, IT, Arts",True,5894833f-ae78-472f-89c3-64eece0fa274,2026-01-10T13:15:05.654764+00:00,excel_import
Canadian Institute Of Traffic And Transportation,training_provider,ON,Toronto,400-10 King Street East,M5C 1C3,416-363-5696,hinsthp@yahoo.com,https://www.citt.ca/,"Education, Healthcare, Community, Business, IT, Arts",True,bf725340-4cce-4b94-a126-5310b9fb2317,2026-01-10T13:15:05.655772+00:00,excel_import
Canadian International Freight Forwarders Association Inc.,training_provider,ON,Toronto,480 - 170 Attwell Drive,M9W 5Z5,14162345100,,https://www.ciffa.com/,"Education, Healthcare, IT, Security, Arts",True,e8efc986-c911-4d08-aea3-4b20ac294e12,2026-01-10T13:15:05.656775+00:00,excel_import
Canadian Language Learning College Cllc Toronto,college,ON,Toronto,910-45 Sheppard Avenue East,M2N 5W9,213117000000,admin@heaven-onearth.ca,https://www.cllc.ca/,"Education, IT, Childcare",True,02d09a7f-a8f0-4457-8fbc-bfa54515f798,2026-01-10T13:15:05.657764+00:00,excel_import
"Canadian Montessori Teacher Education Institute - Credit
Union Dr.",training_provider,ON,Toronto,1 Credit Union Drive,M4A 2S6,416-458-8970,training@himark.ca,https://Montessori-Institute.ca,"Education, IT, Childcare, Arts",True,c3f6cb9e-196b-47cc-bf59-556b04cdcca8,2026-01-10T13:15:05.658889+00:00,excel_import
Canadian Mothercraft Society,training_provider,ON,Toronto,32 Heath Street W,M4V 1T3,416-483-0511 ext. 4100,,https://mothercraft.ca/,"Education, Community, IT, Childcare",True,c6c450dd-e587-4ee2-8928-253b7313e247,2026-01-10T13:15:05.659880+00:00,excel_import
Canadian Natural Therapists And Aesthetics Academy,training_provider,ON,Toronto,18 Greenfield Ave,M2N3C8,416-512-8900,,https://www.cntaacollege.com/,"Education, Healthcare, Beauty",True,ce48663a-7fad-4ed7-bcd5-89fbb96434d9,2026-01-10T13:15:05.660860+00:00,excel_import
Canadian Professional Logistics Institute,training_provider,ON,Toronto,405-501 Alliance Avenue,M6N 2J1,14163633005,,http://www.loginstitute.ca/,"Education, Healthcare, Business, IT, Logistics",True,4da923b2-8eca-43c7-bc8f-5ee2d8256d1d,2026-01-10T13:15:05.661858+00:00,excel_import
Canadian School Of Private Investigation & Security Ltd.,training_provider,ON,Toronto,2828 Dufferin Street,M6B 3S3,14167855701,,https://www.cspis.com/,"Education, IT, Security",True,d5979f4e-5375-4e04-a21a-677fe6e09bf8,2026-01-10T13:15:05.662859+00:00,excel_import
Canadian Skills Development Centre,training_provider,ON,Toronto,15-4465 Sheppard Avenue East,M1S 5H9,14163218272,,http://www.canadianskills.ca/,"Education, Business, IT, Culinary",True,eb8df15d-4b37-4d4d-b925-8eb7405cc36f,2026-01-10T13:15:05.663834+00:00,excel_import
Catholic Principals' Council Of Ontario,training_provider,ON,Toronto,640-10 Carlson Court,M9W 6L2,(416) 483-1556,,http://cpco.on.ca/,"Education, Healthcare",True,3dc5a460-7739-487e-ba32-aa837d4b8f6f,2026-01-10T13:15:05.664808+00:00,excel_import
"Cestar College Of Business, Health And Technology",college,ON,Toronto,400-265 Yorkland Boulevard,M2J 1S5,14164858588,,http://www.cestarcollege.com/,"Education, Healthcare, IT, Culinary, Arts, Dental",True,491d4be1-38c8-4749-b0d7-5664f03360e0,2026-01-10T13:15:05.665790+00:00,excel_import
Chartered Professional Accountants Canada (Cpa),training_provider,ON,Toronto,277 Wellington Street West,M5V 3H2,18002683793,,https://www.cpacanada.ca/,,True,5f01bd83-859c-43b0-bbcc-82fafe1738f4,2026-01-10T13:15:05.666777+00:00,excel_import
Citi College Of Canadian Careers,college,ON,Toronto,305-1448 Lawrence Avenue East,M4A 2V6,416-441-2900,,https://www.citicollege.ca/,"Education, Healthcare, Business, IT",True,74876688-a995-4364-af9c-9f776ae27714,2026-01-10T13:15:05.667793+00:00,excel_import
"City College Of Business, Health & Technology",college,ON,Toronto,370 Deerhide Crescent,M9M 2Z2,14162408080,,https://ctycollege.com/,"Education, Community, Business, IT, Childcare, Arts",True,2778c63b-9a89-45d0-9a36-2fdafa226d57,2026-01-10T13:15:05.668813+00:00,excel_import
Cj Health Care College Inc.,college,ON,Toronto,1371 Neilson Road,M1B 4Z8,14164225900,,http://www.cjcollege.com/,,True,d6e581e9-1300-47de-a4ae-6681f01a081d,2026-01-10T13:15:05.671428+00:00,excel_import
Clinchcm Inc.,training_provider,ON,Toronto,44 Clairtrell Road,M2N 5J6,416-639-2051,,https://clinchcm.com/,"Education, Healthcare, Community, IT, Logistics, Dental",True,5dad9813-38d6-45a2-ad63-e8af1be95738,2026-01-10T13:15:05.672509+00:00,excel_import
Cmu College Of Makeup Art & Design,college,ON,Toronto,110 Lombard Street,M5C 1M3,14169686739,info@aosteocollege.com; admissions@aosteocollege.com,http://www.cmucollege.com/,"Education, IT, Beauty, Arts",True,8e315739-278c-4e65-8525-6e81e7c38ba1,2026-01-10T13:15:05.673574+00:00,excel_import
"Computek College Of Business, Healthcare & Technology",college,ON,Toronto,400-2425 Eglinton Avenue East,M1K 5G8,14163219911,,http://www.computek.edu/,"Education, Healthcare, Business, IT, Childcare, Security",True,c1010bbe-e015-4efe-9655-ed5f0a493c8e,2026-01-10T13:15:05.674617+00:00,excel_import
Dan Robert College Of Health Care,college,ON,Toronto,317-3089 Bathurst St.,M6A 2A4,14166588779,,https://www.danrobertcollege.com/,"Healthcare, Community, IT",True,7a2a3b4a-4aca-4076-a01f-945af7188112,2026-01-10T13:15:05.675641+00:00,excel_import
Dance Arts Institute,training_provider,ON,Toronto,585 Dundas St. E,M5A 2B7,14169676887,hcr@mearie.ca; MEARIEretirementplan@mearie.ca; energyjobsearch@mearie.ca; benefits@mearie.ca; training@mearie.ca; insurance@mearie.ca; claims@mearie.ca,http://danceartsinstitute.ca/,"Education, IT",True,03d6dec1-1b4f-403a-9bcb-837d2ee0366b,2026-01-10T13:15:05.676670+00:00,excel_import
Elementary Teachers Federation Of Ontario,training_provider,ON,Toronto,136 Isabella Street,M4Y 0B5,416-962-3836,,http://etfo.ca/,Healthcare,True,0f0fa0f8-130f-4b13-9ca9-1a2d63994e23,2026-01-10T13:15:05.677706+00:00,excel_import
Esther Myers Yoga Studio,training_provider,ON,Toronto,203-390 Dupont Street,M5R 1V9,14169440838,,https://estheryoga.com/,"Education, IT",True,4d291508-81a1-4dd2-aedb-d7b143d9d9c6,2026-01-10T13:15:05.678742+00:00,excel_import
Evergreen College - Toronto,college,ON,Toronto,402-67 Yonge Street,M5E 1J8,14163650505,,https://www.evergreencollege.com/,"Education, Environment",True,60e3bf59-5ba7-4ecc-a69d-ea591750adb9,2026-01-10T13:15:05.679781+00:00,excel_import
Exam Success,training_provider,ON,Toronto,29 Hillcrest Drive,M6G 2E2,416.843.4357,,http://www.examsuccess.ca/,"Education, Healthcare, IT, Security, Legal",True,c24fecb7-7960-457b-8a61-444c9c6a9090,2026-01-10T13:15:05.680823+00:00,excel_import
Advocis,training_provider,ON,Toronto,600-10 Lower Spadina Avenue,M5V 2Z2,14164445251,,https://www.advocis.ca/,IT,True,7671ffa4-c65f-46f4-bedc-9d76c674f3be,2026-01-10T13:15:05.681950+00:00,excel_import
Foran Financial Consultants Ltd.,training_provider,ON,Toronto,600-110 Yonge Street,M5C 1T4,14169471922,,http://www.foranfinancial.com/,"Education, Business, IT",True,0dc41329-aa0b-4bc9-8503-02f8a8605ef7,2026-01-10T13:15:05.683458+00:00,excel_import
Friendly Truck Driving School,training_provider,ON,Toronto,9 - 850 Tapscott Road,M1X 1N4,14162919075,,https://www.friendlydrive.com/,,True,d6a2723a-6aec-4815-bccb-5e386ed2941e,2026-01-10T13:15:05.684827+00:00,excel_import
General Welding School Ltd.,training_provider,ON,Toronto,3585 Keele Street,M3J 3H5,14163984427,,http://www.generalweldingschoolltd.com/,"Education, Healthcare, Trades, IT, Arts",True,14c983f0-e942-4d1a-8eca-4fd2a5744420,2026-01-10T13:15:05.686065+00:00,excel_import
Global School Of Corporate Excellence,training_provider,ON,Toronto,Unit 308 100 Richmond St W,M5H 3K6,647-325-6678,info@northernacademy.ca,www.gsce.ca,"Education, Healthcare, IT",True,650f5915-329e-4f2f-b874-f1faad28ef99,2026-01-10T13:15:05.687158+00:00,excel_import
Goethe-Institut Canada Inc.,training_provider,ON,Toronto,201-100 University Ave  North Tower,M5J 1V6,(416) 593-5145,,http://www.goethe.de/toronto,"Education, Healthcare, IT",True,5ebe129c-e82d-446a-95df-da2fcb5343cc,2026-01-10T13:15:05.688210+00:00,excel_import
Hi* Mark Occupational Skills Training Centre Ltd. - Toronto,training_provider,ON,Toronto,92 Brydon Drive,M9W 4N6,ÃƒÂ‚Ã‚Â 1-877-444-6275,admin@ontariofireacademy.com,https://himark.ca/,"Education, Healthcare, Trades, Business, IT, Childcare, Arts",True,dda47cda-378c-45eb-88d9-5e21529d6fce,2026-01-10T13:15:05.689767+00:00,excel_import
Ilac International College - On,college,ON,Toronto,920 Yonge Street,M4W 3C7,(647) 371-5533,,https://ilacinternationalcollege.com/,"Education, Healthcare, Business, IT, Arts",True,b9b960e2-f120-47f2-870b-0916c4f96170,2026-01-10T13:15:05.691178+00:00,excel_import
Institute Of Corporate Directors,training_provider,ON,Toronto,2701-250 Yonge Street,M3B 2L7,1-877-593-7741,,https://www.icd.ca/,Education,True,eef65057-bbf9-49e7-a65f-8257b748abbf,2026-01-10T13:15:05.692516+00:00,excel_import
Institute Of Technical Trades Ltd.,training_provider,ON,Toronto,1320 Ellesmere Road,M1P 2X9,14167501950,admin@otta.ca,https://www.instituteoftechnicaltrades.com/,"Education, Trades, IT, Childcare",True,eea636c1-d605-42d9-bd72-daad68f7ea7b,2026-01-10T13:15:05.693848+00:00,excel_import
International Institute Of Travel,training_provider,ON,Toronto,402-120 Carlton Street,M5A 4K2,(416) 924-2271,info@homeopathycanada.com,www.iitravel.com,"Education, Healthcare, Business, IT, Childcare, Culinary, Arts",True,f7ee9de2-577b-4dfe-bc98-bf34aae67ac9,2026-01-10T13:15:05.695186+00:00,excel_import
Jay'S Professional Truck Training Centre,training_provider,ON,Toronto,589 Middlefield Road,M1V 4Y6,14162999638,info@peelcollege.com; international@peelcollege.com,http://jaystrucktraining.ca/,"Education, IT, Logistics",True,b4ff1890-d6b6-4e79-9210-f8e2575b723d,2026-01-10T13:15:05.696655+00:00,excel_import
Kikkawa College,college,ON,Toronto,2340 Dundas Street West,M6P 4A9,416-762-4857 Ext. 235,info@pilatesprocess.ca; vancouver@pilatesprocess.ca,https://ictschools.com/,"Education, Healthcare, Community, Business, IT, Beauty, Arts",True,ddc7594f-255f-4894-9525-5d8d5787b9ca,2026-01-10T13:15:05.698024+00:00,excel_import
Law Society Of Ontario,training_provider,ON,Toronto,130 Queen Street West,M5H 2N6,(800) 668-7380,info@prepdoctors.ca,http://lso.ca/,,True,81d4e8e8-d590-4adf-929a-37703c02e93f,2026-01-10T13:15:05.699353+00:00,excel_import
Learnedly Canada Inc.,training_provider,ON,Toronto,23 Twenty Eighth St.,M8W 2Y5,(416) 356-3474,,https://learnedly.com/,"Education, Healthcare, Business, IT",True,37a121d6-c003-4558-85eb-4611e4624afc,2026-01-10T13:15:05.700709+00:00,excel_import
Lifespace,training_provider,ON,Toronto,78 Constance Street,M6R 1S6,(647) 951-8636,,https://www.safespace.ca/,,True,bb30905d-4435-471a-9e08-3f3a3029aec9,2026-01-10T13:15:05.702024+00:00,excel_import
Lighthouse Labs - Toronto,training_provider,ON,Toronto,662 King Street West,M5V 1M7,(888) 569-6898,info@ptcollege.com,http://lighthouselabs.ca/toronto?utm_source=google&utm_medium=organic&utm_campaign=gmb&utm_content=toronto,Other,True,6273f36f-c388-4194-b9b3-5305825645ce,2026-01-10T13:15:05.703341+00:00,excel_import
St. Ann Continuing Education Centre,training_provider,MB,Ste Anne,34 Centrale Ave,R5H 1C1,204-422-5627,,https://alc.srsd.ca/,,True,db768b3f-5551-4743-b4ca-aae7704adf2d,2026-01-10T13:15:05.704596+00:00,excel_import
Lippert Music Centre Inc.,training_provider,ON,Toronto,970 Pape Avenue,M4K 3V7,(416) 425-9933,info@ptcollege.com,https://www.lippertmusic.com/,"Education, IT, Childcare, Arts",True,66d19c71-33f8-4154-a7d5-7928669b660b,2026-01-10T13:15:05.705953+00:00,excel_import
Listeneru Inc.,training_provider,ON,Toronto,220 Lesmill Road,M3B 2T5,,info@ptcollege.com,http://www.listeneru.com/,,True,910d52a5-23b0-46ab-a56b-1f2a01a17b9a,2026-01-10T13:15:05.707302+00:00,excel_import
Lsc International College Ltd.,college,ON,Toronto,124 Eglinton Avenue West,M4R 2G8,(647) 371-5533,,https://ilacinternationalcollege.com/,"Education, Healthcare, Business, IT, Arts",True,c601943e-9375-4f76-9eb5-2a0fc5778d2d,2026-01-10T13:15:05.708635+00:00,excel_import
"Stanford International College Of Business & Technology
- Mississauga",college,ON,MISSISSAUGA,1011 Eglinton Avenue,L4W 1KY,(905) 789-0666,,http://www.scbt.ca/,"Education, Healthcare, Business, IT, Childcare",True,590fffb9-8835-4e3b-8b69-4a17c01409fc,2026-01-10T13:15:05.709975+00:00,excel_import
Lumiq Inc.,training_provider,ON,Toronto,325 Front Street W #400,M5V 2Y1,(800) 492-0354,,https://lumiqlearn.com/,"Education, IT, Arts",True,1767e112-a32e-4dc6-8e8f-bb4b9b30bf04,2026-01-10T13:15:05.711291+00:00,excel_import
LycÃ£ÂƒÂÂ‰E FranÃ£ÂƒÂÂ‡Ais De Toronto,training_provider,ON,Toronto,2327 Dufferin Street,M6E 3S5,(416) 924-1789,info@rscc.ca,http://www.lft.ca/,"Healthcare, IT",True,fd04a9b6-1991-4a76-8fdf-1ee146dcca2e,2026-01-10T13:15:05.712622+00:00,excel_import
"Max The Mutt College Of Animation, Art & Design",college,ON,Toronto,201-2944 Danforth Avenue,M4C 1M5,(416) 703-6877,INFO@SPAO.CA,http://mtmcollege.ca/,"Healthcare, Arts",True,81cd2021-4996-4870-a7b7-463cb5b7a8e3,2026-01-10T13:15:05.713954+00:00,excel_import
Metrocare Health Academy,training_provider,ON,Toronto,208-6464 Yonge Street,M2M 3X4,(647) 352-8668,,http://www.metrocarehealth.ca/,"Education, Healthcare, IT, Arts",True,ed190cf1-9492-47ec-b810-bb08c7a9409d,2026-01-10T13:15:05.715267+00:00,excel_import
Medicine Science Train Centre,training_provider,ON,Toronto,207-885 Don Mills RD,M3C 1V9,(416) 978-6585,filler@godaddy.com,https://temertymedicine.utoronto.ca/,"Education, Healthcare, Business",True,8ee7cb5c-8511-42bd-9f53-53ea0a5a0a1e,2026-01-10T13:15:05.716638+00:00,excel_import
Montessori Teachers College,college,ON,Toronto,12 Bannockburn Avenue,M5M 2M8,(416) 640-1565,,https://www.montessoriteacherscollege.com/,"Education, IT, Childcare",True,7f220116-ad66-4c80-a56a-5ec6c6e43224,2026-01-10T13:15:05.717982+00:00,excel_import
Mortgage Professionals Canada,training_provider,ON,Toronto,401-2005 Sheppard Avenue East,M2J 5B4,(888) 442-4625,,https://mortgageproscan.ca/,"Education, IT, Arts, Real Estate",True,76aa31e7-85c4-4cfc-a4e9-cda9e7d228d6,2026-01-10T13:15:05.719302+00:00,excel_import
National Academy Of Osteopathy,training_provider,ON,Toronto,375 Canarctic Drive,M3J 2P9,(416) 635-6550,,http://www.nationalacademyofosteopathy.com/,"Education, Healthcare, IT",True,9ca0adef-03f9-4f12-ae74-0025ac83b804,2026-01-10T13:15:05.720630+00:00,excel_import
National Payroll Institute / L'Institut National De La Paie,training_provider,ON,Toronto,250 Bloor Street East,M4W 1E6,(416) 487-3380,ecolesucces@rogers.com,http://www.payroll.ca/,"Education, Business, IT, Arts",True,24bcfc5b-85ae-4d8b-aca6-f9ce88812e82,2026-01-10T13:15:05.721962+00:00,excel_import
Netplus College Of Information Technology,college,ON,Toronto,3-1891 Kennedy Road,M1P 2L9,(416) 292-0003,,http://www.netpluscollege.com/,,True,72afa3f3-fdf4-473c-a784-6527ce4799cd,2026-01-10T13:15:05.723250+00:00,excel_import
New Earth College For Natural Healing Sciences,college,ON,Toronto,347 Jane Street,M6S 3Z3,,clinic@sutherland-chan.com; admissions@sutherland-chan.com,http://newearthcollege.org/,"Healthcare, IT",True,257ee02e-7253-495a-8d82-f608c5c21b2a,2026-01-10T13:15:05.724578+00:00,excel_import
"New Skills College Of Health, Business & Technology",college,ON,Toronto,1500 Birchmount Road,M1P 2G5,(416) 269-2666,,http://www.newskillscollege.ca/,,True,7183c40a-e99e-4fed-abb5-ca474ffbd9b1,2026-01-10T13:15:05.725910+00:00,excel_import
Nigel Walker Wellness Inc.,training_provider,ON,Toronto,36 Lisgar Street,M6J 0C7,(416) 707-7122,info@taond.com,https://www.reneewalkerwellness.com/,"Education, IT, Arts",True,f7898b77-a2c5-41fe-82cb-7efca33727b7,2026-01-10T13:15:05.727272+00:00,excel_import
North American College Of Information Technology,college,ON,Toronto,730 Yonge Street,M4Y 1B7,(416) 960-6024,,http://nacollege.ca/,"Education, Healthcare, Community, Business, IT, Arts",True,eaf25c02-29d8-40e8-acb4-4afc7cff3fa6,2026-01-10T13:15:05.728686+00:00,excel_import
North American School Of Information Technology,training_provider,ON,Toronto,207-2500 Lawrence Avenue East,M1P 2R7,(647) 812-2110,,https://nasitcollege.ca/,"Education, Healthcare, Community, Business, IT, Culinary",True,52b1ad7f-77a2-4d14-8659-40dbd7912911,2026-01-10T13:15:05.729901+00:00,excel_import
North York Suzuki School Of Music,training_provider,ON,Toronto,6-15 Lesmill Road,M3B 2T3,(416) 222-5315,info@cfhu.org,http://www.northyork-suzuki.com/,"Healthcare, Childcare",True,51500bba-1378-4afd-adc3-84ba0aebfc94,2026-01-10T13:15:05.731002+00:00,excel_import
Octopus' Garden Yoga Centre Inc.,training_provider,ON,Toronto,967 College Street (Upstairs),M6H 1A6,,,https://www.octopusgarden.yoga/,"Education, Business, IT",True,a3ef8bde-2076-4252-b105-2f7730908c47,2026-01-10T13:15:05.732128+00:00,excel_import
Oliver Publishing Inc.,training_provider,ON,Toronto,Suite 800 151 Bloor Street West,M5S 1S4,(800) 238-0377,orderstoronto@torah-umesorah.org; tct@torah-umesorah.org,http://www.oliverslearning.com/,"Education, IT",True,2fea643e-8c63-4042-b530-4e818afdcb3f,2026-01-10T13:15:05.733208+00:00,excel_import
Ontario Association Of Jungian Analysts,training_provider,ON,Toronto,14 Elm Street,M5G 1G7,(416) 961-9767,,http://oaja.ca/,"Education, Community, IT",True,0915988f-6bda-48b3-8fda-baf3fe8b4385,2026-01-10T13:15:05.734302+00:00,excel_import
Ontario College Of Homeopathic Medicine,college,ON,Toronto,209-1245 Danforth Avenue,M4J 5B5,(416) 535-5995,registrar@theschoolofdance.ca; aide@theschoolofdance.ca; physiopam@gmail.com,http://www.ochm.ca/,"Education, Healthcare, Community, IT, Arts",True,58330b62-bc85-4b8e-9570-d3a99443542f,2026-01-10T13:15:05.735390+00:00,excel_import
Ontario Library Service,training_provider,ON,Toronto,1504-1 Yonge Street,M5E 1E5,(800) 387-5765,toptruckdrivingschool@outlook.com,http://olservice.ca/,"Education, Business, IT, Arts",True,abc96b5c-5078-4650-9958-8bcf1128db44,2026-01-10T13:15:05.736470+00:00,excel_import
Ontario Principals' Council,training_provider,ON,Toronto,2700-20 Queen Street West,M5H 3R3,(416) 322-6600,,https://www.principals.ca/,"Education, Healthcare, IT, Childcare",True,b9626360-c440-44ad-be7f-3f4d548a6b2e,2026-01-10T13:15:05.737579+00:00,excel_import
Ontario Public Supervisory Officers' Association,training_provider,ON,Toronto,5600-100 King Street West,M5X 1C9,(416) 340-2540,stopemails@torontoacademyofacting.com; register@torontoacademyofacting.com,https://www.opsba.org/,Education,True,21e3c562-a75c-47d3-badc-7902ab627ed8,2026-01-10T13:15:05.738668+00:00,excel_import
Ontario Society Of Professional Engineers,training_provider,ON,Toronto,502-4950 Yonge Street,M2N 6R1,(416) 223-9961,,https://www.ospe.on.ca/,"Education, Healthcare, Business, IT, Arts",True,f964da29-d67c-40ef-9700-a5c8816d1a1f,2026-01-10T13:15:05.739934+00:00,excel_import
Ontesol.Com Inc.,training_provider,ON,Toronto,700-2 Bloor St. West,M4W 3E2,(416) 929-0227,,https://ontesol.com/,"Education, IT, Arts",True,7b40a237-f526-4cd2-bcee-9c9e68fab193,2026-01-10T13:15:05.741078+00:00,excel_import
Osilla Institute For Health Care Personnel Ltd.,training_provider,ON,Toronto,220-4915 Bathurst Street,M2R 1X9,(416) 960-3081,cambridge@torontotruckdrivingschool.com,https://www.osillainstitute.com/,"Education, Healthcare, IT, Culinary, Arts",True,0a347ce1-a3ab-44be-9148-9cd0e5d3d1e5,2026-01-10T13:15:05.742320+00:00,excel_import
Pharmachieve Corporation Ltd.,training_provider,ON,Toronto,1-30 Lesmill Road,M3B 2T5,(888) 727-7672,,https://pharmachieve.com/,"Education, Healthcare, IT, Pharmacy",True,f7510fa2-4106-471c-8f04-03fab0808a70,2026-01-10T13:15:05.743405+00:00,excel_import
Pilates Process Inc.,training_provider,ON,Toronto,456 Danforth Avenue Unit 200,M4K 1P4,(416) 466-7733,,http://www.pilatesprocess.ca/,"Education, IT",True,e5be4d1d-c24e-4ea9-aeda-9b8970cd4ec1,2026-01-10T13:15:05.744465+00:00,excel_import
Pine Valley Driving Academy,training_provider,ON,Toronto,6-81 Kelfield Street,M9W 5A3,(416) 553-8999,,https://www.pinevalleydrivingacademy.ca/,"Education, IT, Logistics",True,00ca2655-6053-4f04-af85-8a9378072f7e,2026-01-10T13:15:05.745518+00:00,excel_import
Pontifical Institute Of Mediaeval Studies,training_provider,ON,Toronto,59 Queen's Park Crescent East,M5S 2C4,(416) 926-7142,,http://pims.ca/,"IT, Beauty",True,c1ded123-0ec8-4037-8de7-a38eb48e8ddf,2026-01-10T13:15:05.746585+00:00,excel_import
Power Engineering Training Services,training_provider,ON,Toronto,609-23 Glebe Road West,M5P 0A1,(416) 898-8088,,https://e-worxtraining.ca/,"Education, Healthcare, IT",True,b7ffa9d3-5de5-4bb7-9991-acb373746df1,2026-01-10T13:15:05.747642+00:00,excel_import
Prime International College Of Health Care And Technology,college,ON,Toronto,304-745 Mt. Pleasant Road,M4S 2N4,(647) 499-1009,,https://primeinternationalcollege.com/,"Education, Healthcare, Community, Trades, IT, Arts, Environment, Pharmacy",True,08f7866a-cbfd-4616-a498-d4ee5a5b2213,2026-01-10T13:15:05.748710+00:00,excel_import
Real Estate And Mortgage Institute Of Canada Inc.,training_provider,ON,Toronto,307-2175 Sheppard Avenue East,M2J 1W8,(877) 447-3642,thorold@local18.ca; local18_info@ubcja.ca,http://remic.ca/,"Education, Real Estate",True,94ee5d09-b870-4fc8-9639-c0cd8a9c95f6,2026-01-10T13:15:05.751070+00:00,excel_import
Royal Canadian College Of Massage Therapy,college,ON,Toronto,220 Lesmill Road,M3B 2T5,(416) 447-7687,info.vpdstudios@gmail.com,http://www.rccmassage.com/,"Education, Healthcare, IT, Childcare, Beauty",True,15cb5dc1-d562-4971-abe5-218bcddd3013,2026-01-10T13:15:05.752130+00:00,excel_import
Scarborough Underwater Club Inc.,training_provider,ON,Toronto,41 Pepper Tree Drive,M1C 1Y5,(416) 283-5222,,https://suci2.ca/,"Education, Community, IT",True,abffaa9a-ddac-4b2e-aaa1-a5f906204637,2026-01-10T13:15:05.753173+00:00,excel_import
"Sheet Metal Workers International Association, Local Union No. 285",training_provider,ON,Toronto,234 Attwell Drive,M9W 5B3,(416) 630-1160,,http://smwia285.ca/,,True,4a9c624c-0ba8-4855-b7a4-75fb4eab324a,2026-01-10T13:15:05.754362+00:00,excel_import
Shomrim Laboiker Judaic Studies Program,training_provider,ON,Toronto,333 Wilson Avenue,M3H 1T2,(416) 789-0754,,http://shomrimlaboikerjsp.com/,"Education, IT, Security, Arts, Legal",True,63e94e15-613b-48f0-9649-cc4aef5518c9,2026-01-10T13:15:05.755416+00:00,excel_import
Society Of Professional Accountants Of Canada (The),training_provider,ON,Toronto,"145 King Street West, Suite 500",M5H 1J8,416-977-3222,,https://www.cpacanada.ca/,,True,7962d0ff-1a07-4f04-8b95-4bf9166717bd,2026-01-10T13:15:05.756540+00:00,excel_import
"Stanford International College Of Business & Technology
- Scarborough",college,ON,Toronto,930 Progress Avenue,M1G 3T5,(416) 383-1608,info@yogaandtea.com,http://www.scbt.ca/,"Education, Healthcare, Business, IT, Childcare",True,ae457c07-dd5b-4795-a81f-a57057664500,2026-01-10T13:15:05.757645+00:00,excel_import
"Stanford International College Of Business & Technology
- Toronto",college,ON,Toronto,25 Scarsdale Road,M3B 2R2,(905) 789-0666,,http://www.scbt.ca/,"Education, Healthcare, Business, IT, Childcare",True,f2e86ebb-0075-4f6f-9dc4-cce3e05f3db2,2026-01-10T13:15:05.758779+00:00,excel_import
Sun & Sea College Of Traditional Chinese Medicine Of Toronto,college,ON,Toronto,1084A Kipling Avenue,M9B 3M2,(416) 388-3799,info@myyogatown.com,http://tcmcanada.com/,,True,0f9f0589-3c6d-475d-960b-b763df344161,2026-01-10T13:15:05.759895+00:00,excel_import
Supply Chain Management Association Of Canada,training_provider,ON,Toronto,2704-1 Dundas Street West,M5G 1Z3,(416) 977-7566,info@indianyoga.ca,https://niscl.ca/,"Education, Healthcare, Business, IT, Logistics, Arts",True,3e8729d1-34a9-46d5-b0ec-bb3561873471,2026-01-10T13:15:05.760979+00:00,excel_import
Supply Chain Management Association Ontario,training_provider,ON,Toronto,2704-1 Dundas Street West,M5G 1Z3,(416) 977-7566,,https://niscl.ca/,"Education, Healthcare, Business, IT, Logistics, Arts",True,7e4dfea6-fa31-49f9-8950-7dbb438483a6,2026-01-10T13:15:05.762050+00:00,excel_import
Sutherland-Chan School Of Massage Therapy,training_provider,ON,Toronto,15 Gervais Drive Office 308,M3C 1Y8,(416) 924-1107,empcentre2425@ywcatoronto.org; wec3090@ywcatoronto.org; INFO@YWCATORONTO.ORG,http://sutherland-chan.com/,Other,True,5958e650-a70a-4c20-8fa6-9111e427afc5,2026-01-10T13:15:05.763102+00:00,excel_import
Tan Jai Advanced Therapeutic College,college,ON,Toronto,152 Duncairn Road,M3B 1E2,(416) 924-6221,,http://www.tati.on.ca/,"Education, Healthcare, IT, Arts",True,c1c303b4-9bd8-4bf8-b60e-545c2da4b80c,2026-01-10T13:15:05.764157+00:00,excel_import
The Association For Media Literacy,training_provider,ON,Toronto,35 Glenridge Road,M1M 1A9,(416) 218-0010,,http://literacy.ca/,,True,0e351af5-809e-48c9-81be-9d96f5de067a,2026-01-10T13:15:05.765200+00:00,excel_import
The Canadian Friends Of Ohr Somayach-Tanenbaum Centre- College Of Judaic Studies,college,ON,Toronto,360 Spadina Road,M5P 2V4,(416) 485-8000,,http://cfhu.org/,Other,True,73f28cc0-7a19-454b-ab70-d412b02fa4ec,2026-01-10T13:15:05.766249+00:00,excel_import
The College Of Sports Media Inc.,college,ON,Toronto,115 George Street,M5A 2N4,(855) 880-0403,,http://www.collegeofsportsmedia.com/,"Education, Healthcare, IT",True,f8aace08-2955-4900-ab03-6d56ece86162,2026-01-10T13:15:05.767301+00:00,excel_import
The Create Institute,training_provider,ON,Toronto,725 College Street  PO Box 31046,M6G 4A7,(416) 539-9728,,http://www.thecreateinstitute.org/,"Education, Healthcare, Business, IT, Arts",True,fb4a14fa-f82b-4ad3-a8ae-d27aff3fff58,2026-01-10T13:15:05.768379+00:00,excel_import
The Flying Yogi Inc.,training_provider,ON,Toronto,007-245 Carlaw Avenue,M4M 2S1,(647) 969-8152,,http://theflyingyogi.ca/,,True,9ead8e2c-723e-4433-b6ca-3955a535da07,2026-01-10T13:15:05.769439+00:00,excel_import
The Glenn Gould School Of The Royal Conservatory Of Music,training_provider,ON,Toronto,273 Bloor Street West,M5S 1W2,(416) 408-2824,,https://www.rcmusic.com/,"Education, Healthcare, IT, Arts",True,c5afc916-4719-41a1-99aa-b9e0db53c889,2026-01-10T13:15:05.770495+00:00,excel_import
The Glenn Gould School Of The Royal Conservatory Of Music,training_provider,ON,Toronto,273 Bloor Street West,M5S 1W2,(416) 408-2824,,https://www.rcmusic.com/,"Education, Healthcare, IT, Arts",True,e37d4e08-afda-4430-8caa-4d4db8719764,2026-01-10T13:15:05.771543+00:00,excel_import
The Institute Of Torah Education,training_provider,ON,Toronto,567 Lawrence Avenue,M6A 1A5,(647) 352-7900,,http://tutoronto.org/,"Education, Business, IT",True,b2fe8884-c2ac-4fd0-9eaa-9a23b7989d92,2026-01-10T13:15:05.772593+00:00,excel_import
The Language Studio,training_provider,ON,Toronto,112 Elizabeth Street,M5G 1P5,519-763-8806,contact@language-studio.com,https://language-studio.com/,,True,cffae064-b4b3-44d5-9996-4e8cad66a0be,2026-01-10T13:15:05.773617+00:00,excel_import
The Learning Enrichment Foundation,training_provider,ON,Toronto,116 Industry Street,M6M 4L8,(416) 769-0830,,https://lefca.org/,"Education, Healthcare, Community, IT, Childcare, Beauty",True,b655d442-78e4-4cd5-9c0f-045d68be10c0,2026-01-10T13:15:05.774651+00:00,excel_import
The Ontario English Catholic Teachers' Association,training_provider,ON,Toronto,400-65 St-Clair Avenue E,M4T 2Y8,(416) 925-2493,,https://www.catholicteachers.ca/,"Education, Business, IT, Arts",True,221f5a17-0a3c-499a-b8e7-dc87cf93f242,2026-01-10T13:15:05.775678+00:00,excel_import
St. Philip'S Seminary,training_provider,ON,Toronto,1372 King Street W,M6K 1H3,(416) 532-2879,,https://oratory-toronto.org/st-philips-seminary/,"Education, IT",True,37bb404b-9008-4a34-9c0b-94dd81c1c8ba,2026-01-10T13:15:05.776727+00:00,excel_import
The Toronto Cheder,training_provider,ON,Toronto,475 Patricia Avenue,M2R 2N1,(416) 636-2987,,https://torontocheder.org/,Other,True,a3c268b3-5496-4b10-92c4-a72fda3bc554,2026-01-10T13:15:05.777753+00:00,excel_import
The Wellness Path,training_provider,ON,Toronto,1153 Lansdowne Avenue,M6H 3Z7,(416) 219-3642,,https://www.happypathhealing.com/courses,"Education, Community, Business, IT",True,f29914c0-1475-4598-9319-b88a5de1af3a,2026-01-10T13:15:05.778816+00:00,excel_import
Toronto Academy Of Acting For Film & Television Inc.,training_provider,ON,Toronto,219 Dufferin Street,M6K 3J1,(416) 536-8574,,https://torontoacademyofacting.com/,"Education, Healthcare, IT, Childcare, Arts, Manufacturing",True,a4537582-dc45-4dbc-ab81-18806d113a10,2026-01-10T13:15:05.779858+00:00,excel_import
Toronto Business College,college,ON,Toronto,208-4465 Sheppard Avenue East,M1S 5H9,(416) 291-5155,,http://www.tbcollege.com/,"Education, Business, IT, Childcare",True,e73052e6-305e-4f5d-b8f7-171eabaae097,2026-01-10T13:15:05.780891+00:00,excel_import
Toronto Center For Training In Psychotherapy,training_provider,ON,Toronto,21 Randolph Avenue #200,M6P 4G4,(416) 964-7919,,http://ctp.net/,"Education, Healthcare, Business, IT, Beauty, Arts",True,edd33b71-e1aa-4216-92b3-ad1ac6c637eb,2026-01-10T13:15:05.781927+00:00,excel_import
Toronto French School Inc.,training_provider,ON,Toronto,306 Lawrence Avenue E,M4N 1T7,(416) 484-6533,,http://www.tfs.ca/,"Community, IT",True,2bd43156-24ba-4a9e-8ac6-c3f27eb55027,2026-01-10T13:15:05.783392+00:00,excel_import
Toronto Health School,training_provider,ON,Toronto,2-150 Duncan Mill Road Suite 3 Inside the Village Hive,M3B 3M4,(416) 636-1088,,http://www.torontohealthschool.com/,"Education, Healthcare, IT, Arts",True,eba1b29e-0cca-4fbb-ace3-b8c3e95b6e08,2026-01-10T13:15:05.784950+00:00,excel_import
Toronto Institute Of Data Science And Technology,training_provider,ON,Toronto,500-80 Bloor Street West,M5S 2V1,,,https://datasciences.utoronto.ca/,"Education, Community, IT",True,3092c42b-ddba-4364-8e1b-12fe49431f3b,2026-01-10T13:15:05.786372+00:00,excel_import
Toronto Institute Of Group Studies,training_provider,ON,Toronto,166 Howland Avenue,M6G 2T9,(416) 964-9464,,http://gestalt.on.ca/,,True,aaee63f4-416b-41bb-8e01-abd49b569967,2026-01-10T13:15:05.787709+00:00,excel_import
Toronto Institute Of Psychoanalysis,training_provider,ON,Toronto,40 St Clair Avenue E #203,M4T 1M9,(416) 922-7770,,https://torontopsychoanalysis.com/,"Education, Healthcare, Community, IT",True,661c04c9-400d-4e0b-b9d8-a2fcb0684418,2026-01-10T13:15:05.789040+00:00,excel_import
"Bay College Of Health, Business And Technology",college,ON,Toronto,208-1110 Sheppard Avenue East,M2K 2W2,(416) 800-8281,,http://www.bayc.ca/,"Education, Healthcare, IT, Arts",True,7dee39f4-188b-489c-8db5-d09546411441,2026-01-10T13:15:05.790350+00:00,excel_import
Toronto School Of Management,training_provider,ON,Toronto,300-22 College Street,M5G 1K2,(416) 800-2204,,https://www.torontosom.ca/,"Education, Healthcare, Business, IT, Arts",True,6c220812-05de-4e04-b061-e02fce1526cc,2026-01-10T13:15:05.793305+00:00,excel_import
Toronto School Of The Alexander Technique,training_provider,ON,Toronto,210-620 Wilson Avenue,M3K 1Z3,(416) 631-8127,,http://www.alexandertechnique.ca/,"Education, IT",True,152391f5-b553-45c3-9efa-b946e895973f,2026-01-10T13:15:05.794609+00:00,excel_import
Toronto School Of Traditional Chinese Medicine,training_provider,ON,Toronto,433-700 Lawrence Avenue W.,M6A 3B4,(416) 782-9682,,http://www.tstcm.com/,Education,True,c2b4379d-ccc6-4f4a-bfbd-b928c1bbeaac,2026-01-10T13:15:05.795758+00:00,excel_import
Transport Training Centres Of Canada Inc. - London,training_provider,ON,London,2-1020 Adelaide,N6N 1R6,(519) 686-6229,,https://ttcc.ca/london,"Education, Healthcare, IT, Logistics",True,c3cb4118-0b24-42d4-b6e6-d9f7ba73d0f4,2026-01-10T13:15:05.796989+00:00,excel_import
Transport Training Centres Of Canada Inc. - Mississauga,training_provider,ON,Mississauga,8-1650 Dundas St E,L4X 2Z,(905) 673-7200,,https://canadiantrucktraining.com/,"Education, IT, Logistics, Arts",True,96251da3-0123-40ff-9e6c-d5487f99bdcc,2026-01-10T13:15:05.798186+00:00,excel_import
Toronto Society Of Financial Analysts,training_provider,ON,Toronto,2205-120 Adelaide Street West,M5H 1T1,(416) 366-5755,,http://www.cfatoronto.ca/,"Healthcare, Community, IT, Arts",True,993c7533-0bc7-421a-8c58-ee20c0c5613b,2026-01-10T13:15:05.799289+00:00,excel_import
Transformational Arts International Inc.,training_provider,ON,Toronto,301-3300 Yonge Street,M4N 2L6,(416) 484-0454,,https://www.transformationalarts.ca/,"Education, Healthcare, IT, Arts",True,29d348d0-03a6-4082-9e9c-0e0a497f25a3,2026-01-10T13:15:05.800387+00:00,excel_import
Travel College Canada,college,ON,Toronto,27 Thirty First Street,M8W 3E7,(416) 924-2271,,http://www.iitravel.com/,"Education, Healthcare, Business, IT, Childcare, Culinary, Arts",True,26062dc0-0237-43a4-9acb-2068ee347c09,2026-01-10T13:15:05.801583+00:00,excel_import
Trebas Institute,training_provider,ON,Toronto,543 Yonge Street West 3th Floor,M4Y 1Y5,,,http://trebasinstitute.org/,,True,2db66c95-823f-4f4b-b499-91757dac222e,2026-01-10T13:15:05.802873+00:00,excel_import
Trontario Truck Driving School,training_provider,ON,Toronto,LL16-2300 Sheppard Avenue West,M9M 3A4,(647) 430-7175,,http://www.trontariotruckschool.com/,"Education, IT, Childcare, Logistics",True,f67cf4ac-795b-4bdd-96fd-e23deb79cdc3,2026-01-10T13:15:05.804090+00:00,excel_import
Union Yoga And Wellness,training_provider,ON,Toronto,956 Bloor Street W.,M6H 1L6,(416) 516-0909,,http://www.unionyogastudio.ca/,,True,649389ad-9bd3-47fe-b612-1e5025dcc3fd,2026-01-10T13:15:05.805274+00:00,excel_import
De Souza Institute,training_provider,ON,Toronto,200 Elizabeth Street,M5G 2C4,(844) 758-6891,,https://www.desouzainstitute.com/,"Education, Business, IT, Arts",True,6cd67a20-d724-4fc8-a5c1-4bf977b888e3,2026-01-10T13:15:05.806382+00:00,excel_import
Canadian College Of Higher Studies,college,ON,Toronto,108-705 Progress Avenue,M1H 2X1,(416) 489-8946,,http://uwinpro.com/,,True,4a64667b-6ae0-4721-b5fa-0de426ed5ca9,2026-01-10T13:15:05.807490+00:00,excel_import
"West Coast College Of Massage Therapy Inc. - New
Westminster",college,ON,Toronto,2-427 Eglinton Avenue West,M5N 1A4,(604) 520-1830,,https://collegeofmassage.com/new-westminster/,"Education, Healthcare, IT, Beauty, Arts",True,f8c7e5d6-fe80-46e5-9019-2523fc6226e2,2026-01-10T13:15:05.808663+00:00,excel_import
West Coast College Of Massage Therapy Inc. - Victoria,college,ON,Toronto,2-427 Eglinton Avenue West,M5N 1A4,(250) 381-9800 ext. 221,,http://collegeofmassage.com/victoria,"Education, Healthcare, IT, Beauty, Arts",True,a354752a-9f4d-49a0-8e4d-229bc1a45d7f,2026-01-10T13:15:05.809798+00:00,excel_import
Western College Of Remedial Massage Therapies Inc.,college,ON,Toronto,35 Glenridge Road,M1M 1A9,(306) 757-2242,,https://www.westerncollege.ca/,"Education, Healthcare, IT, Beauty",True,647477c4-bafb-4376-91d4-747b19fbe6e3,2026-01-10T13:15:05.810895+00:00,excel_import
"Academy Of Computer & Employment Skills - Toronto, On",training_provider,ON,Toronto,703-55 Eglinton Avenue East,M4P 1G8,(416) 703-7770,,http://www.workingskillscentre.com/,"Education, Business, IT, Logistics, Arts",True,b6b27d49-06ef-4f0e-b621-8612b15f67ee,2026-01-10T13:15:05.811977+00:00,excel_import
Yee Hong Centre For Geriatric Care,training_provider,ON,Toronto,2311 McNicholl Avenue,M1V 5L3,(416) 321-6333,,https://www.yeehong.com/,,True,5bd01e8f-d108-4fd7-8a3e-f1ca5e67edf6,2026-01-10T13:15:05.813113+00:00,excel_import
Yeshiva Gedola Bridgeport Of Canada Foundation,training_provider,ON,Toronto,129 McGillvray Avenue,M5M 2R7,(416) 789-7153,,http://yeshivagedolah.ca/,Childcare,True,62da0271-6ce1-46dc-bdd5-aade649383f2,2026-01-10T13:15:05.814321+00:00,excel_import
Yeshivat Yesodei Hatorah,training_provider,ON,Toronto,77 Glen Rush Avenue,M5N 2T8,(416) 787-1101,,https://yesodeihatorah.ca/,,True,63dee96d-da2d-4a9a-8d3c-72bc6aa2381e,2026-01-10T13:15:05.815502+00:00,excel_import
Yoga Sanctuary Academy Inc.,training_provider,ON,Toronto,95 Danforth Ave,M4K 1N2,(416) 672-0711,,https://yogasanctuaryacademy.ca/contact/,,True,f1b405c8-fc72-4de4-8740-247c7777f57e,2026-01-10T13:15:05.816802+00:00,excel_import
Breathe Yoga Studio,training_provider,ON,Toronto,305-2968 Dundas Street West,M6P 1Y8,,,http://breatheyogastudio.com/,"Education, Healthcare, IT",True,e3939fe2-41b4-48a9-85f7-4ebe65345d7c,2026-01-10T13:15:05.817959+00:00,excel_import
Yogafit Canada Inc.,training_provider,ON,Toronto,898 Danforth Ave.,M4J 1L9,(416) 792-9492,,https://www.yogafit.com/ca/,,True,054d774b-c36d-4874-8a1c-b86e83ed19c0,2026-01-10T13:15:05.819076+00:00,excel_import
Yogaspace Inc.,training_provider,ON,Toronto,148 Ossington Avenue,M6J 2Z5,(416) 530-1622,,http://www.yogaspace.net/,"Education, IT",True,b7b33ac5-d1c1-4128-bb23-1deebb494ed2,2026-01-10T13:15:05.820167+00:00,excel_import
York Construction Academy,training_provider,ON,Toronto,8A-155 Champagne Drive,M3J 2C6,(416) 630-5559,,https://yorkacademy.ca/,"Education, Trades, IT, Childcare, Arts",True,085d668f-7433-45ca-817a-7946f65529a3,2026-01-10T13:15:05.821253+00:00,excel_import
Ywca Education And Training Institute,training_provider,ON,Toronto,300B-3090 Kingston Road,M1M 1P2,(416) 264-5788,,https://www.ywcatoronto.org/,"Education, IT",True,53e0b1b0-5af4-4823-8c79-158d7fcaf9b8,2026-01-10T13:15:05.822348+00:00,excel_import
Canadian Institute Of Reading Recovery C/O Charlton School,training_provider,ON,Vaughan,121 Joseph Arran Blvd,L4J 6J5,(204) 945-4687,admin@greatlakescollege.ca,http://rrcanada.org/contact-reading-recovery/,IT,True,47bfa2e3-e1c5-40c1-b36a-387c0ded7a03,2026-01-10T13:15:05.823510+00:00,excel_import
Captus Institute,training_provider,ON,Vaughan,14&15- 1600 Steeles Avenue West,L4K 2M4,(905) 760-2723,jb.hahn@economical.com; solutionsgroup@contrans.ca,https://www.captus.com/,"Education, IT, Arts",True,4ab2c714-317e-4a75-9603-594427d818eb,2026-01-10T13:15:05.824631+00:00,excel_import
College Of Carpenters And Allied Trades Inc.,college,ON,Vaughan,420 Rowntree Dairy Road,L4L 8H2,(905) 652-5507,info@lcocanada.com,https://www.theccat.ca/,"Education, Trades, IT",True,d3df90fe-18c3-45e4-83f6-dec6c6845082,2026-01-10T13:15:05.825768+00:00,excel_import
Healing Fragrances School Of Aromatherapy,training_provider,ON,Vaughan,151 Hansard Drive,L4H 0V6,(416) 427-2228,,http://www.healingfragrances.net/,"Education, Healthcare, IT",True,5b99b7c2-eb4a-41bb-9a73-475355d8e747,2026-01-10T13:15:05.826894+00:00,excel_import
Institute Of Traditional Medicine Inc.,training_provider,ON,Vaughan,6D - 7398 Yonge St. #1044,L4J 8J2,(416) 238-7359,info@ontesol.com,http://www.ctcmpao.on.ca/,IT,True,3e0ae18e-bf97-4324-894f-ce36b1abd44d,2026-01-10T13:15:05.828021+00:00,excel_import
Ner Israel Yeshiva College,college,ON,Vaughan,250 Barthurst Glen Drive,L4J 8A7,(905) 731-1224,,http://www.neryisroel.info/,IT,True,1773103a-c345-4ff7-bf12-eee6117355c6,2026-01-10T13:15:05.829451+00:00,excel_import
Rudolf Steiner Centre Toronto,training_provider,ON,Vaughan,4-9100 Bathurst Street,L4J 8C7,(905) 764-7570,louise@vendangeinstitute.com,http://www.rscc.ca/,"Education, Healthcare, Business, Arts, Environment",True,bb1b42c1-0226-4106-b0c3-a4350709cbdb,2026-01-10T13:15:05.830718+00:00,excel_import
Skilled Trades College Of Canada Inc.,college,ON,Vaughan,231 Rowntree Dairy Road,L4L 8B8,(905) 264-1412,,https://www.skilledtradescollege.ca/,"Education, Healthcare, Trades, IT, Childcare",True,f8f746b6-152c-484a-8119-8785610e683a,2026-01-10T13:15:05.831855+00:00,excel_import
Stanford International College Of Business & Technology,college,ON,Vaughan,150 Consumers Road,L4J 8K4,(905) 789-0666,info@yeshivagedolah.ca,http://www.scbt.ca/,"Education, Healthcare, Business, IT, Childcare",True,41059877-fd3a-4091-91cf-71c6d3427128,2026-01-10T13:15:05.832975+00:00,excel_import
"Terrazzo, Tile & Marble Trade School Inc.",training_provider,ON,Vaughan,30 Capstan Gate,L4K 3E8,(905) 660-9640,,https://www.ttmac.com/,"Education, IT, Arts",True,3ba04c9b-e264-4e88-9086-a54376bfe623,2026-01-10T13:15:05.834075+00:00,excel_import
The Aesthetics And Hairstyling College Of Canada,college,ON,Vaughan,661 Chrislea Road,L4L 0C4,(905) 851-4884,info@aestheticscollege.ca,https://www.facebook.com/AestheticsandHairstylingCollege/,,True,6221d4e5-7d45-4f4d-84e3-6e3a8a89cd8d,2026-01-10T13:15:05.835160+00:00,excel_import
The Toronto Sephardic Kollel,training_provider,ON,Vaughan,9-441 Clark Avenue,L4J 6W7,(416) 636-5557,,http://www.kollel.ca/,Other,True,5087f894-1f8d-46ae-8fb3-ce6860255103,2026-01-10T13:15:05.836248+00:00,excel_import
Woodbridge School Of Dance,training_provider,ON,Vaughan,"140 Woodbridge Avenue,  Market Lane",L4L 4K9,(905) 851-5511,,http://www.woodbridgedance.com,"Education, IT",True,58efc6d1-785c-4a19-83d5-3ede2f701bf1,2026-01-10T13:15:05.837344+00:00,excel_import
Realizing Your Potential,training_provider,ON,Wasaga Beach,84 White Sands Way,L9Z 0E1,(905) 955-6596,,https://www.alittlebizhelp.com,,True,6ff803f0-d5f7-406a-96ba-b3e02284a173,2026-01-10T13:15:05.838444+00:00,excel_import
Arthur Murray Dance Studio - Waterloo,training_provider,ON,Waterloo,104 King Street South,N2J 1P5,(519) 880-0800,,http://arthurmurraywaterloo.com/,"Education, Business, IT, Arts",True,7e37bf1c-77ff-46cb-9ab8-e19ecab29f05,2026-01-10T13:15:05.839543+00:00,excel_import
Canadian Bowenwork School,training_provider,ON,Waterloo,537 Edenvalley Cres,N2T 1Y2,,,http://www.canadianbowenworkschool.com/,"Education, Healthcare, IT",True,74e24481-4104-474e-81e8-0bf4eb4f5d31,2026-01-10T13:15:05.840624+00:00,excel_import
The Movement Life,training_provider,ON,Waterloo,303-20 Barrel Yards Blvd.,N2L 0C3,,,https://www.themovementlife.com/,"Education, IT",True,7e0f6fc2-340d-4481-b58a-5c295ccc4b47,2026-01-10T13:15:05.842406+00:00,excel_import
Father Fogarty Continuing Education Centre,training_provider,ON,Welland,269 Thorold Road West,L3C 3W1,(905) 734-4495,,https://niagaracontinuingeducation.ca/personal-support-worker-certification,,True,cbf7d40f-92d2-47c4-b83e-c76fb91a1f0c,2026-01-10T13:15:05.843494+00:00,excel_import
Doula Training Canada,training_provider,ON,Whitby,2-105 Consumers Dr. Whitby,L1N 1C4,18772478436,,https://doulatraining.ca/,"Education, Healthcare, IT, Arts",True,97c59fe8-5745-4c63-9606-b6464627897a,2026-01-10T13:15:05.844573+00:00,excel_import
Live With Spirit Yoga & Fitness,training_provider,ON,Whitby,101 Mary Street W #B1,L1N 2R4,(905) 620-1151,info@ptcollege.com,http://www.livewithspirit.ca/,,True,4d790735-d9b6-4127-b3cb-128a699aace5,2026-01-10T13:15:05.845647+00:00,excel_import
Dash Beauty Academy,training_provider,ON,Whitchurch-Stouffville,100-400 Applewood Crescent,L4A 0C3,16476153274,,http://www.dashbeauty.ca/,"Education, IT, Arts",True,c9ba8547-70f1-4256-a01e-a885b83d0895,2026-01-10T13:15:05.846813+00:00,excel_import
"Canadian College Of Health, Science & Technology",college,ON,Windsor,1737 Walker Road N,N8W 3P2,15199771222,,https://canadiancollege-hst.com/,"Education, Healthcare, Business, IT",True,3d50eb76-9be6-43a3-8cfb-3768eb0afaa8,2026-01-10T13:15:05.848044+00:00,excel_import
Academy Truck Driving School,training_provider,ON,Windsor,2700 Central Avenue,N8W 4J5,15199973379,info@flybfc.com,https://academyschool.ca/,"Education, IT, Security, Legal",True,a01e48a7-4ec5-4e02-8fc7-5b0da8aab360,2026-01-10T13:15:05.849302+00:00,excel_import
Great Lakes Technical Training,training_provider,ON,Windsor,6460 Hawthorne Drive,N8T 1J9,(519) 944-4555,,https://www.greatlakescollege.ca/,"Education, Trades, IT",True,499fa0e5-c5ce-4f7a-8f5f-6c00d88c4f5f,2026-01-10T13:15:05.850460+00:00,excel_import
Lms Montessori Teacher Education Program,training_provider,ON,Windsor,13797 Riverside Dr. East,N8N 1B5,(519) 735-5005,,http://www.lakeviewmontessori.ca/,"IT, Childcare",True,c23d43c0-7d47-443e-9ee1-a311975b6924,2026-01-10T13:15:05.851552+00:00,excel_import
New Gen Truck Driving School Ltd,training_provider,ON,Windsor,4355 County Rd 42,N8V 0A2,(519) 739-2333,,,,True,7693d9de-289e-4104-b130-a380d707718d,2026-01-10T13:15:05.852626+00:00,excel_import
Northstar Truck Driving School Ltd.,training_provider,ON,Windsor,5044  Walker Road,N9A 6J3,(519) 737-0444,,http://www.northstartruckdrivingschool.com/,"Education, IT, Logistics, Environment",True,4dd15b49-4e89-42e7-b26d-8571bb4eda6f,2026-01-10T13:15:05.853734+00:00,excel_import
Transport Training Centres Of Canada Inc. Windsor,training_provider,ON,Windsor,6000 Rhodes Drive,N8N 2M1,(519) 251-8222,,https://ttcc.ca/windsor,"Education, Healthcare, IT, Logistics",True,eae6e578-baf5-463c-ba34-4d079861246b,2026-01-10T13:15:05.855591+00:00,excel_import
Windsor Flying Club,training_provider,ON,Windsor,105 - 2600 Airport Road,N8V 1A1,(519) 969-1320,,http://windsorflyingclub.com/,"Education, Healthcare, Community, IT",True,eea82e2d-7158-4f8e-aa0d-fee61387709b,2026-01-10T13:15:05.856660+00:00,excel_import
Windsor Welding Institute,training_provider,ON,Windsor,2710 Meighen Road,N8W 4C8,(519) 945-4423,,,,True,bded303f-51b6-40fb-9b49-5d5bb3891e96,2026-01-10T13:15:05.857935+00:00,excel_import
Allanti Beauty Institute,training_provider,ON,Woodstock,964 Parkinson Road,N4S 7W3,15195378800,,http://allantibeauty.ca/,"Education, IT, Beauty, Arts",True,512496d1-a9af-4662-aecd-e7d22c139346,2026-01-10T13:15:05.859372+00:00,excel_import
The Mckenzie Institute Canada,training_provider,ON,Port Stanley,"238 Frances Street,Â",N5L 1A0,519.521.7579,mckenziecanadamdt@gmail.com,mckenzieinstitutecanada.org,,True,72c33c6a-da8a-4c7a-a457-7cb83ec55726,2026-01-10T13:15:05.861047+00:00,excel_import
